state_name	tag	layer	hero_id	action_hash	association_status
attack_1000	dinner_attack	0	null	null	UNRESOLVED
attack_1000_charge	dinner_attack_charge	0	null	null	UNRESOLVED
attack_1000_prepare	dinner_attack_prepare	0	null	null	UNRESOLVED
attack_1000_recover	dinner_attack_recover	0	null	null	UNRESOLVED
attack_1001	dinner_attack	0	null	null	UNRESOLVED
attack_1001_charge	dinner_attack_charge	0	null	null	UNRESOLVED
attack_1001_prepare	dinner_attack_prepare	0	null	null	UNRESOLVED
attack_1001_recover	dinner_attack_recover	0	null	null	UNRESOLVED
attack_1002	dinner_attack	0	null	null	UNRESOLVED
attack_1002_charge	dinner_attack_charge	0	null	null	UNRESOLVED
attack_1002_prepare	dinner_attack_prepare	0	null	null	UNRESOLVED
attack_1002_recover	dinner_attack_recover	0	null	null	UNRESOLVED
attack_1003	dinner_attack	0	null	null	UNRESOLVED
attack_1003_charge	dinner_attack_charge	0	null	null	UNRESOLVED
attack_1003_prepare	dinner_attack_prepare	0	null	null	UNRESOLVED
attack_1003_recover	dinner_attack_recover	0	null	null	UNRESOLVED
attack_1004	dinner_attack	0	null	null	UNRESOLVED
attack_1004_charge	dinner_attack_charge	0	null	null	UNRESOLVED
attack_1004_prepare	dinner_attack_prepare	0	null	null	UNRESOLVED
attack_1004_recover	dinner_attack_recover	0	null	null	UNRESOLVED
attack_1005	dinner_attack	0	null	null	UNRESOLVED
attack_1005_charge	dinner_attack_charge	0	null	null	UNRESOLVED
attack_1005_prepare	dinner_attack_prepare	0	null	null	UNRESOLVED
attack_1005_recover	dinner_attack_recover	0	null	null	UNRESOLVED
attack_1006	dinner_attack	0	null	null	UNRESOLVED
attack_1006_charge	dinner_attack_charge	0	null	null	UNRESOLVED
attack_1006_prepare	dinner_attack_prepare	0	null	null	UNRESOLVED
attack_1006_recover	dinner_attack_recover	0	null	null	UNRESOLVED
attack_1007	dinner_attack	0	null	null	UNRESOLVED
attack_1007_charge	dinner_attack_charge	0	null	null	UNRESOLVED
attack_1007_prepare	dinner_attack_prepare	0	null	null	UNRESOLVED
attack_1007_recover	dinner_attack_recover	0	null	null	UNRESOLVED
attack_1008	dinner_attack	0	null	null	UNRESOLVED
attack_1008_charge	dinner_attack_charge	0	null	null	UNRESOLVED
attack_1008_prepare	dinner_attack_prepare	0	null	null	UNRESOLVED
attack_1008_recover	dinner_attack_recover	0	null	null	UNRESOLVED
attack_1009	dinner_attack	0	null	null	UNRESOLVED
attack_1009_charge	dinner_attack_charge	0	null	null	UNRESOLVED
attack_1009_prepare	dinner_attack_prepare	0	null	null	UNRESOLVED
attack_1009_recover	dinner_attack_recover	0	null	null	UNRESOLVED
attack_1010_recover	dinner_attack_recover	0	null	null	UNRESOLVED
attack_1011_recover	dinner_attack_recover	0	null	null	UNRESOLVED
attack_1012_recover	dinner_attack_recover	0	null	null	UNRESOLVED
attack_1013_recover	dinner_attack_recover	0	null	null	UNRESOLVED
attack_1014_recover	dinner_attack_recover	0	null	null	UNRESOLVED
attack_1015_recover	dinner_attack_recover	0	null	null	UNRESOLVED
attack_1016_recover	dinner_attack_recover	0	null	null	UNRESOLVED
attack_1017_recover	dinner_attack_recover	0	null	null	UNRESOLVED
attack_1018_recover	dinner_attack_recover	0	null	null	UNRESOLVED
attack_1019_recover	dinner_attack_recover	0	null	null	UNRESOLVED
attack_101_prepare	dinner_attack_prepare	0	null	null	UNRESOLVED
attack_102	dinner_attack	0	null	null	UNRESOLVED
attack_1020_prepare	dinner_attack_prepare	0	null	null	UNRESOLVED
attack_1021_prepare	dinner_attack_prepare	0	null	null	UNRESOLVED
attack_1022_prepare	dinner_attack_prepare	0	null	null	UNRESOLVED
attack_1023_prepare	dinner_attack_prepare	0	null	null	UNRESOLVED
attack_1024_prepare	dinner_attack_prepare	0	null	null	UNRESOLVED
attack_1025_prepare	dinner_attack_prepare	0	null	null	UNRESOLVED
attack_1026_prepare	dinner_attack_prepare	0	null	null	UNRESOLVED
attack_1027_prepare	dinner_attack_prepare	0	null	null	UNRESOLVED
attack_1028_prepare	dinner_attack_prepare	0	null	null	UNRESOLVED
attack_1029_prepare	dinner_attack_prepare	0	null	null	UNRESOLVED
attack_102_charge	dinner_attack_charge	0	null	null	UNRESOLVED
attack_102_prepare	dinner_attack_prepare	0	null	null	UNRESOLVED
attack_1030	dinner_attack	0	null	null	UNRESOLVED
attack_1030_recover	dinner_attack_recover	0	null	null	UNRESOLVED
attack_103_charge	dinner_attack_charge	0	null	null	UNRESOLVED
attack_103_recover	dinner_attack_recover	0	null	null	UNRESOLVED
attack_105_prepare	dinner_attack_prepare	0	null	null	UNRESOLVED
attack_105_recover	dinner_attack_recover	0	null	null	UNRESOLVED
attack_106_charge	dinner_attack_charge	0	null	null	UNRESOLVED
attack_106_recover	dinner_attack_recover	0	null	null	UNRESOLVED
attack_107	dinner_attack	0	null	null	UNRESOLVED
attack_1070_charge	dinner_attack_charge	0	null	null	UNRESOLVED
attack_1070_prepare	dinner_attack_prepare	0	null	null	UNRESOLVED
attack_1071_charge	dinner_attack_charge	0	null	null	UNRESOLVED
attack_1071_prepare	dinner_attack_prepare	0	null	null	UNRESOLVED
attack_1072_charge	dinner_attack_charge	0	null	null	UNRESOLVED
attack_1072_prepare	dinner_attack_prepare	0	null	null	UNRESOLVED
attack_1073_charge	dinner_attack_charge	0	null	null	UNRESOLVED
attack_1073_prepare	dinner_attack_prepare	0	null	null	UNRESOLVED
attack_1074_charge	dinner_attack_charge	0	null	null	UNRESOLVED
attack_1074_prepare	dinner_attack_prepare	0	null	null	UNRESOLVED
attack_1075_charge	dinner_attack_charge	0	null	null	UNRESOLVED
attack_1075_prepare	dinner_attack_prepare	0	null	null	UNRESOLVED
attack_1076_charge	dinner_attack_charge	0	null	null	UNRESOLVED
attack_1076_prepare	dinner_attack_prepare	0	null	null	UNRESOLVED
attack_1077_charge	dinner_attack_charge	0	null	null	UNRESOLVED
attack_1077_prepare	dinner_attack_prepare	0	null	null	UNRESOLVED
attack_1078_charge	dinner_attack_charge	0	null	null	UNRESOLVED
attack_1078_prepare	dinner_attack_prepare	0	null	null	UNRESOLVED
attack_1079_charge	dinner_attack_charge	0	null	null	UNRESOLVED
attack_1079_prepare	dinner_attack_prepare	0	null	null	UNRESOLVED
attack_107_charge	dinner_attack_charge	0	null	null	UNRESOLVED
attack_107_prepare	dinner_attack_prepare	0	null	null	UNRESOLVED
attack_108	dinner_attack	0	null	null	UNRESOLVED
attack_1080_charge	dinner_attack_charge	0	null	null	UNRESOLVED
attack_1080_recover	dinner_attack_recover	0	null	null	UNRESOLVED
attack_1081_charge	dinner_attack_charge	0	null	null	UNRESOLVED
attack_1081_recover	dinner_attack_recover	0	null	null	UNRESOLVED
attack_1082_charge	dinner_attack_charge	0	null	null	UNRESOLVED
attack_1082_recover	dinner_attack_recover	0	null	null	UNRESOLVED
attack_1083_charge	dinner_attack_charge	0	null	null	UNRESOLVED
attack_1083_recover	dinner_attack_recover	0	null	null	UNRESOLVED
attack_1084_charge	dinner_attack_charge	0	null	null	UNRESOLVED
attack_1084_recover	dinner_attack_recover	0	null	null	UNRESOLVED
attack_1085_charge	dinner_attack_charge	0	null	null	UNRESOLVED
attack_1085_recover	dinner_attack_recover	0	null	null	UNRESOLVED
attack_1086_charge	dinner_attack_charge	0	null	null	UNRESOLVED
attack_1086_recover	dinner_attack_recover	0	null	null	UNRESOLVED
attack_1087_charge	dinner_attack_charge	0	null	null	UNRESOLVED
attack_1087_recover	dinner_attack_recover	0	null	null	UNRESOLVED
attack_1088_charge	dinner_attack_charge	0	null	null	UNRESOLVED
attack_1088_recover	dinner_attack_recover	0	null	null	UNRESOLVED
attack_1089_charge	dinner_attack_charge	0	null	null	UNRESOLVED
attack_1089_recover	dinner_attack_recover	0	null	null	UNRESOLVED
attack_108_charge	dinner_attack_charge	0	null	null	UNRESOLVED
attack_108_recover	dinner_attack_recover	0	null	null	UNRESOLVED
attack_1090_prepare	dinner_attack_prepare	6	null	null	UNRESOLVED
attack_1090_recover	dinner_attack_recover	6	null	null	UNRESOLVED
attack_1091_prepare	dinner_attack_prepare	6	null	null	UNRESOLVED
attack_1091_recover	dinner_attack_recover	6	null	null	UNRESOLVED
attack_1092_prepare	dinner_attack_prepare	6	null	null	UNRESOLVED
attack_1092_recover	dinner_attack_recover	6	null	null	UNRESOLVED
attack_1093_prepare	dinner_attack_prepare	6	null	null	UNRESOLVED
attack_1093_recover	dinner_attack_recover	6	null	null	UNRESOLVED
attack_1094_prepare	dinner_attack_prepare	6	null	null	UNRESOLVED
attack_1094_recover	dinner_attack_recover	6	null	null	UNRESOLVED
attack_1095_prepare	dinner_attack_prepare	6	null	null	UNRESOLVED
attack_1095_recover	dinner_attack_recover	6	null	null	UNRESOLVED
attack_1096_prepare	dinner_attack_prepare	6	null	null	UNRESOLVED
attack_1096_recover	dinner_attack_recover	6	null	null	UNRESOLVED
attack_1097_prepare	dinner_attack_prepare	6	null	null	UNRESOLVED
attack_1097_recover	dinner_attack_recover	6	null	null	UNRESOLVED
attack_1098_prepare	dinner_attack_prepare	6	null	null	UNRESOLVED
attack_1098_recover	dinner_attack_recover	6	null	null	UNRESOLVED
attack_1099_prepare	dinner_attack_prepare	6	null	null	UNRESOLVED
attack_1099_recover	dinner_attack_recover	6	null	null	UNRESOLVED
attack_109_charge	dinner_attack_charge	0	null	null	UNRESOLVED
attack_109_prepare	dinner_attack_prepare	0	null	null	UNRESOLVED
attack_110	dinner_attack	0	null	null	UNRESOLVED
attack_1100	dinner_attack	0	null	null	UNRESOLVED
attack_1100_charge	dinner_attack_charge	0	null	null	UNRESOLVED
attack_1100_prepare	dinner_attack_prepare	0	null	null	UNRESOLVED
attack_1100_recover	dinner_attack_recover	0	null	null	UNRESOLVED
attack_1101	dinner_attack	0	null	null	UNRESOLVED
attack_1101_charge	dinner_attack_charge	0	null	null	UNRESOLVED
attack_1101_prepare	dinner_attack_prepare	0	null	null	UNRESOLVED
attack_1101_recover	dinner_attack_recover	0	null	null	UNRESOLVED
attack_1102	dinner_attack	0	null	null	UNRESOLVED
attack_1102_charge	dinner_attack_charge	0	null	null	UNRESOLVED
attack_1102_prepare	dinner_attack_prepare	0	null	null	UNRESOLVED
attack_1102_recover	dinner_attack_recover	0	null	null	UNRESOLVED
attack_1103	dinner_attack	0	null	null	UNRESOLVED
attack_1103_charge	dinner_attack_charge	0	null	null	UNRESOLVED
attack_1103_prepare	dinner_attack_prepare	0	null	null	UNRESOLVED
attack_1103_recover	dinner_attack_recover	0	null	null	UNRESOLVED
attack_1104	dinner_attack	0	null	null	UNRESOLVED
attack_1104_charge	dinner_attack_charge	0	null	null	UNRESOLVED
attack_1104_prepare	dinner_attack_prepare	0	null	null	UNRESOLVED
attack_1104_recover	dinner_attack_recover	0	null	null	UNRESOLVED
attack_1105	dinner_attack	0	null	null	UNRESOLVED
attack_1105_charge	dinner_attack_charge	0	null	null	UNRESOLVED
attack_1105_prepare	dinner_attack_prepare	0	null	null	UNRESOLVED
attack_1105_recover	dinner_attack_recover	0	null	null	UNRESOLVED
attack_1106	dinner_attack	0	null	null	UNRESOLVED
attack_1106_charge	dinner_attack_charge	0	null	null	UNRESOLVED
attack_1106_prepare	dinner_attack_prepare	0	null	null	UNRESOLVED
attack_1106_recover	dinner_attack_recover	0	null	null	UNRESOLVED
attack_1107	dinner_attack	0	null	null	UNRESOLVED
attack_1107_charge	dinner_attack_charge	0	null	null	UNRESOLVED
attack_1107_prepare	dinner_attack_prepare	0	null	null	UNRESOLVED
attack_1107_recover	dinner_attack_recover	0	null	null	UNRESOLVED
attack_1108	dinner_attack	0	null	null	UNRESOLVED
attack_1108_charge	dinner_attack_charge	0	null	null	UNRESOLVED
attack_1108_prepare	dinner_attack_prepare	0	null	null	UNRESOLVED
attack_1108_recover	dinner_attack_recover	0	null	null	UNRESOLVED
attack_1109	dinner_attack	0	null	null	UNRESOLVED
attack_1109_charge	dinner_attack_charge	0	null	null	UNRESOLVED
attack_1109_prepare	dinner_attack_prepare	0	null	null	UNRESOLVED
attack_1109_recover	dinner_attack_recover	0	null	null	UNRESOLVED
attack_110_recover	dinner_attack_recover	0	null	null	UNRESOLVED
attack_111_prepare	dinner_attack_prepare	0	null	null	UNRESOLVED
attack_112	dinner_attack	0	null	null	UNRESOLVED
attack_1120_prepare	dinner_attack_prepare	0	null	null	UNRESOLVED
attack_1121_prepare	dinner_attack_prepare	0	null	null	UNRESOLVED
attack_1122_prepare	dinner_attack_prepare	0	null	null	UNRESOLVED
attack_1123_prepare	dinner_attack_prepare	0	null	null	UNRESOLVED
attack_1124_prepare	dinner_attack_prepare	0	null	null	UNRESOLVED
attack_1125_prepare	dinner_attack_prepare	0	null	null	UNRESOLVED
attack_1126_prepare	dinner_attack_prepare	0	null	null	UNRESOLVED
attack_1127_prepare	dinner_attack_prepare	0	null	null	UNRESOLVED
attack_1128_prepare	dinner_attack_prepare	0	null	null	UNRESOLVED
attack_1129_prepare	dinner_attack_prepare	0	null	null	UNRESOLVED
attack_112_charge	dinner_attack_charge	0	null	null	UNRESOLVED
attack_112_prepare	dinner_attack_prepare	0	null	null	UNRESOLVED
attack_1130	dinner_attack	0	null	null	UNRESOLVED
attack_1130_recover	dinner_attack_recover	0	null	null	UNRESOLVED
attack_113_charge	dinner_attack_charge	0	null	null	UNRESOLVED
attack_113_recover	dinner_attack_recover	0	null	null	UNRESOLVED
attack_115_prepare	dinner_attack_prepare	0	null	null	UNRESOLVED
attack_115_recover	dinner_attack_recover	0	null	null	UNRESOLVED
attack_116_charge	dinner_attack_charge	0	null	null	UNRESOLVED
attack_116_recover	dinner_attack_recover	0	null	null	UNRESOLVED
attack_117	dinner_attack	0	null	null	UNRESOLVED
attack_1170_charge	dinner_attack_charge	0	null	null	UNRESOLVED
attack_1170_prepare	dinner_attack_prepare	0	null	null	UNRESOLVED
attack_1171_charge	dinner_attack_charge	0	null	null	UNRESOLVED
attack_1171_prepare	dinner_attack_prepare	0	null	null	UNRESOLVED
attack_1172_charge	dinner_attack_charge	0	null	null	UNRESOLVED
attack_1172_prepare	dinner_attack_prepare	0	null	null	UNRESOLVED
attack_1173_charge	dinner_attack_charge	0	null	null	UNRESOLVED
attack_1173_prepare	dinner_attack_prepare	0	null	null	UNRESOLVED
attack_1174_charge	dinner_attack_charge	0	null	null	UNRESOLVED
attack_1174_prepare	dinner_attack_prepare	0	null	null	UNRESOLVED
attack_1175_charge	dinner_attack_charge	0	null	null	UNRESOLVED
attack_1175_prepare	dinner_attack_prepare	0	null	null	UNRESOLVED
attack_1176_charge	dinner_attack_charge	0	null	null	UNRESOLVED
attack_1176_prepare	dinner_attack_prepare	0	null	null	UNRESOLVED
attack_1177_charge	dinner_attack_charge	0	null	null	UNRESOLVED
attack_1177_prepare	dinner_attack_prepare	0	null	null	UNRESOLVED
attack_1178_charge	dinner_attack_charge	0	null	null	UNRESOLVED
attack_1178_prepare	dinner_attack_prepare	0	null	null	UNRESOLVED
attack_1179_charge	dinner_attack_charge	0	null	null	UNRESOLVED
attack_1179_prepare	dinner_attack_prepare	0	null	null	UNRESOLVED
attack_117_charge	dinner_attack_charge	0	null	null	UNRESOLVED
attack_117_prepare	dinner_attack_prepare	0	null	null	UNRESOLVED
attack_118	dinner_attack	0	null	null	UNRESOLVED
attack_1180_charge	dinner_attack_charge	0	null	null	UNRESOLVED
attack_1180_recover	dinner_attack_recover	0	null	null	UNRESOLVED
attack_1181_charge	dinner_attack_charge	0	null	null	UNRESOLVED
attack_1181_recover	dinner_attack_recover	0	null	null	UNRESOLVED
attack_1182_charge	dinner_attack_charge	0	null	null	UNRESOLVED
attack_1182_recover	dinner_attack_recover	0	null	null	UNRESOLVED
attack_1183_charge	dinner_attack_charge	0	null	null	UNRESOLVED
attack_1183_recover	dinner_attack_recover	0	null	null	UNRESOLVED
attack_1184_charge	dinner_attack_charge	0	null	null	UNRESOLVED
attack_1184_recover	dinner_attack_recover	0	null	null	UNRESOLVED
attack_1185_charge	dinner_attack_charge	0	null	null	UNRESOLVED
attack_1185_recover	dinner_attack_recover	0	null	null	UNRESOLVED
attack_1186_charge	dinner_attack_charge	0	null	null	UNRESOLVED
attack_1186_recover	dinner_attack_recover	0	null	null	UNRESOLVED
attack_1187_charge	dinner_attack_charge	0	null	null	UNRESOLVED
attack_1187_recover	dinner_attack_recover	0	null	null	UNRESOLVED
attack_1188_charge	dinner_attack_charge	0	null	null	UNRESOLVED
attack_1188_recover	dinner_attack_recover	0	null	null	UNRESOLVED
attack_1189_charge	dinner_attack_charge	0	null	null	UNRESOLVED
attack_1189_recover	dinner_attack_recover	0	null	null	UNRESOLVED
attack_118_charge	dinner_attack_charge	0	null	null	UNRESOLVED
attack_118_recover	dinner_attack_recover	0	null	null	UNRESOLVED
attack_1190_prepare	dinner_attack_prepare	6	null	null	UNRESOLVED
attack_1190_recover	dinner_attack_recover	6	null	null	UNRESOLVED
attack_1191_prepare	dinner_attack_prepare	6	null	null	UNRESOLVED
attack_1191_recover	dinner_attack_recover	6	null	null	UNRESOLVED
attack_1192_prepare	dinner_attack_prepare	6	null	null	UNRESOLVED
attack_1192_recover	dinner_attack_recover	6	null	null	UNRESOLVED
attack_1193_prepare	dinner_attack_prepare	6	null	null	UNRESOLVED
attack_1193_recover	dinner_attack_recover	6	null	null	UNRESOLVED
attack_1194_prepare	dinner_attack_prepare	6	null	null	UNRESOLVED
attack_1194_recover	dinner_attack_recover	6	null	null	UNRESOLVED
attack_1195_prepare	dinner_attack_prepare	6	null	null	UNRESOLVED
attack_1195_recover	dinner_attack_recover	6	null	null	UNRESOLVED
attack_1196_prepare	dinner_attack_prepare	6	null	null	UNRESOLVED
attack_1196_recover	dinner_attack_recover	6	null	null	UNRESOLVED
attack_1197_prepare	dinner_attack_prepare	6	null	null	UNRESOLVED
attack_1197_recover	dinner_attack_recover	6	null	null	UNRESOLVED
attack_1198_prepare	dinner_attack_prepare	6	null	null	UNRESOLVED
attack_1198_recover	dinner_attack_recover	6	null	null	UNRESOLVED
attack_1199_prepare	dinner_attack_prepare	6	null	null	UNRESOLVED
attack_1199_recover	dinner_attack_recover	6	null	null	UNRESOLVED
attack_119_charge	dinner_attack_charge	0	null	null	UNRESOLVED
attack_119_prepare	dinner_attack_prepare	0	null	null	UNRESOLVED
attack_11_charge	dinner_attack_charge	0	null	null	UNRESOLVED
attack_11_prepare	dinner_attack_prepare	0	null	null	UNRESOLVED
attack_120	dinner_attack	0	null	null	UNRESOLVED
attack_1200	dinner_attack	0	null	null	UNRESOLVED
attack_1200_charge	dinner_attack_charge	0	null	null	UNRESOLVED
attack_1200_prepare	dinner_attack_prepare	0	null	null	UNRESOLVED
attack_1200_recover	dinner_attack_recover	0	null	null	UNRESOLVED
attack_1201	dinner_attack	0	null	null	UNRESOLVED
attack_1201_charge	dinner_attack_charge	0	null	null	UNRESOLVED
attack_1201_prepare	dinner_attack_prepare	0	null	null	UNRESOLVED
attack_1201_recover	dinner_attack_recover	0	null	null	UNRESOLVED
attack_1202	dinner_attack	0	null	null	UNRESOLVED
attack_1202_charge	dinner_attack_charge	0	null	null	UNRESOLVED
attack_1202_prepare	dinner_attack_prepare	0	null	null	UNRESOLVED
attack_1202_recover	dinner_attack_recover	0	null	null	UNRESOLVED
attack_1203	dinner_attack	0	null	null	UNRESOLVED
attack_1203_charge	dinner_attack_charge	0	null	null	UNRESOLVED
attack_1203_prepare	dinner_attack_prepare	0	null	null	UNRESOLVED
attack_1203_recover	dinner_attack_recover	0	null	null	UNRESOLVED
attack_1204	dinner_attack	0	null	null	UNRESOLVED
attack_1204_charge	dinner_attack_charge	0	null	null	UNRESOLVED
attack_1204_prepare	dinner_attack_prepare	0	null	null	UNRESOLVED
attack_1204_recover	dinner_attack_recover	0	null	null	UNRESOLVED
attack_1205	dinner_attack	0	null	null	UNRESOLVED
attack_1205_charge	dinner_attack_charge	0	null	null	UNRESOLVED
attack_1205_prepare	dinner_attack_prepare	0	null	null	UNRESOLVED
attack_1205_recover	dinner_attack_recover	0	null	null	UNRESOLVED
attack_1206	dinner_attack	0	null	null	UNRESOLVED
attack_1206_charge	dinner_attack_charge	0	null	null	UNRESOLVED
attack_1206_prepare	dinner_attack_prepare	0	null	null	UNRESOLVED
attack_1206_recover	dinner_attack_recover	0	null	null	UNRESOLVED
attack_1207	dinner_attack	0	null	null	UNRESOLVED
attack_1207_charge	dinner_attack_charge	0	null	null	UNRESOLVED
attack_1207_prepare	dinner_attack_prepare	0	null	null	UNRESOLVED
attack_1207_recover	dinner_attack_recover	0	null	null	UNRESOLVED
attack_1208	dinner_attack	0	null	null	UNRESOLVED
attack_1208_charge	dinner_attack_charge	0	null	null	UNRESOLVED
attack_1208_prepare	dinner_attack_prepare	0	null	null	UNRESOLVED
attack_1208_recover	dinner_attack_recover	0	null	null	UNRESOLVED
attack_1209	dinner_attack	0	null	null	UNRESOLVED
attack_1209_charge	dinner_attack_charge	0	null	null	UNRESOLVED
attack_1209_prepare	dinner_attack_prepare	0	null	null	UNRESOLVED
attack_1209_recover	dinner_attack_recover	0	null	null	UNRESOLVED
attack_120_recover	dinner_attack_recover	0	null	null	UNRESOLVED
attack_1210_recover	dinner_attack_recover	0	null	null	UNRESOLVED
attack_1211_recover	dinner_attack_recover	0	null	null	UNRESOLVED
attack_1212_recover	dinner_attack_recover	0	null	null	UNRESOLVED
attack_1213_recover	dinner_attack_recover	0	null	null	UNRESOLVED
attack_1214_recover	dinner_attack_recover	0	null	null	UNRESOLVED
attack_1215_recover	dinner_attack_recover	0	null	null	UNRESOLVED
attack_1216_recover	dinner_attack_recover	0	null	null	UNRESOLVED
attack_1217_recover	dinner_attack_recover	0	null	null	UNRESOLVED
attack_1218_recover	dinner_attack_recover	0	null	null	UNRESOLVED
attack_1219_recover	dinner_attack_recover	0	null	null	UNRESOLVED
attack_121_prepare	dinner_attack_prepare	0	null	null	UNRESOLVED
attack_122	dinner_attack	0	null	null	UNRESOLVED
attack_1220_prepare	dinner_attack_prepare	0	null	null	UNRESOLVED
attack_1221_prepare	dinner_attack_prepare	0	null	null	UNRESOLVED
attack_1222_prepare	dinner_attack_prepare	0	null	null	UNRESOLVED
attack_1223_prepare	dinner_attack_prepare	0	null	null	UNRESOLVED
attack_1224_prepare	dinner_attack_prepare	0	null	null	UNRESOLVED
attack_1225_prepare	dinner_attack_prepare	0	null	null	UNRESOLVED
attack_1226_prepare	dinner_attack_prepare	0	null	null	UNRESOLVED
attack_1227_prepare	dinner_attack_prepare	0	null	null	UNRESOLVED
attack_1228_prepare	dinner_attack_prepare	0	null	null	UNRESOLVED
attack_1229_prepare	dinner_attack_prepare	0	null	null	UNRESOLVED
attack_122_charge	dinner_attack_charge	0	null	null	UNRESOLVED
attack_122_prepare	dinner_attack_prepare	0	null	null	UNRESOLVED
attack_1230	dinner_attack	0	null	null	UNRESOLVED
attack_1230_recover	dinner_attack_recover	0	null	null	UNRESOLVED
attack_1231	dinner_attack	0	null	null	UNRESOLVED
attack_1231_recover	dinner_attack_recover	0	null	null	UNRESOLVED
attack_1232	dinner_attack	0	null	null	UNRESOLVED
attack_1232_recover	dinner_attack_recover	0	null	null	UNRESOLVED
attack_1233	dinner_attack	0	null	null	UNRESOLVED
attack_1233_recover	dinner_attack_recover	0	null	null	UNRESOLVED
attack_1234	dinner_attack	0	null	null	UNRESOLVED
attack_1234_recover	dinner_attack_recover	0	null	null	UNRESOLVED
attack_1235	dinner_attack	0	null	null	UNRESOLVED
attack_1235_recover	dinner_attack_recover	0	null	null	UNRESOLVED
attack_1236	dinner_attack	0	null	null	UNRESOLVED
attack_1236_recover	dinner_attack_recover	0	null	null	UNRESOLVED
attack_1237	dinner_attack	0	null	null	UNRESOLVED
attack_1237_recover	dinner_attack_recover	0	null	null	UNRESOLVED
attack_1238	dinner_attack	0	null	null	UNRESOLVED
attack_1238_recover	dinner_attack_recover	0	null	null	UNRESOLVED
attack_1239	dinner_attack	0	null	null	UNRESOLVED
attack_1239_recover	dinner_attack_recover	0	null	null	UNRESOLVED
attack_123_charge	dinner_attack_charge	0	null	null	UNRESOLVED
attack_123_recover	dinner_attack_recover	0	null	null	UNRESOLVED
attack_1240_charge	dinner_attack_charge	0	null	null	UNRESOLVED
attack_1240_prepare	dinner_attack_prepare	0	null	null	UNRESOLVED
attack_1241_charge	dinner_attack_charge	0	null	null	UNRESOLVED
attack_1241_prepare	dinner_attack_prepare	0	null	null	UNRESOLVED
attack_1242_charge	dinner_attack_charge	0	null	null	UNRESOLVED
attack_1242_prepare	dinner_attack_prepare	0	null	null	UNRESOLVED
attack_1243_charge	dinner_attack_charge	0	null	null	UNRESOLVED
attack_1243_prepare	dinner_attack_prepare	0	null	null	UNRESOLVED
attack_1244_charge	dinner_attack_charge	0	null	null	UNRESOLVED
attack_1244_prepare	dinner_attack_prepare	0	null	null	UNRESOLVED
attack_1245_charge	dinner_attack_charge	0	null	null	UNRESOLVED
attack_1245_prepare	dinner_attack_prepare	0	null	null	UNRESOLVED
attack_1246_charge	dinner_attack_charge	0	null	null	UNRESOLVED
attack_1246_prepare	dinner_attack_prepare	0	null	null	UNRESOLVED
attack_1247_charge	dinner_attack_charge	0	null	null	UNRESOLVED
attack_1247_prepare	dinner_attack_prepare	0	null	null	UNRESOLVED
attack_1248_charge	dinner_attack_charge	0	null	null	UNRESOLVED
attack_1248_prepare	dinner_attack_prepare	0	null	null	UNRESOLVED
attack_1249_charge	dinner_attack_charge	0	null	null	UNRESOLVED
attack_1249_prepare	dinner_attack_prepare	0	null	null	UNRESOLVED
attack_1250	dinner_attack	0	null	null	UNRESOLVED
attack_125_prepare	dinner_attack_prepare	0	null	null	UNRESOLVED
attack_125_recover	dinner_attack_recover	0	null	null	UNRESOLVED
attack_126_charge	dinner_attack_charge	0	null	null	UNRESOLVED
attack_126_recover	dinner_attack_recover	0	null	null	UNRESOLVED
attack_127	dinner_attack	0	null	null	UNRESOLVED
attack_1270_charge	dinner_attack_charge	0	null	null	UNRESOLVED
attack_1270_prepare	dinner_attack_prepare	0	null	null	UNRESOLVED
attack_1271_charge	dinner_attack_charge	0	null	null	UNRESOLVED
attack_1271_prepare	dinner_attack_prepare	0	null	null	UNRESOLVED
attack_1272_charge	dinner_attack_charge	0	null	null	UNRESOLVED
attack_1272_prepare	dinner_attack_prepare	0	null	null	UNRESOLVED
attack_1273_charge	dinner_attack_charge	0	null	null	UNRESOLVED
attack_1273_prepare	dinner_attack_prepare	0	null	null	UNRESOLVED
attack_1274_charge	dinner_attack_charge	0	null	null	UNRESOLVED
attack_1274_prepare	dinner_attack_prepare	0	null	null	UNRESOLVED
attack_1275_charge	dinner_attack_charge	0	null	null	UNRESOLVED
attack_1275_prepare	dinner_attack_prepare	0	null	null	UNRESOLVED
attack_1276_charge	dinner_attack_charge	0	null	null	UNRESOLVED
attack_1276_prepare	dinner_attack_prepare	0	null	null	UNRESOLVED
attack_1277_charge	dinner_attack_charge	0	null	null	UNRESOLVED
attack_1277_prepare	dinner_attack_prepare	0	null	null	UNRESOLVED
attack_1278_charge	dinner_attack_charge	0	null	null	UNRESOLVED
attack_1278_prepare	dinner_attack_prepare	0	null	null	UNRESOLVED
attack_1279_charge	dinner_attack_charge	0	null	null	UNRESOLVED
attack_1279_prepare	dinner_attack_prepare	0	null	null	UNRESOLVED
attack_127_charge	dinner_attack_charge	0	null	null	UNRESOLVED
attack_127_prepare	dinner_attack_prepare	0	null	null	UNRESOLVED
attack_128	dinner_attack	0	null	null	UNRESOLVED
attack_1280_charge	dinner_attack_charge	0	null	null	UNRESOLVED
attack_1280_recover	dinner_attack_recover	0	null	null	UNRESOLVED
attack_1281_charge	dinner_attack_charge	0	null	null	UNRESOLVED
attack_1281_recover	dinner_attack_recover	0	null	null	UNRESOLVED
attack_1282_charge	dinner_attack_charge	0	null	null	UNRESOLVED
attack_1282_recover	dinner_attack_recover	0	null	null	UNRESOLVED
attack_1283_charge	dinner_attack_charge	0	null	null	UNRESOLVED
attack_1283_recover	dinner_attack_recover	0	null	null	UNRESOLVED
attack_1284_charge	dinner_attack_charge	0	null	null	UNRESOLVED
attack_1284_recover	dinner_attack_recover	0	null	null	UNRESOLVED
attack_1285_charge	dinner_attack_charge	0	null	null	UNRESOLVED
attack_1285_recover	dinner_attack_recover	0	null	null	UNRESOLVED
attack_1286_charge	dinner_attack_charge	0	null	null	UNRESOLVED
attack_1286_recover	dinner_attack_recover	0	null	null	UNRESOLVED
attack_1287_charge	dinner_attack_charge	0	null	null	UNRESOLVED
attack_1287_recover	dinner_attack_recover	0	null	null	UNRESOLVED
attack_1288_charge	dinner_attack_charge	0	null	null	UNRESOLVED
attack_1288_recover	dinner_attack_recover	0	null	null	UNRESOLVED
attack_1289_charge	dinner_attack_charge	0	null	null	UNRESOLVED
attack_1289_recover	dinner_attack_recover	0	null	null	UNRESOLVED
attack_128_charge	dinner_attack_charge	0	null	null	UNRESOLVED
attack_128_recover	dinner_attack_recover	0	null	null	UNRESOLVED
attack_1290_prepare	dinner_attack_prepare	6	null	null	UNRESOLVED
attack_1290_recover	dinner_attack_recover	6	null	null	UNRESOLVED
attack_1291_prepare	dinner_attack_prepare	6	null	null	UNRESOLVED
attack_1291_recover	dinner_attack_recover	6	null	null	UNRESOLVED
attack_1292_prepare	dinner_attack_prepare	6	null	null	UNRESOLVED
attack_1292_recover	dinner_attack_recover	6	null	null	UNRESOLVED
attack_1293_prepare	dinner_attack_prepare	6	null	null	UNRESOLVED
attack_1293_recover	dinner_attack_recover	6	null	null	UNRESOLVED
attack_1294_prepare	dinner_attack_prepare	6	null	null	UNRESOLVED
attack_1294_recover	dinner_attack_recover	6	null	null	UNRESOLVED
attack_1295_prepare	dinner_attack_prepare	6	null	null	UNRESOLVED
attack_1295_recover	dinner_attack_recover	6	null	null	UNRESOLVED
attack_1296_prepare	dinner_attack_prepare	6	null	null	UNRESOLVED
attack_1296_recover	dinner_attack_recover	6	null	null	UNRESOLVED
attack_1297_prepare	dinner_attack_prepare	6	null	null	UNRESOLVED
attack_1297_recover	dinner_attack_recover	6	null	null	UNRESOLVED
attack_1298_prepare	dinner_attack_prepare	6	null	null	UNRESOLVED
attack_1298_recover	dinner_attack_recover	6	null	null	UNRESOLVED
attack_1299_prepare	dinner_attack_prepare	6	null	null	UNRESOLVED
attack_1299_recover	dinner_attack_recover	6	null	null	UNRESOLVED
attack_129_charge	dinner_attack_charge	0	null	null	UNRESOLVED
attack_129_prepare	dinner_attack_prepare	0	null	null	UNRESOLVED
attack_12_charge	dinner_attack_charge	0	null	null	UNRESOLVED
attack_12_prepare	dinner_attack_prepare	0	null	null	UNRESOLVED
attack_130	dinner_attack	0	null	null	UNRESOLVED
attack_1300	dinner_attack	0	null	null	UNRESOLVED
attack_1300_charge	dinner_attack_charge	0	null	null	UNRESOLVED
attack_1300_prepare	dinner_attack_prepare	0	null	null	UNRESOLVED
attack_1300_recover	dinner_attack_recover	0	null	null	UNRESOLVED
attack_1301	dinner_attack	0	null	null	UNRESOLVED
attack_1301_charge	dinner_attack_charge	0	null	null	UNRESOLVED
attack_1301_prepare	dinner_attack_prepare	0	null	null	UNRESOLVED
attack_1301_recover	dinner_attack_recover	0	null	null	UNRESOLVED
attack_1302	dinner_attack	0	null	null	UNRESOLVED
attack_1302_charge	dinner_attack_charge	0	null	null	UNRESOLVED
attack_1302_prepare	dinner_attack_prepare	0	null	null	UNRESOLVED
attack_1302_recover	dinner_attack_recover	0	null	null	UNRESOLVED
attack_1303	dinner_attack	0	null	null	UNRESOLVED
attack_1303_charge	dinner_attack_charge	0	null	null	UNRESOLVED
attack_1303_prepare	dinner_attack_prepare	0	null	null	UNRESOLVED
attack_1303_recover	dinner_attack_recover	0	null	null	UNRESOLVED
attack_1304	dinner_attack	0	null	null	UNRESOLVED
attack_1304_charge	dinner_attack_charge	0	null	null	UNRESOLVED
attack_1304_prepare	dinner_attack_prepare	0	null	null	UNRESOLVED
attack_1304_recover	dinner_attack_recover	0	null	null	UNRESOLVED
attack_1305	dinner_attack	0	null	null	UNRESOLVED
attack_1305_charge	dinner_attack_charge	0	null	null	UNRESOLVED
attack_1305_prepare	dinner_attack_prepare	0	null	null	UNRESOLVED
attack_1305_recover	dinner_attack_recover	0	null	null	UNRESOLVED
attack_1306	dinner_attack	0	null	null	UNRESOLVED
attack_1306_charge	dinner_attack_charge	0	null	null	UNRESOLVED
attack_1306_prepare	dinner_attack_prepare	0	null	null	UNRESOLVED
attack_1306_recover	dinner_attack_recover	0	null	null	UNRESOLVED
attack_1307	dinner_attack	0	null	null	UNRESOLVED
attack_1307_charge	dinner_attack_charge	0	null	null	UNRESOLVED
attack_1307_prepare	dinner_attack_prepare	0	null	null	UNRESOLVED
attack_1307_recover	dinner_attack_recover	0	null	null	UNRESOLVED
attack_1308	dinner_attack	0	null	null	UNRESOLVED
attack_1308_charge	dinner_attack_charge	0	null	null	UNRESOLVED
attack_1308_prepare	dinner_attack_prepare	0	null	null	UNRESOLVED
attack_1308_recover	dinner_attack_recover	0	null	null	UNRESOLVED
attack_1309	dinner_attack	0	null	null	UNRESOLVED
attack_1309_charge	dinner_attack_charge	0	null	null	UNRESOLVED
attack_1309_prepare	dinner_attack_prepare	0	null	null	UNRESOLVED
attack_1309_recover	dinner_attack_recover	0	null	null	UNRESOLVED
attack_130_recover	dinner_attack_recover	0	null	null	UNRESOLVED
attack_1310_recover	dinner_attack_recover	0	null	null	UNRESOLVED
attack_1311_recover	dinner_attack_recover	0	null	null	UNRESOLVED
attack_1312_recover	dinner_attack_recover	0	null	null	UNRESOLVED
attack_1313_recover	dinner_attack_recover	0	null	null	UNRESOLVED
attack_1314_recover	dinner_attack_recover	0	null	null	UNRESOLVED
attack_1315_recover	dinner_attack_recover	0	null	null	UNRESOLVED
attack_1316_recover	dinner_attack_recover	0	null	null	UNRESOLVED
attack_1317_recover	dinner_attack_recover	0	null	null	UNRESOLVED
attack_1318_recover	dinner_attack_recover	0	null	null	UNRESOLVED
attack_1319_recover	dinner_attack_recover	0	null	null	UNRESOLVED
attack_131_prepare	dinner_attack_prepare	0	null	null	UNRESOLVED
attack_132	dinner_attack	0	null	null	UNRESOLVED
attack_1320_prepare	dinner_attack_prepare	0	null	null	UNRESOLVED
attack_1321_prepare	dinner_attack_prepare	0	null	null	UNRESOLVED
attack_1322_prepare	dinner_attack_prepare	0	null	null	UNRESOLVED
attack_1323_prepare	dinner_attack_prepare	0	null	null	UNRESOLVED
attack_1324_prepare	dinner_attack_prepare	0	null	null	UNRESOLVED
attack_1325_prepare	dinner_attack_prepare	0	null	null	UNRESOLVED
attack_1326_prepare	dinner_attack_prepare	0	null	null	UNRESOLVED
attack_1327_prepare	dinner_attack_prepare	0	null	null	UNRESOLVED
attack_1328_prepare	dinner_attack_prepare	0	null	null	UNRESOLVED
attack_1329_prepare	dinner_attack_prepare	0	null	null	UNRESOLVED
attack_132_charge	dinner_attack_charge	0	null	null	UNRESOLVED
attack_132_prepare	dinner_attack_prepare	0	null	null	UNRESOLVED
attack_1330	dinner_attack	0	null	null	UNRESOLVED
attack_1330_recover	dinner_attack_recover	0	null	null	UNRESOLVED
attack_133_charge	dinner_attack_charge	0	null	null	UNRESOLVED
attack_133_recover	dinner_attack_recover	0	null	null	UNRESOLVED
attack_135_prepare	dinner_attack_prepare	0	null	null	UNRESOLVED
attack_135_recover	dinner_attack_recover	0	null	null	UNRESOLVED
attack_136_charge	dinner_attack_charge	0	null	null	UNRESOLVED
attack_136_recover	dinner_attack_recover	0	null	null	UNRESOLVED
attack_137	dinner_attack	0	null	null	UNRESOLVED
attack_1370_charge	dinner_attack_charge	0	null	null	UNRESOLVED
attack_1370_prepare	dinner_attack_prepare	0	null	null	UNRESOLVED
attack_1371_charge	dinner_attack_charge	0	null	null	UNRESOLVED
attack_1371_prepare	dinner_attack_prepare	0	null	null	UNRESOLVED
attack_1372_charge	dinner_attack_charge	0	null	null	UNRESOLVED
attack_1372_prepare	dinner_attack_prepare	0	null	null	UNRESOLVED
attack_1373_charge	dinner_attack_charge	0	null	null	UNRESOLVED
attack_1373_prepare	dinner_attack_prepare	0	null	null	UNRESOLVED
attack_1374_charge	dinner_attack_charge	0	null	null	UNRESOLVED
attack_1374_prepare	dinner_attack_prepare	0	null	null	UNRESOLVED
attack_1375_charge	dinner_attack_charge	0	null	null	UNRESOLVED
attack_1375_prepare	dinner_attack_prepare	0	null	null	UNRESOLVED
attack_1376_charge	dinner_attack_charge	0	null	null	UNRESOLVED
attack_1376_prepare	dinner_attack_prepare	0	null	null	UNRESOLVED
attack_1377_charge	dinner_attack_charge	0	null	null	UNRESOLVED
attack_1377_prepare	dinner_attack_prepare	0	null	null	UNRESOLVED
attack_1378_charge	dinner_attack_charge	0	null	null	UNRESOLVED
attack_1378_prepare	dinner_attack_prepare	0	null	null	UNRESOLVED
attack_1379_charge	dinner_attack_charge	0	null	null	UNRESOLVED
attack_1379_prepare	dinner_attack_prepare	0	null	null	UNRESOLVED
attack_137_charge	dinner_attack_charge	0	null	null	UNRESOLVED
attack_137_prepare	dinner_attack_prepare	0	null	null	UNRESOLVED
attack_138	dinner_attack	0	null	null	UNRESOLVED
attack_1380_charge	dinner_attack_charge	0	null	null	UNRESOLVED
attack_1380_recover	dinner_attack_recover	0	null	null	UNRESOLVED
attack_1381_charge	dinner_attack_charge	0	null	null	UNRESOLVED
attack_1381_recover	dinner_attack_recover	0	null	null	UNRESOLVED
attack_1382_charge	dinner_attack_charge	0	null	null	UNRESOLVED
attack_1382_recover	dinner_attack_recover	0	null	null	UNRESOLVED
attack_1383_charge	dinner_attack_charge	0	null	null	UNRESOLVED
attack_1383_recover	dinner_attack_recover	0	null	null	UNRESOLVED
attack_1384_charge	dinner_attack_charge	0	null	null	UNRESOLVED
attack_1384_recover	dinner_attack_recover	0	null	null	UNRESOLVED
attack_1385_charge	dinner_attack_charge	0	null	null	UNRESOLVED
attack_1385_recover	dinner_attack_recover	0	null	null	UNRESOLVED
attack_1386_charge	dinner_attack_charge	0	null	null	UNRESOLVED
attack_1386_recover	dinner_attack_recover	0	null	null	UNRESOLVED
attack_1387_charge	dinner_attack_charge	0	null	null	UNRESOLVED
attack_1387_recover	dinner_attack_recover	0	null	null	UNRESOLVED
attack_1388_charge	dinner_attack_charge	0	null	null	UNRESOLVED
attack_1388_recover	dinner_attack_recover	0	null	null	UNRESOLVED
attack_1389_charge	dinner_attack_charge	0	null	null	UNRESOLVED
attack_1389_recover	dinner_attack_recover	0	null	null	UNRESOLVED
attack_138_charge	dinner_attack_charge	0	null	null	UNRESOLVED
attack_138_recover	dinner_attack_recover	0	null	null	UNRESOLVED
attack_1390_prepare	dinner_attack_prepare	6	null	null	UNRESOLVED
attack_1390_recover	dinner_attack_recover	6	null	null	UNRESOLVED
attack_1391_prepare	dinner_attack_prepare	6	null	null	UNRESOLVED
attack_1391_recover	dinner_attack_recover	6	null	null	UNRESOLVED
attack_1392_prepare	dinner_attack_prepare	6	null	null	UNRESOLVED
attack_1392_recover	dinner_attack_recover	6	null	null	UNRESOLVED
attack_1393_prepare	dinner_attack_prepare	6	null	null	UNRESOLVED
attack_1393_recover	dinner_attack_recover	6	null	null	UNRESOLVED
attack_1394_prepare	dinner_attack_prepare	6	null	null	UNRESOLVED
attack_1394_recover	dinner_attack_recover	6	null	null	UNRESOLVED
attack_1395_prepare	dinner_attack_prepare	6	null	null	UNRESOLVED
attack_1395_recover	dinner_attack_recover	6	null	null	UNRESOLVED
attack_1396_prepare	dinner_attack_prepare	6	null	null	UNRESOLVED
attack_1396_recover	dinner_attack_recover	6	null	null	UNRESOLVED
attack_1397_prepare	dinner_attack_prepare	6	null	null	UNRESOLVED
attack_1397_recover	dinner_attack_recover	6	null	null	UNRESOLVED
attack_1398_prepare	dinner_attack_prepare	6	null	null	UNRESOLVED
attack_1398_recover	dinner_attack_recover	6	null	null	UNRESOLVED
attack_1399_prepare	dinner_attack_prepare	6	null	null	UNRESOLVED
attack_1399_recover	dinner_attack_recover	6	null	null	UNRESOLVED
attack_139_charge	dinner_attack_charge	0	null	null	UNRESOLVED
attack_139_prepare	dinner_attack_prepare	0	null	null	UNRESOLVED
attack_13_charge	dinner_attack_charge	0	null	null	UNRESOLVED
attack_13_prepare	dinner_attack_prepare	0	null	null	UNRESOLVED
attack_140	dinner_attack	0	null	null	UNRESOLVED
attack_1400	dinner_attack	0	null	null	UNRESOLVED
attack_1400_charge	dinner_attack_charge	0	null	null	UNRESOLVED
attack_1400_recover	dinner_attack_recover	0	null	null	UNRESOLVED
attack_1401	dinner_attack	0	null	null	UNRESOLVED
attack_1401_charge	dinner_attack_charge	0	null	null	UNRESOLVED
attack_1401_recover	dinner_attack_recover	0	null	null	UNRESOLVED
attack_1402	dinner_attack	0	null	null	UNRESOLVED
attack_1402_charge	dinner_attack_charge	0	null	null	UNRESOLVED
attack_1402_recover	dinner_attack_recover	0	null	null	UNRESOLVED
attack_1403	dinner_attack	0	null	null	UNRESOLVED
attack_1403_charge	dinner_attack_charge	0	null	null	UNRESOLVED
attack_1403_recover	dinner_attack_recover	0	null	null	UNRESOLVED
attack_1404	dinner_attack	0	null	null	UNRESOLVED
attack_1404_charge	dinner_attack_charge	0	null	null	UNRESOLVED
attack_1404_recover	dinner_attack_recover	0	null	null	UNRESOLVED
attack_1405	dinner_attack	0	null	null	UNRESOLVED
attack_1405_charge	dinner_attack_charge	0	null	null	UNRESOLVED
attack_1405_recover	dinner_attack_recover	0	null	null	UNRESOLVED
attack_1406	dinner_attack	0	null	null	UNRESOLVED
attack_1406_charge	dinner_attack_charge	0	null	null	UNRESOLVED
attack_1406_recover	dinner_attack_recover	0	null	null	UNRESOLVED
attack_1407	dinner_attack	0	null	null	UNRESOLVED
attack_1407_charge	dinner_attack_charge	0	null	null	UNRESOLVED
attack_1407_recover	dinner_attack_recover	0	null	null	UNRESOLVED
attack_1408	dinner_attack	0	null	null	UNRESOLVED
attack_1408_charge	dinner_attack_charge	0	null	null	UNRESOLVED
attack_1408_recover	dinner_attack_recover	0	null	null	UNRESOLVED
attack_1409	dinner_attack	0	null	null	UNRESOLVED
attack_1409_charge	dinner_attack_charge	0	null	null	UNRESOLVED
attack_1409_recover	dinner_attack_recover	0	null	null	UNRESOLVED
attack_140_recover	dinner_attack_recover	0	null	null	UNRESOLVED
attack_141_prepare	dinner_attack_prepare	0	null	null	UNRESOLVED
attack_142	dinner_attack	0	null	null	UNRESOLVED
attack_1420_prepare	dinner_attack_prepare	0	null	null	UNRESOLVED
attack_1421_prepare	dinner_attack_prepare	0	null	null	UNRESOLVED
attack_1422_prepare	dinner_attack_prepare	0	null	null	UNRESOLVED
attack_1423_prepare	dinner_attack_prepare	0	null	null	UNRESOLVED
attack_1424_prepare	dinner_attack_prepare	0	null	null	UNRESOLVED
attack_1425_prepare	dinner_attack_prepare	0	null	null	UNRESOLVED
attack_1426_prepare	dinner_attack_prepare	0	null	null	UNRESOLVED
attack_1427_prepare	dinner_attack_prepare	0	null	null	UNRESOLVED
attack_1428_prepare	dinner_attack_prepare	0	null	null	UNRESOLVED
attack_1429_prepare	dinner_attack_prepare	0	null	null	UNRESOLVED
attack_142_charge	dinner_attack_charge	0	null	null	UNRESOLVED
attack_142_prepare	dinner_attack_prepare	0	null	null	UNRESOLVED
attack_1430	dinner_attack	0	null	null	UNRESOLVED
attack_1430_recover	dinner_attack_recover	0	null	null	UNRESOLVED
attack_143_charge	dinner_attack_charge	0	null	null	UNRESOLVED
attack_143_recover	dinner_attack_recover	0	null	null	UNRESOLVED
attack_145_prepare	dinner_attack_prepare	0	null	null	UNRESOLVED
attack_145_recover	dinner_attack_recover	0	null	null	UNRESOLVED
attack_146_charge	dinner_attack_charge	0	null	null	UNRESOLVED
attack_146_recover	dinner_attack_recover	0	null	null	UNRESOLVED
attack_147	dinner_attack	0	null	null	UNRESOLVED
attack_1470_charge	dinner_attack_charge	0	null	null	UNRESOLVED
attack_1470_prepare	dinner_attack_prepare	0	null	null	UNRESOLVED
attack_1471_charge	dinner_attack_charge	0	null	null	UNRESOLVED
attack_1471_prepare	dinner_attack_prepare	0	null	null	UNRESOLVED
attack_1472_charge	dinner_attack_charge	0	null	null	UNRESOLVED
attack_1472_prepare	dinner_attack_prepare	0	null	null	UNRESOLVED
attack_1473_charge	dinner_attack_charge	0	null	null	UNRESOLVED
attack_1473_prepare	dinner_attack_prepare	0	null	null	UNRESOLVED
attack_1474_charge	dinner_attack_charge	0	null	null	UNRESOLVED
attack_1474_prepare	dinner_attack_prepare	0	null	null	UNRESOLVED
attack_1475_charge	dinner_attack_charge	0	null	null	UNRESOLVED
attack_1475_prepare	dinner_attack_prepare	0	null	null	UNRESOLVED
attack_1476_charge	dinner_attack_charge	0	null	null	UNRESOLVED
attack_1476_prepare	dinner_attack_prepare	0	null	null	UNRESOLVED
attack_1477_charge	dinner_attack_charge	0	null	null	UNRESOLVED
attack_1477_prepare	dinner_attack_prepare	0	null	null	UNRESOLVED
attack_1478_charge	dinner_attack_charge	0	null	null	UNRESOLVED
attack_1478_prepare	dinner_attack_prepare	0	null	null	UNRESOLVED
attack_1479_charge	dinner_attack_charge	0	null	null	UNRESOLVED
attack_1479_prepare	dinner_attack_prepare	0	null	null	UNRESOLVED
attack_147_charge	dinner_attack_charge	0	null	null	UNRESOLVED
attack_147_prepare	dinner_attack_prepare	0	null	null	UNRESOLVED
attack_148	dinner_attack	0	null	null	UNRESOLVED
attack_1480_charge	dinner_attack_charge	0	null	null	UNRESOLVED
attack_1480_recover	dinner_attack_recover	0	null	null	UNRESOLVED
attack_1481_charge	dinner_attack_charge	0	null	null	UNRESOLVED
attack_1481_recover	dinner_attack_recover	0	null	null	UNRESOLVED
attack_1482_charge	dinner_attack_charge	0	null	null	UNRESOLVED
attack_1482_recover	dinner_attack_recover	0	null	null	UNRESOLVED
attack_1483_charge	dinner_attack_charge	0	null	null	UNRESOLVED
attack_1483_recover	dinner_attack_recover	0	null	null	UNRESOLVED
attack_1484_charge	dinner_attack_charge	0	null	null	UNRESOLVED
attack_1484_recover	dinner_attack_recover	0	null	null	UNRESOLVED
attack_1485_charge	dinner_attack_charge	0	null	null	UNRESOLVED
attack_1485_recover	dinner_attack_recover	0	null	null	UNRESOLVED
attack_1486_charge	dinner_attack_charge	0	null	null	UNRESOLVED
attack_1486_recover	dinner_attack_recover	0	null	null	UNRESOLVED
attack_1487_charge	dinner_attack_charge	0	null	null	UNRESOLVED
attack_1487_recover	dinner_attack_recover	0	null	null	UNRESOLVED
attack_1488_charge	dinner_attack_charge	0	null	null	UNRESOLVED
attack_1488_recover	dinner_attack_recover	0	null	null	UNRESOLVED
attack_1489_charge	dinner_attack_charge	0	null	null	UNRESOLVED
attack_1489_recover	dinner_attack_recover	0	null	null	UNRESOLVED
attack_148_charge	dinner_attack_charge	0	null	null	UNRESOLVED
attack_148_recover	dinner_attack_recover	0	null	null	UNRESOLVED
attack_1490_prepare	dinner_attack_prepare	6	null	null	UNRESOLVED
attack_1491_prepare	dinner_attack_prepare	6	null	null	UNRESOLVED
attack_1491_recover	dinner_attack_recover	6	null	null	UNRESOLVED
attack_1492_prepare	dinner_attack_prepare	6	null	null	UNRESOLVED
attack_1492_recover	dinner_attack_recover	6	null	null	UNRESOLVED
attack_1493_prepare	dinner_attack_prepare	6	null	null	UNRESOLVED
attack_1493_recover	dinner_attack_recover	6	null	null	UNRESOLVED
attack_1494_prepare	dinner_attack_prepare	6	null	null	UNRESOLVED
attack_1495_prepare	dinner_attack_prepare	6	null	null	UNRESOLVED
attack_1495_recover	dinner_attack_recover	6	null	null	UNRESOLVED
attack_1496_prepare	dinner_attack_prepare	6	null	null	UNRESOLVED
attack_1496_recover	dinner_attack_recover	6	null	null	UNRESOLVED
attack_1497_prepare	dinner_attack_prepare	6	null	null	UNRESOLVED
attack_1497_recover	dinner_attack_recover	6	null	null	UNRESOLVED
attack_1498_prepare	dinner_attack_prepare	6	null	null	UNRESOLVED
attack_1499_prepare	dinner_attack_prepare	6	null	null	UNRESOLVED
attack_149_charge	dinner_attack_charge	0	null	null	UNRESOLVED
attack_149_prepare	dinner_attack_prepare	0	null	null	UNRESOLVED
attack_14_charge	dinner_attack_charge	0	null	null	UNRESOLVED
attack_14_prepare	dinner_attack_prepare	0	null	null	UNRESOLVED
attack_150	dinner_attack	0	null	null	UNRESOLVED
attack_1500	dinner_attack	0	null	null	UNRESOLVED
attack_1500_charge	dinner_attack_charge	0	null	null	UNRESOLVED
attack_1500_recover	dinner_attack_recover	0	null	null	UNRESOLVED
attack_1501	dinner_attack	0	null	null	UNRESOLVED
attack_1501_charge	dinner_attack_charge	0	null	null	UNRESOLVED
attack_1501_recover	dinner_attack_recover	0	null	null	UNRESOLVED
attack_1502	dinner_attack	0	null	null	UNRESOLVED
attack_1502_charge	dinner_attack_charge	0	null	null	UNRESOLVED
attack_1502_recover	dinner_attack_recover	0	null	null	UNRESOLVED
attack_1503	dinner_attack	0	null	null	UNRESOLVED
attack_1503_charge	dinner_attack_charge	0	null	null	UNRESOLVED
attack_1503_recover	dinner_attack_recover	0	null	null	UNRESOLVED
attack_1504	dinner_attack	0	null	null	UNRESOLVED
attack_1504_charge	dinner_attack_charge	0	null	null	UNRESOLVED
attack_1504_recover	dinner_attack_recover	0	null	null	UNRESOLVED
attack_1505	dinner_attack	0	null	null	UNRESOLVED
attack_1505_charge	dinner_attack_charge	0	null	null	UNRESOLVED
attack_1505_recover	dinner_attack_recover	0	null	null	UNRESOLVED
attack_1506	dinner_attack	0	null	null	UNRESOLVED
attack_1506_charge	dinner_attack_charge	0	null	null	UNRESOLVED
attack_1506_recover	dinner_attack_recover	0	null	null	UNRESOLVED
attack_1507	dinner_attack	0	null	null	UNRESOLVED
attack_1507_charge	dinner_attack_charge	0	null	null	UNRESOLVED
attack_1507_recover	dinner_attack_recover	0	null	null	UNRESOLVED
attack_1508	dinner_attack	0	null	null	UNRESOLVED
attack_1508_charge	dinner_attack_charge	0	null	null	UNRESOLVED
attack_1508_recover	dinner_attack_recover	0	null	null	UNRESOLVED
attack_1509	dinner_attack	0	null	null	UNRESOLVED
attack_1509_charge	dinner_attack_charge	0	null	null	UNRESOLVED
attack_1509_recover	dinner_attack_recover	0	null	null	UNRESOLVED
attack_150_recover	dinner_attack_recover	0	null	null	UNRESOLVED
attack_151_prepare	dinner_attack_prepare	0	null	null	UNRESOLVED
attack_152	dinner_attack	0	null	null	UNRESOLVED
attack_1520_prepare	dinner_attack_prepare	0	null	null	UNRESOLVED
attack_1521_prepare	dinner_attack_prepare	0	null	null	UNRESOLVED
attack_1522_prepare	dinner_attack_prepare	0	null	null	UNRESOLVED
attack_1523_prepare	dinner_attack_prepare	0	null	null	UNRESOLVED
attack_1524_prepare	dinner_attack_prepare	0	null	null	UNRESOLVED
attack_1525_prepare	dinner_attack_prepare	0	null	null	UNRESOLVED
attack_1526_prepare	dinner_attack_prepare	0	null	null	UNRESOLVED
attack_1527_prepare	dinner_attack_prepare	0	null	null	UNRESOLVED
attack_1528_prepare	dinner_attack_prepare	0	null	null	UNRESOLVED
attack_1529_prepare	dinner_attack_prepare	0	null	null	UNRESOLVED
attack_152_charge	dinner_attack_charge	0	null	null	UNRESOLVED
attack_152_prepare	dinner_attack_prepare	0	null	null	UNRESOLVED
attack_1530	dinner_attack	0	null	null	UNRESOLVED
attack_1530_recover	dinner_attack_recover	0	null	null	UNRESOLVED
attack_1531	dinner_attack	0	null	null	UNRESOLVED
attack_1531_recover	dinner_attack_recover	0	null	null	UNRESOLVED
attack_1532	dinner_attack	0	null	null	UNRESOLVED
attack_1532_recover	dinner_attack_recover	0	null	null	UNRESOLVED
attack_1533	dinner_attack	0	null	null	UNRESOLVED
attack_1533_recover	dinner_attack_recover	0	null	null	UNRESOLVED
attack_1534	dinner_attack	0	null	null	UNRESOLVED
attack_1534_recover	dinner_attack_recover	0	null	null	UNRESOLVED
attack_1535	dinner_attack	0	null	null	UNRESOLVED
attack_1535_recover	dinner_attack_recover	0	null	null	UNRESOLVED
attack_1536	dinner_attack	0	null	null	UNRESOLVED
attack_1536_recover	dinner_attack_recover	0	null	null	UNRESOLVED
attack_1537	dinner_attack	0	null	null	UNRESOLVED
attack_1537_recover	dinner_attack_recover	0	null	null	UNRESOLVED
attack_1538	dinner_attack	0	null	null	UNRESOLVED
attack_1538_recover	dinner_attack_recover	0	null	null	UNRESOLVED
attack_1539	dinner_attack	0	null	null	UNRESOLVED
attack_1539_recover	dinner_attack_recover	0	null	null	UNRESOLVED
attack_153_charge	dinner_attack_charge	0	null	null	UNRESOLVED
attack_153_recover	dinner_attack_recover	0	null	null	UNRESOLVED
attack_1540_charge	dinner_attack_charge	0	null	null	UNRESOLVED
attack_1540_prepare	dinner_attack_prepare	0	null	null	UNRESOLVED
attack_1541_charge	dinner_attack_charge	0	null	null	UNRESOLVED
attack_1541_prepare	dinner_attack_prepare	0	null	null	UNRESOLVED
attack_1542_charge	dinner_attack_charge	0	null	null	UNRESOLVED
attack_1542_prepare	dinner_attack_prepare	0	null	null	UNRESOLVED
attack_1543_charge	dinner_attack_charge	0	null	null	UNRESOLVED
attack_1543_prepare	dinner_attack_prepare	0	null	null	UNRESOLVED
attack_1544_charge	dinner_attack_charge	0	null	null	UNRESOLVED
attack_1544_prepare	dinner_attack_prepare	0	null	null	UNRESOLVED
attack_1545_charge	dinner_attack_charge	0	null	null	UNRESOLVED
attack_1545_prepare	dinner_attack_prepare	0	null	null	UNRESOLVED
attack_1546_charge	dinner_attack_charge	0	null	null	UNRESOLVED
attack_1546_prepare	dinner_attack_prepare	0	null	null	UNRESOLVED
attack_1547_charge	dinner_attack_charge	0	null	null	UNRESOLVED
attack_1547_prepare	dinner_attack_prepare	0	null	null	UNRESOLVED
attack_1548_charge	dinner_attack_charge	0	null	null	UNRESOLVED
attack_1548_prepare	dinner_attack_prepare	0	null	null	UNRESOLVED
attack_1549_charge	dinner_attack_charge	0	null	null	UNRESOLVED
attack_1549_prepare	dinner_attack_prepare	0	null	null	UNRESOLVED
attack_1550	dinner_attack	0	null	null	UNRESOLVED
attack_155_prepare	dinner_attack_prepare	0	null	null	UNRESOLVED
attack_155_recover	dinner_attack_recover	0	null	null	UNRESOLVED
attack_156_charge	dinner_attack_charge	0	null	null	UNRESOLVED
attack_156_recover	dinner_attack_recover	0	null	null	UNRESOLVED
attack_157	dinner_attack	0	null	null	UNRESOLVED
attack_1570_charge	dinner_attack_charge	0	null	null	UNRESOLVED
attack_1570_prepare	dinner_attack_prepare	0	null	null	UNRESOLVED
attack_1571_charge	dinner_attack_charge	0	null	null	UNRESOLVED
attack_1571_prepare	dinner_attack_prepare	0	null	null	UNRESOLVED
attack_1572_charge	dinner_attack_charge	0	null	null	UNRESOLVED
attack_1572_prepare	dinner_attack_prepare	0	null	null	UNRESOLVED
attack_1573_charge	dinner_attack_charge	0	null	null	UNRESOLVED
attack_1573_prepare	dinner_attack_prepare	0	null	null	UNRESOLVED
attack_1574_charge	dinner_attack_charge	0	null	null	UNRESOLVED
attack_1574_prepare	dinner_attack_prepare	0	null	null	UNRESOLVED
attack_1575_charge	dinner_attack_charge	0	null	null	UNRESOLVED
attack_1575_prepare	dinner_attack_prepare	0	null	null	UNRESOLVED
attack_1576_charge	dinner_attack_charge	0	null	null	UNRESOLVED
attack_1576_prepare	dinner_attack_prepare	0	null	null	UNRESOLVED
attack_1577_charge	dinner_attack_charge	0	null	null	UNRESOLVED
attack_1577_prepare	dinner_attack_prepare	0	null	null	UNRESOLVED
attack_1578_charge	dinner_attack_charge	0	null	null	UNRESOLVED
attack_1578_prepare	dinner_attack_prepare	0	null	null	UNRESOLVED
attack_1579_charge	dinner_attack_charge	0	null	null	UNRESOLVED
attack_1579_prepare	dinner_attack_prepare	0	null	null	UNRESOLVED
attack_157_charge	dinner_attack_charge	0	null	null	UNRESOLVED
attack_157_prepare	dinner_attack_prepare	0	null	null	UNRESOLVED
attack_158	dinner_attack	0	null	null	UNRESOLVED
attack_1580_charge	dinner_attack_charge	0	null	null	UNRESOLVED
attack_1580_recover	dinner_attack_recover	0	null	null	UNRESOLVED
attack_1581_charge	dinner_attack_charge	0	null	null	UNRESOLVED
attack_1581_recover	dinner_attack_recover	0	null	null	UNRESOLVED
attack_1582_charge	dinner_attack_charge	0	null	null	UNRESOLVED
attack_1582_recover	dinner_attack_recover	0	null	null	UNRESOLVED
attack_1583_charge	dinner_attack_charge	0	null	null	UNRESOLVED
attack_1583_recover	dinner_attack_recover	0	null	null	UNRESOLVED
attack_1584_charge	dinner_attack_charge	0	null	null	UNRESOLVED
attack_1584_recover	dinner_attack_recover	0	null	null	UNRESOLVED
attack_1585_charge	dinner_attack_charge	0	null	null	UNRESOLVED
attack_1585_recover	dinner_attack_recover	0	null	null	UNRESOLVED
attack_1586_charge	dinner_attack_charge	0	null	null	UNRESOLVED
attack_1586_recover	dinner_attack_recover	0	null	null	UNRESOLVED
attack_1587_charge	dinner_attack_charge	0	null	null	UNRESOLVED
attack_1587_recover	dinner_attack_recover	0	null	null	UNRESOLVED
attack_1588_charge	dinner_attack_charge	0	null	null	UNRESOLVED
attack_1588_recover	dinner_attack_recover	0	null	null	UNRESOLVED
attack_1589_charge	dinner_attack_charge	0	null	null	UNRESOLVED
attack_1589_recover	dinner_attack_recover	0	null	null	UNRESOLVED
attack_158_charge	dinner_attack_charge	0	null	null	UNRESOLVED
attack_158_recover	dinner_attack_recover	0	null	null	UNRESOLVED
attack_1590_prepare	dinner_attack_prepare	6	null	null	UNRESOLVED
attack_1591_prepare	dinner_attack_prepare	6	null	null	UNRESOLVED
attack_1592_prepare	dinner_attack_prepare	6	null	null	UNRESOLVED
attack_1593_prepare	dinner_attack_prepare	6	null	null	UNRESOLVED
attack_1594_prepare	dinner_attack_prepare	6	null	null	UNRESOLVED
attack_1595_prepare	dinner_attack_prepare	6	null	null	UNRESOLVED
attack_1596_prepare	dinner_attack_prepare	6	null	null	UNRESOLVED
attack_1597_prepare	dinner_attack_prepare	6	null	null	UNRESOLVED
attack_1598_prepare	dinner_attack_prepare	6	null	null	UNRESOLVED
attack_1599_prepare	dinner_attack_prepare	6	null	null	UNRESOLVED
attack_159_charge	dinner_attack_charge	0	null	null	UNRESOLVED
attack_159_prepare	dinner_attack_prepare	0	null	null	UNRESOLVED
attack_15_charge	dinner_attack_charge	0	null	null	UNRESOLVED
attack_15_prepare	dinner_attack_prepare	0	null	null	UNRESOLVED
attack_160	dinner_attack	0	null	null	UNRESOLVED
attack_1600	dinner_attack	0	null	null	UNRESOLVED
attack_1600_charge	dinner_attack_charge	0	null	null	UNRESOLVED
attack_1600_recover	dinner_attack_recover	0	null	null	UNRESOLVED
attack_1601	dinner_attack	0	null	null	UNRESOLVED
attack_1601_charge	dinner_attack_charge	0	null	null	UNRESOLVED
attack_1601_recover	dinner_attack_recover	0	null	null	UNRESOLVED
attack_1602	dinner_attack	0	null	null	UNRESOLVED
attack_1602_charge	dinner_attack_charge	0	null	null	UNRESOLVED
attack_1602_recover	dinner_attack_recover	0	null	null	UNRESOLVED
attack_1603	dinner_attack	0	null	null	UNRESOLVED
attack_1603_charge	dinner_attack_charge	0	null	null	UNRESOLVED
attack_1603_recover	dinner_attack_recover	0	null	null	UNRESOLVED
attack_1604	dinner_attack	0	null	null	UNRESOLVED
attack_1604_charge	dinner_attack_charge	0	null	null	UNRESOLVED
attack_1604_recover	dinner_attack_recover	0	null	null	UNRESOLVED
attack_1605	dinner_attack	0	null	null	UNRESOLVED
attack_1605_charge	dinner_attack_charge	0	null	null	UNRESOLVED
attack_1605_prepare	dinner_attack_prepare	0	null	null	UNRESOLVED
attack_1605_recover	dinner_attack_recover	0	null	null	UNRESOLVED
attack_1606	dinner_attack	0	null	null	UNRESOLVED
attack_1606_charge	dinner_attack_charge	0	null	null	UNRESOLVED
attack_1606_recover	dinner_attack_recover	0	null	null	UNRESOLVED
attack_1607	dinner_attack	0	null	null	UNRESOLVED
attack_1607_charge	dinner_attack_charge	0	null	null	UNRESOLVED
attack_1607_recover	dinner_attack_recover	0	null	null	UNRESOLVED
attack_1608	dinner_attack	0	null	null	UNRESOLVED
attack_1608_charge	dinner_attack_charge	0	null	null	UNRESOLVED
attack_1608_recover	dinner_attack_recover	0	null	null	UNRESOLVED
attack_1609	dinner_attack	0	null	null	UNRESOLVED
attack_1609_charge	dinner_attack_charge	0	null	null	UNRESOLVED
attack_1609_recover	dinner_attack_recover	0	null	null	UNRESOLVED
attack_160_recover	dinner_attack_recover	0	null	null	UNRESOLVED
attack_161_prepare	dinner_attack_prepare	0	null	null	UNRESOLVED
attack_162	dinner_attack	0	null	null	UNRESOLVED
attack_1620_prepare	dinner_attack_prepare	0	null	null	UNRESOLVED
attack_1621_prepare	dinner_attack_prepare	0	null	null	UNRESOLVED
attack_1622_prepare	dinner_attack_prepare	0	null	null	UNRESOLVED
attack_1623_prepare	dinner_attack_prepare	0	null	null	UNRESOLVED
attack_1624_prepare	dinner_attack_prepare	0	null	null	UNRESOLVED
attack_1625_prepare	dinner_attack_prepare	0	null	null	UNRESOLVED
attack_1626_prepare	dinner_attack_prepare	0	null	null	UNRESOLVED
attack_1627_prepare	dinner_attack_prepare	0	null	null	UNRESOLVED
attack_1628_prepare	dinner_attack_prepare	0	null	null	UNRESOLVED
attack_1629_prepare	dinner_attack_prepare	0	null	null	UNRESOLVED
attack_162_charge	dinner_attack_charge	0	null	null	UNRESOLVED
attack_162_prepare	dinner_attack_prepare	0	null	null	UNRESOLVED
attack_1630	dinner_attack	0	null	null	UNRESOLVED
attack_1630_recover	dinner_attack_recover	0	null	null	UNRESOLVED
attack_163_charge	dinner_attack_charge	0	null	null	UNRESOLVED
attack_163_recover	dinner_attack_recover	0	null	null	UNRESOLVED
attack_165_prepare	dinner_attack_prepare	0	null	null	UNRESOLVED
attack_165_recover	dinner_attack_recover	0	null	null	UNRESOLVED
attack_166_charge	dinner_attack_charge	0	null	null	UNRESOLVED
attack_166_recover	dinner_attack_recover	0	null	null	UNRESOLVED
attack_167	dinner_attack	0	null	null	UNRESOLVED
attack_1670_charge	dinner_attack_charge	0	null	null	UNRESOLVED
attack_1670_prepare	dinner_attack_prepare	0	null	null	UNRESOLVED
attack_1671_charge	dinner_attack_charge	0	null	null	UNRESOLVED
attack_1671_prepare	dinner_attack_prepare	0	null	null	UNRESOLVED
attack_1672_charge	dinner_attack_charge	0	null	null	UNRESOLVED
attack_1672_prepare	dinner_attack_prepare	0	null	null	UNRESOLVED
attack_1673_charge	dinner_attack_charge	0	null	null	UNRESOLVED
attack_1673_prepare	dinner_attack_prepare	0	null	null	UNRESOLVED
attack_1674_charge	dinner_attack_charge	0	null	null	UNRESOLVED
attack_1674_prepare	dinner_attack_prepare	0	null	null	UNRESOLVED
attack_1675_charge	dinner_attack_charge	0	null	null	UNRESOLVED
attack_1675_prepare	dinner_attack_prepare	0	null	null	UNRESOLVED
attack_1676_charge	dinner_attack_charge	0	null	null	UNRESOLVED
attack_1676_prepare	dinner_attack_prepare	0	null	null	UNRESOLVED
attack_1677_charge	dinner_attack_charge	0	null	null	UNRESOLVED
attack_1677_prepare	dinner_attack_prepare	0	null	null	UNRESOLVED
attack_1678_charge	dinner_attack_charge	0	null	null	UNRESOLVED
attack_1678_prepare	dinner_attack_prepare	0	null	null	UNRESOLVED
attack_1679_charge	dinner_attack_charge	0	null	null	UNRESOLVED
attack_1679_prepare	dinner_attack_prepare	0	null	null	UNRESOLVED
attack_167_charge	dinner_attack_charge	0	null	null	UNRESOLVED
attack_167_prepare	dinner_attack_prepare	0	null	null	UNRESOLVED
attack_168	dinner_attack	0	null	null	UNRESOLVED
attack_1680_charge	dinner_attack_charge	0	null	null	UNRESOLVED
attack_1680_recover	dinner_attack_recover	0	null	null	UNRESOLVED
attack_1681_charge	dinner_attack_charge	0	null	null	UNRESOLVED
attack_1681_recover	dinner_attack_recover	0	null	null	UNRESOLVED
attack_1682_charge	dinner_attack_charge	0	null	null	UNRESOLVED
attack_1682_recover	dinner_attack_recover	0	null	null	UNRESOLVED
attack_1683_charge	dinner_attack_charge	0	null	null	UNRESOLVED
attack_1683_recover	dinner_attack_recover	0	null	null	UNRESOLVED
attack_1684_charge	dinner_attack_charge	0	null	null	UNRESOLVED
attack_1684_recover	dinner_attack_recover	0	null	null	UNRESOLVED
attack_1685_charge	dinner_attack_charge	0	null	null	UNRESOLVED
attack_1685_recover	dinner_attack_recover	0	null	null	UNRESOLVED
attack_1686_charge	dinner_attack_charge	0	null	null	UNRESOLVED
attack_1686_recover	dinner_attack_recover	0	null	null	UNRESOLVED
attack_1687_charge	dinner_attack_charge	0	null	null	UNRESOLVED
attack_1687_recover	dinner_attack_recover	0	null	null	UNRESOLVED
attack_1688_charge	dinner_attack_charge	0	null	null	UNRESOLVED
attack_1688_recover	dinner_attack_recover	0	null	null	UNRESOLVED
attack_1689_charge	dinner_attack_charge	0	null	null	UNRESOLVED
attack_1689_recover	dinner_attack_recover	0	null	null	UNRESOLVED
attack_168_charge	dinner_attack_charge	0	null	null	UNRESOLVED
attack_168_recover	dinner_attack_recover	0	null	null	UNRESOLVED
attack_1690_prepare	dinner_attack_prepare	6	null	null	UNRESOLVED
attack_1690_recover	dinner_attack_recover	6	null	null	UNRESOLVED
attack_1691_prepare	dinner_attack_prepare	6	null	null	UNRESOLVED
attack_1691_recover	dinner_attack_recover	6	null	null	UNRESOLVED
attack_1692_prepare	dinner_attack_prepare	6	null	null	UNRESOLVED
attack_1692_recover	dinner_attack_recover	6	null	null	UNRESOLVED
attack_1693_prepare	dinner_attack_prepare	6	null	null	UNRESOLVED
attack_1693_recover	dinner_attack_recover	6	null	null	UNRESOLVED
attack_1694_prepare	dinner_attack_prepare	6	null	null	UNRESOLVED
attack_1694_recover	dinner_attack_recover	6	null	null	UNRESOLVED
attack_1695_prepare	dinner_attack_prepare	6	null	null	UNRESOLVED
attack_1695_recover	dinner_attack_recover	6	null	null	UNRESOLVED
attack_1696_prepare	dinner_attack_prepare	6	null	null	UNRESOLVED
attack_1696_recover	dinner_attack_recover	6	null	null	UNRESOLVED
attack_1697_prepare	dinner_attack_prepare	6	null	null	UNRESOLVED
attack_1697_recover	dinner_attack_recover	6	null	null	UNRESOLVED
attack_1698_prepare	dinner_attack_prepare	6	null	null	UNRESOLVED
attack_1698_recover	dinner_attack_recover	6	null	null	UNRESOLVED
attack_1699_prepare	dinner_attack_prepare	6	null	null	UNRESOLVED
attack_1699_recover	dinner_attack_recover	6	null	null	UNRESOLVED
attack_169_charge	dinner_attack_charge	0	null	null	UNRESOLVED
attack_169_prepare	dinner_attack_prepare	0	null	null	UNRESOLVED
attack_170	dinner_attack	0	null	null	UNRESOLVED
attack_1700	dinner_attack	0	null	null	UNRESOLVED
attack_1700_charge	dinner_attack_charge	0	null	null	UNRESOLVED
attack_1700_recover	dinner_attack_recover	0	null	null	UNRESOLVED
attack_1701	dinner_attack	0	null	null	UNRESOLVED
attack_1701_charge	dinner_attack_charge	0	null	null	UNRESOLVED
attack_1701_recover	dinner_attack_recover	0	null	null	UNRESOLVED
attack_1702	dinner_attack	0	null	null	UNRESOLVED
attack_1702_charge	dinner_attack_charge	0	null	null	UNRESOLVED
attack_1702_recover	dinner_attack_recover	0	null	null	UNRESOLVED
attack_1703	dinner_attack	0	null	null	UNRESOLVED
attack_1703_charge	dinner_attack_charge	0	null	null	UNRESOLVED
attack_1703_recover	dinner_attack_recover	0	null	null	UNRESOLVED
attack_1704	dinner_attack	0	null	null	UNRESOLVED
attack_1704_charge	dinner_attack_charge	0	null	null	UNRESOLVED
attack_1704_recover	dinner_attack_recover	0	null	null	UNRESOLVED
attack_1705	dinner_attack	0	null	null	UNRESOLVED
attack_1705_charge	dinner_attack_charge	0	null	null	UNRESOLVED
attack_1705_recover	dinner_attack_recover	0	null	null	UNRESOLVED
attack_1706	dinner_attack	0	null	null	UNRESOLVED
attack_1706_charge	dinner_attack_charge	0	null	null	UNRESOLVED
attack_1706_recover	dinner_attack_recover	0	null	null	UNRESOLVED
attack_1707	dinner_attack	0	null	null	UNRESOLVED
attack_1707_charge	dinner_attack_charge	0	null	null	UNRESOLVED
attack_1707_recover	dinner_attack_recover	0	null	null	UNRESOLVED
attack_1708	dinner_attack	0	null	null	UNRESOLVED
attack_1708_charge	dinner_attack_charge	0	null	null	UNRESOLVED
attack_1708_recover	dinner_attack_recover	0	null	null	UNRESOLVED
attack_1709	dinner_attack	0	null	null	UNRESOLVED
attack_1709_charge	dinner_attack_charge	0	null	null	UNRESOLVED
attack_1709_recover	dinner_attack_recover	0	null	null	UNRESOLVED
attack_170_recover	dinner_attack_recover	0	null	null	UNRESOLVED
attack_171_prepare	dinner_attack_prepare	0	null	null	UNRESOLVED
attack_172	dinner_attack	0	null	null	UNRESOLVED
attack_1720_prepare	dinner_attack_prepare	0	null	null	UNRESOLVED
attack_1721_prepare	dinner_attack_prepare	0	null	null	UNRESOLVED
attack_1722_prepare	dinner_attack_prepare	0	null	null	UNRESOLVED
attack_1723_prepare	dinner_attack_prepare	0	null	null	UNRESOLVED
attack_1724_prepare	dinner_attack_prepare	0	null	null	UNRESOLVED
attack_1725_prepare	dinner_attack_prepare	0	null	null	UNRESOLVED
attack_1726_prepare	dinner_attack_prepare	0	null	null	UNRESOLVED
attack_1727_prepare	dinner_attack_prepare	0	null	null	UNRESOLVED
attack_1728_prepare	dinner_attack_prepare	0	null	null	UNRESOLVED
attack_1729_prepare	dinner_attack_prepare	0	null	null	UNRESOLVED
attack_172_charge	dinner_attack_charge	0	null	null	UNRESOLVED
attack_172_prepare	dinner_attack_prepare	0	null	null	UNRESOLVED
attack_1730	dinner_attack	0	null	null	UNRESOLVED
attack_1730_recover	dinner_attack_recover	0	null	null	UNRESOLVED
attack_173_charge	dinner_attack_charge	0	null	null	UNRESOLVED
attack_173_recover	dinner_attack_recover	0	null	null	UNRESOLVED
attack_175_prepare	dinner_attack_prepare	0	null	null	UNRESOLVED
attack_175_recover	dinner_attack_recover	0	null	null	UNRESOLVED
attack_176_charge	dinner_attack_charge	0	null	null	UNRESOLVED
attack_176_recover	dinner_attack_recover	0	null	null	UNRESOLVED
attack_177	dinner_attack	0	null	null	UNRESOLVED
attack_1770_charge	dinner_attack_charge	0	null	null	UNRESOLVED
attack_1770_prepare	dinner_attack_prepare	0	null	null	UNRESOLVED
attack_1771_charge	dinner_attack_charge	0	null	null	UNRESOLVED
attack_1771_prepare	dinner_attack_prepare	0	null	null	UNRESOLVED
attack_1772_charge	dinner_attack_charge	0	null	null	UNRESOLVED
attack_1772_prepare	dinner_attack_prepare	0	null	null	UNRESOLVED
attack_1773_charge	dinner_attack_charge	0	null	null	UNRESOLVED
attack_1773_prepare	dinner_attack_prepare	0	null	null	UNRESOLVED
attack_1774_charge	dinner_attack_charge	0	null	null	UNRESOLVED
attack_1774_prepare	dinner_attack_prepare	0	null	null	UNRESOLVED
attack_1775_charge	dinner_attack_charge	0	null	null	UNRESOLVED
attack_1775_prepare	dinner_attack_prepare	0	null	null	UNRESOLVED
attack_1776_charge	dinner_attack_charge	0	null	null	UNRESOLVED
attack_1776_prepare	dinner_attack_prepare	0	null	null	UNRESOLVED
attack_1777_charge	dinner_attack_charge	0	null	null	UNRESOLVED
attack_1777_prepare	dinner_attack_prepare	0	null	null	UNRESOLVED
attack_1778_charge	dinner_attack_charge	0	null	null	UNRESOLVED
attack_1778_prepare	dinner_attack_prepare	0	null	null	UNRESOLVED
attack_1779_charge	dinner_attack_charge	0	null	null	UNRESOLVED
attack_1779_prepare	dinner_attack_prepare	0	null	null	UNRESOLVED
attack_177_charge	dinner_attack_charge	0	null	null	UNRESOLVED
attack_177_prepare	dinner_attack_prepare	0	null	null	UNRESOLVED
attack_178	dinner_attack	0	null	null	UNRESOLVED
attack_1780_charge	dinner_attack_charge	0	null	null	UNRESOLVED
attack_1780_recover	dinner_attack_recover	0	null	null	UNRESOLVED
attack_1781_charge	dinner_attack_charge	0	null	null	UNRESOLVED
attack_1781_recover	dinner_attack_recover	0	null	null	UNRESOLVED
attack_1782_charge	dinner_attack_charge	0	null	null	UNRESOLVED
attack_1782_recover	dinner_attack_recover	0	null	null	UNRESOLVED
attack_1783_charge	dinner_attack_charge	0	null	null	UNRESOLVED
attack_1783_recover	dinner_attack_recover	0	null	null	UNRESOLVED
attack_1784_charge	dinner_attack_charge	0	null	null	UNRESOLVED
attack_1784_recover	dinner_attack_recover	0	null	null	UNRESOLVED
attack_1785_charge	dinner_attack_charge	0	null	null	UNRESOLVED
attack_1785_recover	dinner_attack_recover	0	null	null	UNRESOLVED
attack_1786_charge	dinner_attack_charge	0	null	null	UNRESOLVED
attack_1786_recover	dinner_attack_recover	0	null	null	UNRESOLVED
attack_1787_charge	dinner_attack_charge	0	null	null	UNRESOLVED
attack_1787_recover	dinner_attack_recover	0	null	null	UNRESOLVED
attack_1788_charge	dinner_attack_charge	0	null	null	UNRESOLVED
attack_1788_recover	dinner_attack_recover	0	null	null	UNRESOLVED
attack_1789_charge	dinner_attack_charge	0	null	null	UNRESOLVED
attack_1789_recover	dinner_attack_recover	0	null	null	UNRESOLVED
attack_178_charge	dinner_attack_charge	0	null	null	UNRESOLVED
attack_178_recover	dinner_attack_recover	0	null	null	UNRESOLVED
attack_1790_prepare	dinner_attack_prepare	6	null	null	UNRESOLVED
attack_1790_recover	dinner_attack_recover	6	null	null	UNRESOLVED
attack_1791_prepare	dinner_attack_prepare	6	null	null	UNRESOLVED
attack_1791_recover	dinner_attack_recover	6	null	null	UNRESOLVED
attack_1792_prepare	dinner_attack_prepare	6	null	null	UNRESOLVED
attack_1792_recover	dinner_attack_recover	6	null	null	UNRESOLVED
attack_1793_prepare	dinner_attack_prepare	6	null	null	UNRESOLVED
attack_1793_recover	dinner_attack_recover	6	null	null	UNRESOLVED
attack_1794_prepare	dinner_attack_prepare	6	null	null	UNRESOLVED
attack_1794_recover	dinner_attack_recover	6	null	null	UNRESOLVED
attack_1795_prepare	dinner_attack_prepare	6	null	null	UNRESOLVED
attack_1795_recover	dinner_attack_recover	6	null	null	UNRESOLVED
attack_1796_prepare	dinner_attack_prepare	6	null	null	UNRESOLVED
attack_1796_recover	dinner_attack_recover	6	null	null	UNRESOLVED
attack_1797_prepare	dinner_attack_prepare	6	null	null	UNRESOLVED
attack_1797_recover	dinner_attack_recover	6	null	null	UNRESOLVED
attack_1798_prepare	dinner_attack_prepare	6	null	null	UNRESOLVED
attack_1798_recover	dinner_attack_recover	6	null	null	UNRESOLVED
attack_1799_prepare	dinner_attack_prepare	6	null	null	UNRESOLVED
attack_1799_recover	dinner_attack_recover	6	null	null	UNRESOLVED
attack_179_charge	dinner_attack_charge	0	null	null	UNRESOLVED
attack_179_prepare	dinner_attack_prepare	0	null	null	UNRESOLVED
attack_180	dinner_attack	0	null	null	UNRESOLVED
attack_1800	dinner_attack	0	null	null	UNRESOLVED
attack_1800_charge	dinner_attack_charge	0	null	null	UNRESOLVED
attack_1800_recover	dinner_attack_recover	0	null	null	UNRESOLVED
attack_1801	dinner_attack	0	null	null	UNRESOLVED
attack_1801_charge	dinner_attack_charge	0	null	null	UNRESOLVED
attack_1801_recover	dinner_attack_recover	0	null	null	UNRESOLVED
attack_1802	dinner_attack	0	null	null	UNRESOLVED
attack_1802_charge	dinner_attack_charge	0	null	null	UNRESOLVED
attack_1802_recover	dinner_attack_recover	0	null	null	UNRESOLVED
attack_1803	dinner_attack	0	null	null	UNRESOLVED
attack_1803_charge	dinner_attack_charge	0	null	null	UNRESOLVED
attack_1803_recover	dinner_attack_recover	0	null	null	UNRESOLVED
attack_1804	dinner_attack	0	null	null	UNRESOLVED
attack_1804_charge	dinner_attack_charge	0	null	null	UNRESOLVED
attack_1804_recover	dinner_attack_recover	0	null	null	UNRESOLVED
attack_1805	dinner_attack	0	null	null	UNRESOLVED
attack_1805_charge	dinner_attack_charge	0	null	null	UNRESOLVED
attack_1805_recover	dinner_attack_recover	0	null	null	UNRESOLVED
attack_1806	dinner_attack	0	null	null	UNRESOLVED
attack_1806_charge	dinner_attack_charge	0	null	null	UNRESOLVED
attack_1806_recover	dinner_attack_recover	0	null	null	UNRESOLVED
attack_1807	dinner_attack	0	null	null	UNRESOLVED
attack_1807_charge	dinner_attack_charge	0	null	null	UNRESOLVED
attack_1807_recover	dinner_attack_recover	0	null	null	UNRESOLVED
attack_1808	dinner_attack	0	null	null	UNRESOLVED
attack_1808_charge	dinner_attack_charge	0	null	null	UNRESOLVED
attack_1808_recover	dinner_attack_recover	0	null	null	UNRESOLVED
attack_1809	dinner_attack	0	null	null	UNRESOLVED
attack_1809_charge	dinner_attack_charge	0	null	null	UNRESOLVED
attack_1809_recover	dinner_attack_recover	0	null	null	UNRESOLVED
attack_180_recover	dinner_attack_recover	0	null	null	UNRESOLVED
attack_181_prepare	dinner_attack_prepare	0	null	null	UNRESOLVED
attack_182	dinner_attack	0	null	null	UNRESOLVED
attack_1820_prepare	dinner_attack_prepare	0	null	null	UNRESOLVED
attack_1821_prepare	dinner_attack_prepare	0	null	null	UNRESOLVED
attack_1822_prepare	dinner_attack_prepare	0	null	null	UNRESOLVED
attack_1823_prepare	dinner_attack_prepare	0	null	null	UNRESOLVED
attack_1824_prepare	dinner_attack_prepare	0	null	null	UNRESOLVED
attack_1825_prepare	dinner_attack_prepare	0	null	null	UNRESOLVED
attack_1826_prepare	dinner_attack_prepare	0	null	null	UNRESOLVED
attack_1827_prepare	dinner_attack_prepare	0	null	null	UNRESOLVED
attack_1828_prepare	dinner_attack_prepare	0	null	null	UNRESOLVED
attack_1829_prepare	dinner_attack_prepare	0	null	null	UNRESOLVED
attack_182_charge	dinner_attack_charge	0	null	null	UNRESOLVED
attack_182_prepare	dinner_attack_prepare	0	null	null	UNRESOLVED
attack_1830	dinner_attack	0	null	null	UNRESOLVED
attack_1830_recover	dinner_attack_recover	0	null	null	UNRESOLVED
attack_1831	dinner_attack	0	null	null	UNRESOLVED
attack_1831_recover	dinner_attack_recover	0	null	null	UNRESOLVED
attack_1832	dinner_attack	0	null	null	UNRESOLVED
attack_1832_recover	dinner_attack_recover	0	null	null	UNRESOLVED
attack_1833	dinner_attack	0	null	null	UNRESOLVED
attack_1833_recover	dinner_attack_recover	0	null	null	UNRESOLVED
attack_1834	dinner_attack	0	null	null	UNRESOLVED
attack_1834_recover	dinner_attack_recover	0	null	null	UNRESOLVED
attack_1835	dinner_attack	0	null	null	UNRESOLVED
attack_1835_recover	dinner_attack_recover	0	null	null	UNRESOLVED
attack_1836	dinner_attack	0	null	null	UNRESOLVED
attack_1836_recover	dinner_attack_recover	0	null	null	UNRESOLVED
attack_1837	dinner_attack	0	null	null	UNRESOLVED
attack_1837_recover	dinner_attack_recover	0	null	null	UNRESOLVED
attack_1838	dinner_attack	0	null	null	UNRESOLVED
attack_1838_recover	dinner_attack_recover	0	null	null	UNRESOLVED
attack_1839	dinner_attack	0	null	null	UNRESOLVED
attack_1839_recover	dinner_attack_recover	0	null	null	UNRESOLVED
attack_183_charge	dinner_attack_charge	0	null	null	UNRESOLVED
attack_183_recover	dinner_attack_recover	0	null	null	UNRESOLVED
attack_1840_charge	dinner_attack_charge	0	null	null	UNRESOLVED
attack_1840_prepare	dinner_attack_prepare	0	null	null	UNRESOLVED
attack_1841_charge	dinner_attack_charge	0	null	null	UNRESOLVED
attack_1841_prepare	dinner_attack_prepare	0	null	null	UNRESOLVED
attack_1842_charge	dinner_attack_charge	0	null	null	UNRESOLVED
attack_1842_prepare	dinner_attack_prepare	0	null	null	UNRESOLVED
attack_1843_charge	dinner_attack_charge	0	null	null	UNRESOLVED
attack_1843_prepare	dinner_attack_prepare	0	null	null	UNRESOLVED
attack_1844_charge	dinner_attack_charge	0	null	null	UNRESOLVED
attack_1844_prepare	dinner_attack_prepare	0	null	null	UNRESOLVED
attack_1845_charge	dinner_attack_charge	0	null	null	UNRESOLVED
attack_1845_prepare	dinner_attack_prepare	0	null	null	UNRESOLVED
attack_1846_charge	dinner_attack_charge	0	null	null	UNRESOLVED
attack_1846_prepare	dinner_attack_prepare	0	null	null	UNRESOLVED
attack_1847_charge	dinner_attack_charge	0	null	null	UNRESOLVED
attack_1847_prepare	dinner_attack_prepare	0	null	null	UNRESOLVED
attack_1848_charge	dinner_attack_charge	0	null	null	UNRESOLVED
attack_1848_prepare	dinner_attack_prepare	0	null	null	UNRESOLVED
attack_1849_charge	dinner_attack_charge	0	null	null	UNRESOLVED
attack_1849_prepare	dinner_attack_prepare	0	null	null	UNRESOLVED
attack_1850	dinner_attack	0	null	null	UNRESOLVED
attack_1850_recover	dinner_attack_recover	0	null	null	UNRESOLVED
attack_185_prepare	dinner_attack_prepare	0	null	null	UNRESOLVED
attack_185_recover	dinner_attack_recover	0	null	null	UNRESOLVED
attack_186_charge	dinner_attack_charge	0	null	null	UNRESOLVED
attack_186_recover	dinner_attack_recover	0	null	null	UNRESOLVED
attack_187	dinner_attack	0	null	null	UNRESOLVED
attack_1870_charge	dinner_attack_charge	0	null	null	UNRESOLVED
attack_1870_prepare	dinner_attack_prepare	0	null	null	UNRESOLVED
attack_1871_charge	dinner_attack_charge	0	null	null	UNRESOLVED
attack_1871_prepare	dinner_attack_prepare	0	null	null	UNRESOLVED
attack_1872_charge	dinner_attack_charge	0	null	null	UNRESOLVED
attack_1872_prepare	dinner_attack_prepare	0	null	null	UNRESOLVED
attack_1873_charge	dinner_attack_charge	0	null	null	UNRESOLVED
attack_1873_prepare	dinner_attack_prepare	0	null	null	UNRESOLVED
attack_1874_charge	dinner_attack_charge	0	null	null	UNRESOLVED
attack_1874_prepare	dinner_attack_prepare	0	null	null	UNRESOLVED
attack_1875_charge	dinner_attack_charge	0	null	null	UNRESOLVED
attack_1875_prepare	dinner_attack_prepare	0	null	null	UNRESOLVED
attack_1876_charge	dinner_attack_charge	0	null	null	UNRESOLVED
attack_1876_prepare	dinner_attack_prepare	0	null	null	UNRESOLVED
attack_1877_charge	dinner_attack_charge	0	null	null	UNRESOLVED
attack_1877_prepare	dinner_attack_prepare	0	null	null	UNRESOLVED
attack_1878_charge	dinner_attack_charge	0	null	null	UNRESOLVED
attack_1878_prepare	dinner_attack_prepare	0	null	null	UNRESOLVED
attack_1879_charge	dinner_attack_charge	0	null	null	UNRESOLVED
attack_1879_prepare	dinner_attack_prepare	0	null	null	UNRESOLVED
attack_187_charge	dinner_attack_charge	0	null	null	UNRESOLVED
attack_187_prepare	dinner_attack_prepare	0	null	null	UNRESOLVED
attack_188	dinner_attack	0	null	null	UNRESOLVED
attack_1880_charge	dinner_attack_charge	0	null	null	UNRESOLVED
attack_1880_prepare	dinner_attack_prepare	0	null	null	UNRESOLVED
attack_1880_recover	dinner_attack_recover	0	null	null	UNRESOLVED
attack_1881_charge	dinner_attack_charge	0	null	null	UNRESOLVED
attack_1881_recover	dinner_attack_recover	0	null	null	UNRESOLVED
attack_1882_charge	dinner_attack_charge	0	null	null	UNRESOLVED
attack_1882_recover	dinner_attack_recover	0	null	null	UNRESOLVED
attack_1883_charge	dinner_attack_charge	0	null	null	UNRESOLVED
attack_1883_prepare	dinner_attack_prepare	0	null	null	UNRESOLVED
attack_1883_recover	dinner_attack_recover	0	null	null	UNRESOLVED
attack_1884_charge	dinner_attack_charge	0	null	null	UNRESOLVED
attack_1884_prepare	dinner_attack_prepare	0	null	null	UNRESOLVED
attack_1884_recover	dinner_attack_recover	0	null	null	UNRESOLVED
attack_1885_charge	dinner_attack_charge	0	null	null	UNRESOLVED
attack_1885_prepare	dinner_attack_prepare	0	null	null	UNRESOLVED
attack_1885_recover	dinner_attack_recover	0	null	null	UNRESOLVED
attack_1886_charge	dinner_attack_charge	0	null	null	UNRESOLVED
attack_1886_prepare	dinner_attack_prepare	0	null	null	UNRESOLVED
attack_1886_recover	dinner_attack_recover	0	null	null	UNRESOLVED
attack_1887_charge	dinner_attack_charge	0	null	null	UNRESOLVED
attack_1887_prepare	dinner_attack_prepare	0	null	null	UNRESOLVED
attack_1887_recover	dinner_attack_recover	0	null	null	UNRESOLVED
attack_1888_charge	dinner_attack_charge	0	null	null	UNRESOLVED
attack_1888_recover	dinner_attack_recover	0	null	null	UNRESOLVED
attack_1889_charge	dinner_attack_charge	0	null	null	UNRESOLVED
attack_1889_recover	dinner_attack_recover	0	null	null	UNRESOLVED
attack_188_charge	dinner_attack_charge	0	null	null	UNRESOLVED
attack_188_recover	dinner_attack_recover	0	null	null	UNRESOLVED
attack_1890_prepare	dinner_attack_prepare	6	null	null	UNRESOLVED
attack_1891_prepare	dinner_attack_prepare	6	null	null	UNRESOLVED
attack_1892_prepare	dinner_attack_prepare	6	null	null	UNRESOLVED
attack_1893_prepare	dinner_attack_prepare	6	null	null	UNRESOLVED
attack_1894_prepare	dinner_attack_prepare	6	null	null	UNRESOLVED
attack_1895_prepare	dinner_attack_prepare	6	null	null	UNRESOLVED
attack_1896_prepare	dinner_attack_prepare	6	null	null	UNRESOLVED
attack_1897_prepare	dinner_attack_prepare	6	null	null	UNRESOLVED
attack_1898_prepare	dinner_attack_prepare	6	null	null	UNRESOLVED
attack_1899_prepare	dinner_attack_prepare	6	null	null	UNRESOLVED
attack_189_charge	dinner_attack_charge	0	null	null	UNRESOLVED
attack_189_prepare	dinner_attack_prepare	0	null	null	UNRESOLVED
attack_2000_charge	dinner_attack_charge	0	null	null	UNRESOLVED
attack_2000_prepare	dinner_attack_prepare	0	null	null	UNRESOLVED
attack_2001_charge	dinner_attack_charge	0	null	null	UNRESOLVED
attack_2001_prepare	dinner_attack_prepare	0	null	null	UNRESOLVED
attack_2002_charge	dinner_attack_charge	0	null	null	UNRESOLVED
attack_2002_prepare	dinner_attack_prepare	0	null	null	UNRESOLVED
attack_2003_charge	dinner_attack_charge	0	null	null	UNRESOLVED
attack_2003_prepare	dinner_attack_prepare	0	null	null	UNRESOLVED
attack_2004_charge	dinner_attack_charge	0	null	null	UNRESOLVED
attack_2004_prepare	dinner_attack_prepare	0	null	null	UNRESOLVED
attack_2005_charge	dinner_attack_charge	0	null	null	UNRESOLVED
attack_2005_prepare	dinner_attack_prepare	0	null	null	UNRESOLVED
attack_2006_charge	dinner_attack_charge	0	null	null	UNRESOLVED
attack_2006_prepare	dinner_attack_prepare	0	null	null	UNRESOLVED
attack_2007_charge	dinner_attack_charge	0	null	null	UNRESOLVED
attack_2007_prepare	dinner_attack_prepare	0	null	null	UNRESOLVED
attack_2008_charge	dinner_attack_charge	0	null	null	UNRESOLVED
attack_2008_prepare	dinner_attack_prepare	0	null	null	UNRESOLVED
attack_2009_charge	dinner_attack_charge	0	null	null	UNRESOLVED
attack_2009_prepare	dinner_attack_prepare	0	null	null	UNRESOLVED
attack_201	dinner_attack	0	null	null	UNRESOLVED
attack_2010	dinner_attack	0	null	null	UNRESOLVED
attack_2010_prepare	dinner_attack_prepare	0	null	null	UNRESOLVED
attack_2010_recover	dinner_attack_recover	0	null	null	UNRESOLVED
attack_2011	dinner_attack	0	null	null	UNRESOLVED
attack_2011_prepare	dinner_attack_prepare	0	null	null	UNRESOLVED
attack_2011_recover	dinner_attack_recover	0	null	null	UNRESOLVED
attack_2012	dinner_attack	0	null	null	UNRESOLVED
attack_2012_prepare	dinner_attack_prepare	0	null	null	UNRESOLVED
attack_2012_recover	dinner_attack_recover	0	null	null	UNRESOLVED
attack_2013	dinner_attack	0	null	null	UNRESOLVED
attack_2013_prepare	dinner_attack_prepare	0	null	null	UNRESOLVED
attack_2013_recover	dinner_attack_recover	0	null	null	UNRESOLVED
attack_2014	dinner_attack	0	null	null	UNRESOLVED
attack_2014_prepare	dinner_attack_prepare	0	null	null	UNRESOLVED
attack_2014_recover	dinner_attack_recover	0	null	null	UNRESOLVED
attack_2015	dinner_attack	0	null	null	UNRESOLVED
attack_2015_prepare	dinner_attack_prepare	0	null	null	UNRESOLVED
attack_2015_recover	dinner_attack_recover	0	null	null	UNRESOLVED
attack_2016	dinner_attack	0	null	null	UNRESOLVED
attack_2016_prepare	dinner_attack_prepare	0	null	null	UNRESOLVED
attack_2016_recover	dinner_attack_recover	0	null	null	UNRESOLVED
attack_2017	dinner_attack	0	null	null	UNRESOLVED
attack_2017_prepare	dinner_attack_prepare	0	null	null	UNRESOLVED
attack_2017_recover	dinner_attack_recover	0	null	null	UNRESOLVED
attack_2018	dinner_attack	0	null	null	UNRESOLVED
attack_2018_prepare	dinner_attack_prepare	0	null	null	UNRESOLVED
attack_2018_recover	dinner_attack_recover	0	null	null	UNRESOLVED
attack_2019	dinner_attack	0	null	null	UNRESOLVED
attack_2019_prepare	dinner_attack_prepare	0	null	null	UNRESOLVED
attack_2019_recover	dinner_attack_recover	0	null	null	UNRESOLVED
attack_201_charge	dinner_attack_charge	0	null	null	UNRESOLVED
attack_202	dinner_attack	0	null	null	UNRESOLVED
attack_2020	dinner_attack	0	null	null	UNRESOLVED
attack_2020_charge	dinner_attack_charge	0	null	null	UNRESOLVED
attack_2020_prepare	dinner_attack_prepare	0	null	null	UNRESOLVED
attack_2020_recover	dinner_attack_recover	0	null	null	UNRESOLVED
attack_2021	dinner_attack	0	null	null	UNRESOLVED
attack_2021_charge	dinner_attack_charge	0	null	null	UNRESOLVED
attack_2021_prepare	dinner_attack_prepare	0	null	null	UNRESOLVED
attack_2021_recover	dinner_attack_recover	0	null	null	UNRESOLVED
attack_2022	dinner_attack	0	null	null	UNRESOLVED
attack_2022_charge	dinner_attack_charge	0	null	null	UNRESOLVED
attack_2022_prepare	dinner_attack_prepare	0	null	null	UNRESOLVED
attack_2022_recover	dinner_attack_recover	0	null	null	UNRESOLVED
attack_2023	dinner_attack	0	null	null	UNRESOLVED
attack_2023_charge	dinner_attack_charge	0	null	null	UNRESOLVED
attack_2023_prepare	dinner_attack_prepare	0	null	null	UNRESOLVED
attack_2023_recover	dinner_attack_recover	0	null	null	UNRESOLVED
attack_2024	dinner_attack	0	null	null	UNRESOLVED
attack_2024_charge	dinner_attack_charge	0	null	null	UNRESOLVED
attack_2024_prepare	dinner_attack_prepare	0	null	null	UNRESOLVED
attack_2024_recover	dinner_attack_recover	0	null	null	UNRESOLVED
attack_2025	dinner_attack	0	null	null	UNRESOLVED
attack_2025_charge	dinner_attack_charge	0	null	null	UNRESOLVED
attack_2025_prepare	dinner_attack_prepare	0	null	null	UNRESOLVED
attack_2025_recover	dinner_attack_recover	0	null	null	UNRESOLVED
attack_2026	dinner_attack	0	null	null	UNRESOLVED
attack_2026_charge	dinner_attack_charge	0	null	null	UNRESOLVED
attack_2026_prepare	dinner_attack_prepare	0	null	null	UNRESOLVED
attack_2026_recover	dinner_attack_recover	0	null	null	UNRESOLVED
attack_2027	dinner_attack	0	null	null	UNRESOLVED
attack_2027_charge	dinner_attack_charge	0	null	null	UNRESOLVED
attack_2027_prepare	dinner_attack_prepare	0	null	null	UNRESOLVED
attack_2027_recover	dinner_attack_recover	0	null	null	UNRESOLVED
attack_2028	dinner_attack	0	null	null	UNRESOLVED
attack_2028_charge	dinner_attack_charge	0	null	null	UNRESOLVED
attack_2028_prepare	dinner_attack_prepare	0	null	null	UNRESOLVED
attack_2028_recover	dinner_attack_recover	0	null	null	UNRESOLVED
attack_2029	dinner_attack	0	null	null	UNRESOLVED
attack_2029_charge	dinner_attack_charge	0	null	null	UNRESOLVED
attack_2029_prepare	dinner_attack_prepare	0	null	null	UNRESOLVED
attack_2029_recover	dinner_attack_recover	0	null	null	UNRESOLVED
attack_202_prepare	dinner_attack_prepare	0	null	null	UNRESOLVED
attack_202_recover	dinner_attack_recover	0	null	null	UNRESOLVED
attack_2030	dinner_attack	0	null	null	UNRESOLVED
attack_2030_charge	dinner_attack_charge	0	null	null	UNRESOLVED
attack_2030_recover	dinner_attack_recover	0	null	null	UNRESOLVED
attack_203_charge	dinner_attack_charge	0	null	null	UNRESOLVED
attack_204_prepare	dinner_attack_prepare	0	null	null	UNRESOLVED
attack_205_charge	dinner_attack_charge	0	null	null	UNRESOLVED
attack_205_prepare	dinner_attack_prepare	0	null	null	UNRESOLVED
attack_206_recover	dinner_attack_recover	0	null	null	UNRESOLVED
attack_207	dinner_attack	0	null	null	UNRESOLVED
attack_207_recover	dinner_attack_recover	0	null	null	UNRESOLVED
attack_208_charge	dinner_attack_charge	0	null	null	UNRESOLVED
attack_209	dinner_attack	0	null	null	UNRESOLVED
attack_2090	dinner_attack	6	null	null	UNRESOLVED
attack_2090_recover	dinner_attack_recover	6	null	null	UNRESOLVED
attack_2091	dinner_attack	6	null	null	UNRESOLVED
attack_2091_recover	dinner_attack_recover	6	null	null	UNRESOLVED
attack_2092	dinner_attack	6	null	null	UNRESOLVED
attack_2092_recover	dinner_attack_recover	6	null	null	UNRESOLVED
attack_2093	dinner_attack	6	null	null	UNRESOLVED
attack_2093_recover	dinner_attack_recover	6	null	null	UNRESOLVED
attack_2094	dinner_attack	6	null	null	UNRESOLVED
attack_2094_recover	dinner_attack_recover	6	null	null	UNRESOLVED
attack_2095	dinner_attack	6	null	null	UNRESOLVED
attack_2095_recover	dinner_attack_recover	6	null	null	UNRESOLVED
attack_2096	dinner_attack	6	null	null	UNRESOLVED
attack_2096_recover	dinner_attack_recover	6	null	null	UNRESOLVED
attack_2097	dinner_attack	6	null	null	UNRESOLVED
attack_2097_recover	dinner_attack_recover	6	null	null	UNRESOLVED
attack_2098	dinner_attack	6	null	null	UNRESOLVED
attack_2098_recover	dinner_attack_recover	6	null	null	UNRESOLVED
attack_2099	dinner_attack	6	null	null	UNRESOLVED
attack_2099_recover	dinner_attack_recover	6	null	null	UNRESOLVED
attack_20_charge	dinner_sp_attack_charge	0	null	null	UNRESOLVED
attack_20_recover	dinner_sp_attack_recover	0	null	null	UNRESOLVED
attack_210	dinner_attack	0	null	null	UNRESOLVED
attack_2100_charge	dinner_attack_charge	0	null	null	UNRESOLVED
attack_2100_prepare	dinner_attack_prepare	0	null	null	UNRESOLVED
attack_2101_charge	dinner_attack_charge	0	null	null	UNRESOLVED
attack_2101_prepare	dinner_attack_prepare	0	null	null	UNRESOLVED
attack_2102_charge	dinner_attack_charge	0	null	null	UNRESOLVED
attack_2102_prepare	dinner_attack_prepare	0	null	null	UNRESOLVED
attack_2103_charge	dinner_attack_charge	0	null	null	UNRESOLVED
attack_2103_prepare	dinner_attack_prepare	0	null	null	UNRESOLVED
attack_2104_charge	dinner_attack_charge	0	null	null	UNRESOLVED
attack_2104_prepare	dinner_attack_prepare	0	null	null	UNRESOLVED
attack_2105_charge	dinner_attack_charge	0	null	null	UNRESOLVED
attack_2105_prepare	dinner_attack_prepare	0	null	null	UNRESOLVED
attack_2106_charge	dinner_attack_charge	0	null	null	UNRESOLVED
attack_2106_prepare	dinner_attack_prepare	0	null	null	UNRESOLVED
attack_2107_charge	dinner_attack_charge	0	null	null	UNRESOLVED
attack_2107_prepare	dinner_attack_prepare	0	null	null	UNRESOLVED
attack_2108_charge	dinner_attack_charge	0	null	null	UNRESOLVED
attack_2108_prepare	dinner_attack_prepare	0	null	null	UNRESOLVED
attack_2109_charge	dinner_attack_charge	0	null	null	UNRESOLVED
attack_2109_prepare	dinner_attack_prepare	0	null	null	UNRESOLVED
attack_210_charge	dinner_attack_charge	0	null	null	UNRESOLVED
attack_211	dinner_attack	0	null	null	UNRESOLVED
attack_2110	dinner_attack	0	null	null	UNRESOLVED
attack_2110_prepare	dinner_attack_prepare	0	null	null	UNRESOLVED
attack_2110_recover	dinner_attack_recover	0	null	null	UNRESOLVED
attack_2111	dinner_attack	0	null	null	UNRESOLVED
attack_2111_prepare	dinner_attack_prepare	0	null	null	UNRESOLVED
attack_2111_recover	dinner_attack_recover	0	null	null	UNRESOLVED
attack_2112	dinner_attack	0	null	null	UNRESOLVED
attack_2112_prepare	dinner_attack_prepare	0	null	null	UNRESOLVED
attack_2112_recover	dinner_attack_recover	0	null	null	UNRESOLVED
attack_2113	dinner_attack	0	null	null	UNRESOLVED
attack_2113_prepare	dinner_attack_prepare	0	null	null	UNRESOLVED
attack_2113_recover	dinner_attack_recover	0	null	null	UNRESOLVED
attack_2114	dinner_attack	0	null	null	UNRESOLVED
attack_2114_prepare	dinner_attack_prepare	0	null	null	UNRESOLVED
attack_2114_recover	dinner_attack_recover	0	null	null	UNRESOLVED
attack_2115	dinner_attack	0	null	null	UNRESOLVED
attack_2115_prepare	dinner_attack_prepare	0	null	null	UNRESOLVED
attack_2115_recover	dinner_attack_recover	0	null	null	UNRESOLVED
attack_2116	dinner_attack	0	null	null	UNRESOLVED
attack_2116_prepare	dinner_attack_prepare	0	null	null	UNRESOLVED
attack_2116_recover	dinner_attack_recover	0	null	null	UNRESOLVED
attack_2117	dinner_attack	0	null	null	UNRESOLVED
attack_2117_prepare	dinner_attack_prepare	0	null	null	UNRESOLVED
attack_2117_recover	dinner_attack_recover	0	null	null	UNRESOLVED
attack_2118	dinner_attack	0	null	null	UNRESOLVED
attack_2118_prepare	dinner_attack_prepare	0	null	null	UNRESOLVED
attack_2118_recover	dinner_attack_recover	0	null	null	UNRESOLVED
attack_2119	dinner_attack	0	null	null	UNRESOLVED
attack_2119_prepare	dinner_attack_prepare	0	null	null	UNRESOLVED
attack_2119_recover	dinner_attack_recover	0	null	null	UNRESOLVED
attack_211_charge	dinner_attack_charge	0	null	null	UNRESOLVED
attack_212	dinner_attack	0	null	null	UNRESOLVED
attack_2120	dinner_attack	0	null	null	UNRESOLVED
attack_2120_charge	dinner_attack_charge	0	null	null	UNRESOLVED
attack_2120_prepare	dinner_attack_prepare	0	null	null	UNRESOLVED
attack_2120_recover	dinner_attack_recover	0	null	null	UNRESOLVED
attack_2121	dinner_attack	0	null	null	UNRESOLVED
attack_2121_charge	dinner_attack_charge	0	null	null	UNRESOLVED
attack_2121_prepare	dinner_attack_prepare	0	null	null	UNRESOLVED
attack_2121_recover	dinner_attack_recover	0	null	null	UNRESOLVED
attack_2122	dinner_attack	0	null	null	UNRESOLVED
attack_2122_charge	dinner_attack_charge	0	null	null	UNRESOLVED
attack_2122_prepare	dinner_attack_prepare	0	null	null	UNRESOLVED
attack_2122_recover	dinner_attack_recover	0	null	null	UNRESOLVED
attack_2123	dinner_attack	0	null	null	UNRESOLVED
attack_2123_charge	dinner_attack_charge	0	null	null	UNRESOLVED
attack_2123_prepare	dinner_attack_prepare	0	null	null	UNRESOLVED
attack_2123_recover	dinner_attack_recover	0	null	null	UNRESOLVED
attack_2124	dinner_attack	0	null	null	UNRESOLVED
attack_2124_charge	dinner_attack_charge	0	null	null	UNRESOLVED
attack_2124_prepare	dinner_attack_prepare	0	null	null	UNRESOLVED
attack_2124_recover	dinner_attack_recover	0	null	null	UNRESOLVED
attack_2125	dinner_attack	0	null	null	UNRESOLVED
attack_2125_charge	dinner_attack_charge	0	null	null	UNRESOLVED
attack_2125_prepare	dinner_attack_prepare	0	null	null	UNRESOLVED
attack_2125_recover	dinner_attack_recover	0	null	null	UNRESOLVED
attack_2126	dinner_attack	0	null	null	UNRESOLVED
attack_2126_charge	dinner_attack_charge	0	null	null	UNRESOLVED
attack_2126_prepare	dinner_attack_prepare	0	null	null	UNRESOLVED
attack_2126_recover	dinner_attack_recover	0	null	null	UNRESOLVED
attack_2127	dinner_attack	0	null	null	UNRESOLVED
attack_2127_charge	dinner_attack_charge	0	null	null	UNRESOLVED
attack_2127_prepare	dinner_attack_prepare	0	null	null	UNRESOLVED
attack_2127_recover	dinner_attack_recover	0	null	null	UNRESOLVED
attack_2128	dinner_attack	0	null	null	UNRESOLVED
attack_2128_charge	dinner_attack_charge	0	null	null	UNRESOLVED
attack_2128_prepare	dinner_attack_prepare	0	null	null	UNRESOLVED
attack_2128_recover	dinner_attack_recover	0	null	null	UNRESOLVED
attack_2129	dinner_attack	0	null	null	UNRESOLVED
attack_2129_charge	dinner_attack_charge	0	null	null	UNRESOLVED
attack_2129_prepare	dinner_attack_prepare	0	null	null	UNRESOLVED
attack_2129_recover	dinner_attack_recover	0	null	null	UNRESOLVED
attack_212_prepare	dinner_attack_prepare	0	null	null	UNRESOLVED
attack_212_recover	dinner_attack_recover	0	null	null	UNRESOLVED
attack_2130	dinner_attack	0	null	null	UNRESOLVED
attack_2130_charge	dinner_attack_charge	0	null	null	UNRESOLVED
attack_2130_recover	dinner_attack_recover	0	null	null	UNRESOLVED
attack_2131	dinner_attack	0	null	null	UNRESOLVED
attack_2131_charge	dinner_attack_charge	0	null	null	UNRESOLVED
attack_2131_recover	dinner_attack_recover	0	null	null	UNRESOLVED
attack_2132	dinner_attack	0	null	null	UNRESOLVED
attack_2132_charge	dinner_attack_charge	0	null	null	UNRESOLVED
attack_2132_recover	dinner_attack_recover	0	null	null	UNRESOLVED
attack_2133	dinner_attack	0	null	null	UNRESOLVED
attack_2133_charge	dinner_attack_charge	0	null	null	UNRESOLVED
attack_2133_recover	dinner_attack_recover	0	null	null	UNRESOLVED
attack_2134	dinner_attack	0	null	null	UNRESOLVED
attack_2134_charge	dinner_attack_charge	0	null	null	UNRESOLVED
attack_2134_recover	dinner_attack_recover	0	null	null	UNRESOLVED
attack_2135	dinner_attack	0	null	null	UNRESOLVED
attack_2135_charge	dinner_attack_charge	0	null	null	UNRESOLVED
attack_2135_recover	dinner_attack_recover	0	null	null	UNRESOLVED
attack_2136	dinner_attack	0	null	null	UNRESOLVED
attack_2136_charge	dinner_attack_charge	0	null	null	UNRESOLVED
attack_2136_recover	dinner_attack_recover	0	null	null	UNRESOLVED
attack_2137	dinner_attack	0	null	null	UNRESOLVED
attack_2137_charge	dinner_attack_charge	0	null	null	UNRESOLVED
attack_2137_recover	dinner_attack_recover	0	null	null	UNRESOLVED
attack_2138	dinner_attack	0	null	null	UNRESOLVED
attack_2138_charge	dinner_attack_charge	0	null	null	UNRESOLVED
attack_2138_recover	dinner_attack_recover	0	null	null	UNRESOLVED
attack_2139	dinner_attack	0	null	null	UNRESOLVED
attack_2139_charge	dinner_attack_charge	0	null	null	UNRESOLVED
attack_2139_recover	dinner_attack_recover	0	null	null	UNRESOLVED
attack_213_charge	dinner_attack_charge	0	null	null	UNRESOLVED
attack_2140	dinner_attack	0	null	null	UNRESOLVED
attack_2140_charge	dinner_attack_charge	0	null	null	UNRESOLVED
attack_2140_recover	dinner_attack_recover	0	null	null	UNRESOLVED
attack_2141	dinner_attack	0	null	null	UNRESOLVED
attack_2141_charge	dinner_attack_charge	0	null	null	UNRESOLVED
attack_2141_recover	dinner_attack_recover	0	null	null	UNRESOLVED
attack_2142	dinner_attack	0	null	null	UNRESOLVED
attack_2142_charge	dinner_attack_charge	0	null	null	UNRESOLVED
attack_2142_recover	dinner_attack_recover	0	null	null	UNRESOLVED
attack_2143	dinner_attack	0	null	null	UNRESOLVED
attack_2143_charge	dinner_attack_charge	0	null	null	UNRESOLVED
attack_2143_recover	dinner_attack_recover	0	null	null	UNRESOLVED
attack_2144	dinner_attack	0	null	null	UNRESOLVED
attack_2144_charge	dinner_attack_charge	0	null	null	UNRESOLVED
attack_2144_recover	dinner_attack_recover	0	null	null	UNRESOLVED
attack_2145	dinner_attack	0	null	null	UNRESOLVED
attack_2145_charge	dinner_attack_charge	0	null	null	UNRESOLVED
attack_2145_recover	dinner_attack_recover	0	null	null	UNRESOLVED
attack_2146	dinner_attack	0	null	null	UNRESOLVED
attack_2146_charge	dinner_attack_charge	0	null	null	UNRESOLVED
attack_2146_recover	dinner_attack_recover	0	null	null	UNRESOLVED
attack_2147	dinner_attack	0	null	null	UNRESOLVED
attack_2147_charge	dinner_attack_charge	0	null	null	UNRESOLVED
attack_2147_recover	dinner_attack_recover	0	null	null	UNRESOLVED
attack_2148	dinner_attack	0	null	null	UNRESOLVED
attack_2148_charge	dinner_attack_charge	0	null	null	UNRESOLVED
attack_2148_recover	dinner_attack_recover	0	null	null	UNRESOLVED
attack_2149	dinner_attack	0	null	null	UNRESOLVED
attack_2149_charge	dinner_attack_charge	0	null	null	UNRESOLVED
attack_2149_recover	dinner_attack_recover	0	null	null	UNRESOLVED
attack_214_prepare	dinner_attack_prepare	0	null	null	UNRESOLVED
attack_2150_prepare	dinner_attack_prepare	0	null	null	UNRESOLVED
attack_215_charge	dinner_attack_charge	0	null	null	UNRESOLVED
attack_215_prepare	dinner_attack_prepare	0	null	null	UNRESOLVED
attack_216_recover	dinner_attack_recover	0	null	null	UNRESOLVED
attack_217	dinner_attack	0	null	null	UNRESOLVED
attack_217_recover	dinner_attack_recover	0	null	null	UNRESOLVED
attack_218_charge	dinner_attack_charge	0	null	null	UNRESOLVED
attack_219	dinner_attack	0	null	null	UNRESOLVED
attack_2190	dinner_attack	6	null	null	UNRESOLVED
attack_2190_recover	dinner_attack_recover	6	null	null	UNRESOLVED
attack_2191	dinner_attack	6	null	null	UNRESOLVED
attack_2191_recover	dinner_attack_recover	6	null	null	UNRESOLVED
attack_2192	dinner_attack	6	null	null	UNRESOLVED
attack_2192_recover	dinner_attack_recover	6	null	null	UNRESOLVED
attack_2193	dinner_attack	6	null	null	UNRESOLVED
attack_2193_recover	dinner_attack_recover	6	null	null	UNRESOLVED
attack_2194	dinner_attack	6	null	null	UNRESOLVED
attack_2194_recover	dinner_attack_recover	6	null	null	UNRESOLVED
attack_2195	dinner_attack	6	null	null	UNRESOLVED
attack_2195_recover	dinner_attack_recover	6	null	null	UNRESOLVED
attack_2196	dinner_attack	6	null	null	UNRESOLVED
attack_2196_recover	dinner_attack_recover	6	null	null	UNRESOLVED
attack_2197	dinner_attack	6	null	null	UNRESOLVED
attack_2197_recover	dinner_attack_recover	6	null	null	UNRESOLVED
attack_2198	dinner_attack	6	null	null	UNRESOLVED
attack_2198_recover	dinner_attack_recover	6	null	null	UNRESOLVED
attack_2199	dinner_attack	6	null	null	UNRESOLVED
attack_2199_recover	dinner_attack_recover	6	null	null	UNRESOLVED
attack_21_charge	dinner_sp_attack_charge	0	null	null	UNRESOLVED
attack_21_recover	dinner_sp_attack_recover	0	null	null	UNRESOLVED
attack_220	dinner_attack	0	null	null	UNRESOLVED
attack_2200_charge	dinner_attack_charge	0	null	null	UNRESOLVED
attack_2200_prepare	dinner_attack_prepare	0	null	null	UNRESOLVED
attack_2201_charge	dinner_attack_charge	0	null	null	UNRESOLVED
attack_2201_prepare	dinner_attack_prepare	0	null	null	UNRESOLVED
attack_2202_charge	dinner_attack_charge	0	null	null	UNRESOLVED
attack_2202_prepare	dinner_attack_prepare	0	null	null	UNRESOLVED
attack_2203_charge	dinner_attack_charge	0	null	null	UNRESOLVED
attack_2203_prepare	dinner_attack_prepare	0	null	null	UNRESOLVED
attack_2204_charge	dinner_attack_charge	0	null	null	UNRESOLVED
attack_2204_prepare	dinner_attack_prepare	0	null	null	UNRESOLVED
attack_2205_charge	dinner_attack_charge	0	null	null	UNRESOLVED
attack_2205_prepare	dinner_attack_prepare	0	null	null	UNRESOLVED
attack_2206_charge	dinner_attack_charge	0	null	null	UNRESOLVED
attack_2206_prepare	dinner_attack_prepare	0	null	null	UNRESOLVED
attack_2207_charge	dinner_attack_charge	0	null	null	UNRESOLVED
attack_2207_prepare	dinner_attack_prepare	0	null	null	UNRESOLVED
attack_2208_charge	dinner_attack_charge	0	null	null	UNRESOLVED
attack_2208_prepare	dinner_attack_prepare	0	null	null	UNRESOLVED
attack_2209_charge	dinner_attack_charge	0	null	null	UNRESOLVED
attack_2209_prepare	dinner_attack_prepare	0	null	null	UNRESOLVED
attack_220_charge	dinner_attack_charge	0	null	null	UNRESOLVED
attack_221	dinner_attack	0	null	null	UNRESOLVED
attack_2210	dinner_attack	0	null	null	UNRESOLVED
attack_2210_prepare	dinner_attack_prepare	0	null	null	UNRESOLVED
attack_2210_recover	dinner_attack_recover	0	null	null	UNRESOLVED
attack_2211	dinner_attack	0	null	null	UNRESOLVED
attack_2211_prepare	dinner_attack_prepare	0	null	null	UNRESOLVED
attack_2211_recover	dinner_attack_recover	0	null	null	UNRESOLVED
attack_2212	dinner_attack	0	null	null	UNRESOLVED
attack_2212_prepare	dinner_attack_prepare	0	null	null	UNRESOLVED
attack_2212_recover	dinner_attack_recover	0	null	null	UNRESOLVED
attack_2213	dinner_attack	0	null	null	UNRESOLVED
attack_2213_prepare	dinner_attack_prepare	0	null	null	UNRESOLVED
attack_2213_recover	dinner_attack_recover	0	null	null	UNRESOLVED
attack_2214	dinner_attack	0	null	null	UNRESOLVED
attack_2214_prepare	dinner_attack_prepare	0	null	null	UNRESOLVED
attack_2214_recover	dinner_attack_recover	0	null	null	UNRESOLVED
attack_2215	dinner_attack	0	null	null	UNRESOLVED
attack_2215_prepare	dinner_attack_prepare	0	null	null	UNRESOLVED
attack_2215_recover	dinner_attack_recover	0	null	null	UNRESOLVED
attack_2216	dinner_attack	0	null	null	UNRESOLVED
attack_2216_prepare	dinner_attack_prepare	0	null	null	UNRESOLVED
attack_2216_recover	dinner_attack_recover	0	null	null	UNRESOLVED
attack_2217	dinner_attack	0	null	null	UNRESOLVED
attack_2217_prepare	dinner_attack_prepare	0	null	null	UNRESOLVED
attack_2217_recover	dinner_attack_recover	0	null	null	UNRESOLVED
attack_2218	dinner_attack	0	null	null	UNRESOLVED
attack_2218_prepare	dinner_attack_prepare	0	null	null	UNRESOLVED
attack_2218_recover	dinner_attack_recover	0	null	null	UNRESOLVED
attack_2219	dinner_attack	0	null	null	UNRESOLVED
attack_2219_prepare	dinner_attack_prepare	0	null	null	UNRESOLVED
attack_2219_recover	dinner_attack_recover	0	null	null	UNRESOLVED
attack_221_charge	dinner_attack_charge	0	null	null	UNRESOLVED
attack_222	dinner_attack	0	null	null	UNRESOLVED
attack_2220	dinner_attack	0	null	null	UNRESOLVED
attack_2220_charge	dinner_attack_charge	0	null	null	UNRESOLVED
attack_2220_prepare	dinner_attack_prepare	0	null	null	UNRESOLVED
attack_2220_recover	dinner_attack_recover	0	null	null	UNRESOLVED
attack_2221	dinner_attack	0	null	null	UNRESOLVED
attack_2221_charge	dinner_attack_charge	0	null	null	UNRESOLVED
attack_2221_prepare	dinner_attack_prepare	0	null	null	UNRESOLVED
attack_2221_recover	dinner_attack_recover	0	null	null	UNRESOLVED
attack_2222	dinner_attack	0	null	null	UNRESOLVED
attack_2222_charge	dinner_attack_charge	0	null	null	UNRESOLVED
attack_2222_prepare	dinner_attack_prepare	0	null	null	UNRESOLVED
attack_2222_recover	dinner_attack_recover	0	null	null	UNRESOLVED
attack_2223	dinner_attack	0	null	null	UNRESOLVED
attack_2223_charge	dinner_attack_charge	0	null	null	UNRESOLVED
attack_2223_prepare	dinner_attack_prepare	0	null	null	UNRESOLVED
attack_2223_recover	dinner_attack_recover	0	null	null	UNRESOLVED
attack_2224	dinner_attack	0	null	null	UNRESOLVED
attack_2224_charge	dinner_attack_charge	0	null	null	UNRESOLVED
attack_2224_prepare	dinner_attack_prepare	0	null	null	UNRESOLVED
attack_2224_recover	dinner_attack_recover	0	null	null	UNRESOLVED
attack_2225	dinner_attack	0	null	null	UNRESOLVED
attack_2225_charge	dinner_attack_charge	0	null	null	UNRESOLVED
attack_2225_prepare	dinner_attack_prepare	0	null	null	UNRESOLVED
attack_2225_recover	dinner_attack_recover	0	null	null	UNRESOLVED
attack_2226	dinner_attack	0	null	null	UNRESOLVED
attack_2226_charge	dinner_attack_charge	0	null	null	UNRESOLVED
attack_2226_prepare	dinner_attack_prepare	0	null	null	UNRESOLVED
attack_2226_recover	dinner_attack_recover	0	null	null	UNRESOLVED
attack_2227	dinner_attack	0	null	null	UNRESOLVED
attack_2227_charge	dinner_attack_charge	0	null	null	UNRESOLVED
attack_2227_prepare	dinner_attack_prepare	0	null	null	UNRESOLVED
attack_2227_recover	dinner_attack_recover	0	null	null	UNRESOLVED
attack_2228	dinner_attack	0	null	null	UNRESOLVED
attack_2228_charge	dinner_attack_charge	0	null	null	UNRESOLVED
attack_2228_prepare	dinner_attack_prepare	0	null	null	UNRESOLVED
attack_2228_recover	dinner_attack_recover	0	null	null	UNRESOLVED
attack_2229	dinner_attack	0	null	null	UNRESOLVED
attack_2229_charge	dinner_attack_charge	0	null	null	UNRESOLVED
attack_2229_prepare	dinner_attack_prepare	0	null	null	UNRESOLVED
attack_2229_recover	dinner_attack_recover	0	null	null	UNRESOLVED
attack_222_prepare	dinner_attack_prepare	0	null	null	UNRESOLVED
attack_222_recover	dinner_attack_recover	0	null	null	UNRESOLVED
attack_2230	dinner_attack	0	null	null	UNRESOLVED
attack_2230_charge	dinner_attack_charge	0	null	null	UNRESOLVED
attack_2230_recover	dinner_attack_recover	0	null	null	UNRESOLVED
attack_2231	dinner_attack	0	null	null	UNRESOLVED
attack_2231_charge	dinner_attack_charge	0	null	null	UNRESOLVED
attack_2231_recover	dinner_attack_recover	0	null	null	UNRESOLVED
attack_2232	dinner_attack	0	null	null	UNRESOLVED
attack_2232_charge	dinner_attack_charge	0	null	null	UNRESOLVED
attack_2232_recover	dinner_attack_recover	0	null	null	UNRESOLVED
attack_2233	dinner_attack	0	null	null	UNRESOLVED
attack_2233_charge	dinner_attack_charge	0	null	null	UNRESOLVED
attack_2233_recover	dinner_attack_recover	0	null	null	UNRESOLVED
attack_2234	dinner_attack	0	null	null	UNRESOLVED
attack_2234_charge	dinner_attack_charge	0	null	null	UNRESOLVED
attack_2234_recover	dinner_attack_recover	0	null	null	UNRESOLVED
attack_2235	dinner_attack	0	null	null	UNRESOLVED
attack_2235_charge	dinner_attack_charge	0	null	null	UNRESOLVED
attack_2235_recover	dinner_attack_recover	0	null	null	UNRESOLVED
attack_2236	dinner_attack	0	null	null	UNRESOLVED
attack_2236_charge	dinner_attack_charge	0	null	null	UNRESOLVED
attack_2236_recover	dinner_attack_recover	0	null	null	UNRESOLVED
attack_2237	dinner_attack	0	null	null	UNRESOLVED
attack_2237_charge	dinner_attack_charge	0	null	null	UNRESOLVED
attack_2237_recover	dinner_attack_recover	0	null	null	UNRESOLVED
attack_2238	dinner_attack	0	null	null	UNRESOLVED
attack_2238_charge	dinner_attack_charge	0	null	null	UNRESOLVED
attack_2238_recover	dinner_attack_recover	0	null	null	UNRESOLVED
attack_2239	dinner_attack	0	null	null	UNRESOLVED
attack_2239_charge	dinner_attack_charge	0	null	null	UNRESOLVED
attack_2239_recover	dinner_attack_recover	0	null	null	UNRESOLVED
attack_223_charge	dinner_attack_charge	0	null	null	UNRESOLVED
attack_2240	dinner_attack	0	null	null	UNRESOLVED
attack_2240_charge	dinner_attack_charge	0	null	null	UNRESOLVED
attack_2240_recover	dinner_attack_recover	0	null	null	UNRESOLVED
attack_2241	dinner_attack	0	null	null	UNRESOLVED
attack_2241_charge	dinner_attack_charge	0	null	null	UNRESOLVED
attack_2241_recover	dinner_attack_recover	0	null	null	UNRESOLVED
attack_2242	dinner_attack	0	null	null	UNRESOLVED
attack_2242_charge	dinner_attack_charge	0	null	null	UNRESOLVED
attack_2242_recover	dinner_attack_recover	0	null	null	UNRESOLVED
attack_2243	dinner_attack	0	null	null	UNRESOLVED
attack_2243_charge	dinner_attack_charge	0	null	null	UNRESOLVED
attack_2243_recover	dinner_attack_recover	0	null	null	UNRESOLVED
attack_2244	dinner_attack	0	null	null	UNRESOLVED
attack_2244_charge	dinner_attack_charge	0	null	null	UNRESOLVED
attack_2244_recover	dinner_attack_recover	0	null	null	UNRESOLVED
attack_2245	dinner_attack	0	null	null	UNRESOLVED
attack_2245_charge	dinner_attack_charge	0	null	null	UNRESOLVED
attack_2245_recover	dinner_attack_recover	0	null	null	UNRESOLVED
attack_2246	dinner_attack	0	null	null	UNRESOLVED
attack_2246_charge	dinner_attack_charge	0	null	null	UNRESOLVED
attack_2246_recover	dinner_attack_recover	0	null	null	UNRESOLVED
attack_2247	dinner_attack	0	null	null	UNRESOLVED
attack_2247_charge	dinner_attack_charge	0	null	null	UNRESOLVED
attack_2247_recover	dinner_attack_recover	0	null	null	UNRESOLVED
attack_2248	dinner_attack	0	null	null	UNRESOLVED
attack_2248_charge	dinner_attack_charge	0	null	null	UNRESOLVED
attack_2248_recover	dinner_attack_recover	0	null	null	UNRESOLVED
attack_2249	dinner_attack	0	null	null	UNRESOLVED
attack_2249_charge	dinner_attack_charge	0	null	null	UNRESOLVED
attack_2249_recover	dinner_attack_recover	0	null	null	UNRESOLVED
attack_224_prepare	dinner_attack_prepare	0	null	null	UNRESOLVED
attack_2250_prepare	dinner_attack_prepare	0	null	null	UNRESOLVED
attack_225_charge	dinner_attack_charge	0	null	null	UNRESOLVED
attack_225_prepare	dinner_attack_prepare	0	null	null	UNRESOLVED
attack_226_recover	dinner_attack_recover	0	null	null	UNRESOLVED
attack_227	dinner_attack	0	null	null	UNRESOLVED
attack_227_recover	dinner_attack_recover	0	null	null	UNRESOLVED
attack_228_charge	dinner_attack_charge	0	null	null	UNRESOLVED
attack_229	dinner_attack	0	null	null	UNRESOLVED
attack_2290	dinner_attack	6	null	null	UNRESOLVED
attack_2290_recover	dinner_attack_recover	6	null	null	UNRESOLVED
attack_2291	dinner_attack	6	null	null	UNRESOLVED
attack_2291_recover	dinner_attack_recover	6	null	null	UNRESOLVED
attack_2292	dinner_attack	6	null	null	UNRESOLVED
attack_2292_recover	dinner_attack_recover	6	null	null	UNRESOLVED
attack_2293	dinner_attack	6	null	null	UNRESOLVED
attack_2293_recover	dinner_attack_recover	6	null	null	UNRESOLVED
attack_2294	dinner_attack	6	null	null	UNRESOLVED
attack_2294_recover	dinner_attack_recover	6	null	null	UNRESOLVED
attack_2295	dinner_attack	6	null	null	UNRESOLVED
attack_2295_recover	dinner_attack_recover	6	null	null	UNRESOLVED
attack_2296	dinner_attack	6	null	null	UNRESOLVED
attack_2296_recover	dinner_attack_recover	6	null	null	UNRESOLVED
attack_2297	dinner_attack	6	null	null	UNRESOLVED
attack_2297_recover	dinner_attack_recover	6	null	null	UNRESOLVED
attack_2298	dinner_attack	6	null	null	UNRESOLVED
attack_2298_recover	dinner_attack_recover	6	null	null	UNRESOLVED
attack_2299	dinner_attack	6	null	null	UNRESOLVED
attack_2299_recover	dinner_attack_recover	6	null	null	UNRESOLVED
attack_22_charge	dinner_sp_attack_charge	0	null	null	UNRESOLVED
attack_22_recover	dinner_sp_attack_recover	0	null	null	UNRESOLVED
attack_230	dinner_attack	0	null	null	UNRESOLVED
attack_2300_charge	dinner_attack_charge	0	null	null	UNRESOLVED
attack_2300_prepare	dinner_attack_prepare	0	null	null	UNRESOLVED
attack_2301_charge	dinner_attack_charge	0	null	null	UNRESOLVED
attack_2301_prepare	dinner_attack_prepare	0	null	null	UNRESOLVED
attack_2302_charge	dinner_attack_charge	0	null	null	UNRESOLVED
attack_2302_prepare	dinner_attack_prepare	0	null	null	UNRESOLVED
attack_2303_charge	dinner_attack_charge	0	null	null	UNRESOLVED
attack_2303_prepare	dinner_attack_prepare	0	null	null	UNRESOLVED
attack_2304_charge	dinner_attack_charge	0	null	null	UNRESOLVED
attack_2304_prepare	dinner_attack_prepare	0	null	null	UNRESOLVED
attack_2305_charge	dinner_attack_charge	0	null	null	UNRESOLVED
attack_2305_prepare	dinner_attack_prepare	0	null	null	UNRESOLVED
attack_2306_charge	dinner_attack_charge	0	null	null	UNRESOLVED
attack_2306_prepare	dinner_attack_prepare	0	null	null	UNRESOLVED
attack_2307_charge	dinner_attack_charge	0	null	null	UNRESOLVED
attack_2307_prepare	dinner_attack_prepare	0	null	null	UNRESOLVED
attack_2308_charge	dinner_attack_charge	0	null	null	UNRESOLVED
attack_2308_prepare	dinner_attack_prepare	0	null	null	UNRESOLVED
attack_2309_charge	dinner_attack_charge	0	null	null	UNRESOLVED
attack_2309_prepare	dinner_attack_prepare	0	null	null	UNRESOLVED
attack_230_charge	dinner_attack_charge	0	null	null	UNRESOLVED
attack_231	dinner_attack	0	null	null	UNRESOLVED
attack_2310	dinner_attack	0	null	null	UNRESOLVED
attack_2310_prepare	dinner_attack_prepare	0	null	null	UNRESOLVED
attack_2310_recover	dinner_attack_recover	0	null	null	UNRESOLVED
attack_2311	dinner_attack	0	null	null	UNRESOLVED
attack_2311_prepare	dinner_attack_prepare	0	null	null	UNRESOLVED
attack_2311_recover	dinner_attack_recover	0	null	null	UNRESOLVED
attack_2312	dinner_attack	0	null	null	UNRESOLVED
attack_2312_prepare	dinner_attack_prepare	0	null	null	UNRESOLVED
attack_2312_recover	dinner_attack_recover	0	null	null	UNRESOLVED
attack_2313	dinner_attack	0	null	null	UNRESOLVED
attack_2313_prepare	dinner_attack_prepare	0	null	null	UNRESOLVED
attack_2313_recover	dinner_attack_recover	0	null	null	UNRESOLVED
attack_2314	dinner_attack	0	null	null	UNRESOLVED
attack_2314_prepare	dinner_attack_prepare	0	null	null	UNRESOLVED
attack_2314_recover	dinner_attack_recover	0	null	null	UNRESOLVED
attack_2315	dinner_attack	0	null	null	UNRESOLVED
attack_2315_prepare	dinner_attack_prepare	0	null	null	UNRESOLVED
attack_2315_recover	dinner_attack_recover	0	null	null	UNRESOLVED
attack_2316	dinner_attack	0	null	null	UNRESOLVED
attack_2316_prepare	dinner_attack_prepare	0	null	null	UNRESOLVED
attack_2316_recover	dinner_attack_recover	0	null	null	UNRESOLVED
attack_2317	dinner_attack	0	null	null	UNRESOLVED
attack_2317_prepare	dinner_attack_prepare	0	null	null	UNRESOLVED
attack_2317_recover	dinner_attack_recover	0	null	null	UNRESOLVED
attack_2318	dinner_attack	0	null	null	UNRESOLVED
attack_2318_prepare	dinner_attack_prepare	0	null	null	UNRESOLVED
attack_2318_recover	dinner_attack_recover	0	null	null	UNRESOLVED
attack_2319	dinner_attack	0	null	null	UNRESOLVED
attack_2319_prepare	dinner_attack_prepare	0	null	null	UNRESOLVED
attack_2319_recover	dinner_attack_recover	0	null	null	UNRESOLVED
attack_231_charge	dinner_attack_charge	0	null	null	UNRESOLVED
attack_232	dinner_attack	0	null	null	UNRESOLVED
attack_2320	dinner_attack	0	null	null	UNRESOLVED
attack_2320_charge	dinner_attack_charge	0	null	null	UNRESOLVED
attack_2320_prepare	dinner_attack_prepare	0	null	null	UNRESOLVED
attack_2320_recover	dinner_attack_recover	0	null	null	UNRESOLVED
attack_2321	dinner_attack	0	null	null	UNRESOLVED
attack_2321_charge	dinner_attack_charge	0	null	null	UNRESOLVED
attack_2321_prepare	dinner_attack_prepare	0	null	null	UNRESOLVED
attack_2321_recover	dinner_attack_recover	0	null	null	UNRESOLVED
attack_2322	dinner_attack	0	null	null	UNRESOLVED
attack_2322_charge	dinner_attack_charge	0	null	null	UNRESOLVED
attack_2322_prepare	dinner_attack_prepare	0	null	null	UNRESOLVED
attack_2322_recover	dinner_attack_recover	0	null	null	UNRESOLVED
attack_2323	dinner_attack	0	null	null	UNRESOLVED
attack_2323_charge	dinner_attack_charge	0	null	null	UNRESOLVED
attack_2323_prepare	dinner_attack_prepare	0	null	null	UNRESOLVED
attack_2323_recover	dinner_attack_recover	0	null	null	UNRESOLVED
attack_2324	dinner_attack	0	null	null	UNRESOLVED
attack_2324_charge	dinner_attack_charge	0	null	null	UNRESOLVED
attack_2324_prepare	dinner_attack_prepare	0	null	null	UNRESOLVED
attack_2324_recover	dinner_attack_recover	0	null	null	UNRESOLVED
attack_2325	dinner_attack	0	null	null	UNRESOLVED
attack_2325_charge	dinner_attack_charge	0	null	null	UNRESOLVED
attack_2325_prepare	dinner_attack_prepare	0	null	null	UNRESOLVED
attack_2325_recover	dinner_attack_recover	0	null	null	UNRESOLVED
attack_2326	dinner_attack	0	null	null	UNRESOLVED
attack_2326_charge	dinner_attack_charge	0	null	null	UNRESOLVED
attack_2326_prepare	dinner_attack_prepare	0	null	null	UNRESOLVED
attack_2326_recover	dinner_attack_recover	0	null	null	UNRESOLVED
attack_2327	dinner_attack	0	null	null	UNRESOLVED
attack_2327_charge	dinner_attack_charge	0	null	null	UNRESOLVED
attack_2327_prepare	dinner_attack_prepare	0	null	null	UNRESOLVED
attack_2327_recover	dinner_attack_recover	0	null	null	UNRESOLVED
attack_2328	dinner_attack	0	null	null	UNRESOLVED
attack_2328_charge	dinner_attack_charge	0	null	null	UNRESOLVED
attack_2328_prepare	dinner_attack_prepare	0	null	null	UNRESOLVED
attack_2328_recover	dinner_attack_recover	0	null	null	UNRESOLVED
attack_2329	dinner_attack	0	null	null	UNRESOLVED
attack_2329_charge	dinner_attack_charge	0	null	null	UNRESOLVED
attack_2329_prepare	dinner_attack_prepare	0	null	null	UNRESOLVED
attack_2329_recover	dinner_attack_recover	0	null	null	UNRESOLVED
attack_232_prepare	dinner_attack_prepare	0	null	null	UNRESOLVED
attack_232_recover	dinner_attack_recover	0	null	null	UNRESOLVED
attack_2330	dinner_attack	0	null	null	UNRESOLVED
attack_2330_charge	dinner_attack_charge	0	null	null	UNRESOLVED
attack_2330_recover	dinner_attack_recover	0	null	null	UNRESOLVED
attack_233_charge	dinner_attack_charge	0	null	null	UNRESOLVED
attack_234_prepare	dinner_attack_prepare	0	null	null	UNRESOLVED
attack_235_charge	dinner_attack_charge	0	null	null	UNRESOLVED
attack_235_prepare	dinner_attack_prepare	0	null	null	UNRESOLVED
attack_236_recover	dinner_attack_recover	0	null	null	UNRESOLVED
attack_237	dinner_attack	0	null	null	UNRESOLVED
attack_237_recover	dinner_attack_recover	0	null	null	UNRESOLVED
attack_238_charge	dinner_attack_charge	0	null	null	UNRESOLVED
attack_239	dinner_attack	0	null	null	UNRESOLVED
attack_2390	dinner_attack	6	null	null	UNRESOLVED
attack_2390_recover	dinner_attack_recover	6	null	null	UNRESOLVED
attack_2391	dinner_attack	6	null	null	UNRESOLVED
attack_2391_recover	dinner_attack_recover	6	null	null	UNRESOLVED
attack_2392	dinner_attack	6	null	null	UNRESOLVED
attack_2392_recover	dinner_attack_recover	6	null	null	UNRESOLVED
attack_2393	dinner_attack	6	null	null	UNRESOLVED
attack_2393_recover	dinner_attack_recover	6	null	null	UNRESOLVED
attack_2394	dinner_attack	6	null	null	UNRESOLVED
attack_2394_recover	dinner_attack_recover	6	null	null	UNRESOLVED
attack_2395	dinner_attack	6	null	null	UNRESOLVED
attack_2395_recover	dinner_attack_recover	6	null	null	UNRESOLVED
attack_2396	dinner_attack	6	null	null	UNRESOLVED
attack_2396_recover	dinner_attack_recover	6	null	null	UNRESOLVED
attack_2397	dinner_attack	6	null	null	UNRESOLVED
attack_2397_recover	dinner_attack_recover	6	null	null	UNRESOLVED
attack_2398	dinner_attack	6	null	null	UNRESOLVED
attack_2398_recover	dinner_attack_recover	6	null	null	UNRESOLVED
attack_2399	dinner_attack	6	null	null	UNRESOLVED
attack_2399_recover	dinner_attack_recover	6	null	null	UNRESOLVED
attack_23_charge	dinner_sp_attack_charge	0	null	null	UNRESOLVED
attack_23_recover	dinner_sp_attack_recover	0	null	null	UNRESOLVED
attack_240	dinner_attack	0	null	null	UNRESOLVED
attack_2400_charge	dinner_attack_charge	0	null	null	UNRESOLVED
attack_2400_prepare	dinner_attack_prepare	0	null	null	UNRESOLVED
attack_2401_charge	dinner_attack_charge	0	null	null	UNRESOLVED
attack_2401_prepare	dinner_attack_prepare	0	null	null	UNRESOLVED
attack_2402_charge	dinner_attack_charge	0	null	null	UNRESOLVED
attack_2402_prepare	dinner_attack_prepare	0	null	null	UNRESOLVED
attack_2403_charge	dinner_attack_charge	0	null	null	UNRESOLVED
attack_2403_prepare	dinner_attack_prepare	0	null	null	UNRESOLVED
attack_2404_charge	dinner_attack_charge	0	null	null	UNRESOLVED
attack_2404_prepare	dinner_attack_prepare	0	null	null	UNRESOLVED
attack_2405_charge	dinner_attack_charge	0	null	null	UNRESOLVED
attack_2405_prepare	dinner_attack_prepare	0	null	null	UNRESOLVED
attack_2406_charge	dinner_attack_charge	0	null	null	UNRESOLVED
attack_2406_prepare	dinner_attack_prepare	0	null	null	UNRESOLVED
attack_2407_charge	dinner_attack_charge	0	null	null	UNRESOLVED
attack_2407_prepare	dinner_attack_prepare	0	null	null	UNRESOLVED
attack_2408_charge	dinner_attack_charge	0	null	null	UNRESOLVED
attack_2408_prepare	dinner_attack_prepare	0	null	null	UNRESOLVED
attack_2409_charge	dinner_attack_charge	0	null	null	UNRESOLVED
attack_2409_prepare	dinner_attack_prepare	0	null	null	UNRESOLVED
attack_240_charge	dinner_attack_charge	0	null	null	UNRESOLVED
attack_241	dinner_attack	0	null	null	UNRESOLVED
attack_2410	dinner_attack	0	null	null	UNRESOLVED
attack_2410_recover	dinner_attack_recover	0	null	null	UNRESOLVED
attack_2411	dinner_attack	0	null	null	UNRESOLVED
attack_2411_recover	dinner_attack_recover	0	null	null	UNRESOLVED
attack_2412	dinner_attack	0	null	null	UNRESOLVED
attack_2412_recover	dinner_attack_recover	0	null	null	UNRESOLVED
attack_2413	dinner_attack	0	null	null	UNRESOLVED
attack_2413_recover	dinner_attack_recover	0	null	null	UNRESOLVED
attack_2414	dinner_attack	0	null	null	UNRESOLVED
attack_2414_recover	dinner_attack_recover	0	null	null	UNRESOLVED
attack_2415	dinner_attack	0	null	null	UNRESOLVED
attack_2415_prepare	dinner_attack_prepare	0	null	null	UNRESOLVED
attack_2415_recover	dinner_attack_recover	0	null	null	UNRESOLVED
attack_2416	dinner_attack	0	null	null	UNRESOLVED
attack_2416_prepare	dinner_attack_prepare	0	null	null	UNRESOLVED
attack_2416_recover	dinner_attack_recover	0	null	null	UNRESOLVED
attack_2417	dinner_attack	0	null	null	UNRESOLVED
attack_2417_prepare	dinner_attack_prepare	0	null	null	UNRESOLVED
attack_2417_recover	dinner_attack_recover	0	null	null	UNRESOLVED
attack_2418	dinner_attack	0	null	null	UNRESOLVED
attack_2418_recover	dinner_attack_recover	0	null	null	UNRESOLVED
attack_2419	dinner_attack	0	null	null	UNRESOLVED
attack_2419_recover	dinner_attack_recover	0	null	null	UNRESOLVED
attack_241_charge	dinner_attack_charge	0	null	null	UNRESOLVED
attack_242	dinner_attack	0	null	null	UNRESOLVED
attack_2420	dinner_attack	0	null	null	UNRESOLVED
attack_2420_charge	dinner_attack_charge	0	null	null	UNRESOLVED
attack_2420_prepare	dinner_attack_prepare	0	null	null	UNRESOLVED
attack_2420_recover	dinner_attack_recover	0	null	null	UNRESOLVED
attack_2421	dinner_attack	0	null	null	UNRESOLVED
attack_2421_charge	dinner_attack_charge	0	null	null	UNRESOLVED
attack_2421_prepare	dinner_attack_prepare	0	null	null	UNRESOLVED
attack_2421_recover	dinner_attack_recover	0	null	null	UNRESOLVED
attack_2422	dinner_attack	0	null	null	UNRESOLVED
attack_2422_charge	dinner_attack_charge	0	null	null	UNRESOLVED
attack_2422_prepare	dinner_attack_prepare	0	null	null	UNRESOLVED
attack_2422_recover	dinner_attack_recover	0	null	null	UNRESOLVED
attack_2423	dinner_attack	0	null	null	UNRESOLVED
attack_2423_charge	dinner_attack_charge	0	null	null	UNRESOLVED
attack_2423_prepare	dinner_attack_prepare	0	null	null	UNRESOLVED
attack_2423_recover	dinner_attack_recover	0	null	null	UNRESOLVED
attack_2424	dinner_attack	0	null	null	UNRESOLVED
attack_2424_charge	dinner_attack_charge	0	null	null	UNRESOLVED
attack_2424_prepare	dinner_attack_prepare	0	null	null	UNRESOLVED
attack_2424_recover	dinner_attack_recover	0	null	null	UNRESOLVED
attack_2425	dinner_attack	0	null	null	UNRESOLVED
attack_2425_charge	dinner_attack_charge	0	null	null	UNRESOLVED
attack_2425_prepare	dinner_attack_prepare	0	null	null	UNRESOLVED
attack_2425_recover	dinner_attack_recover	0	null	null	UNRESOLVED
attack_2426	dinner_attack	0	null	null	UNRESOLVED
attack_2426_charge	dinner_attack_charge	0	null	null	UNRESOLVED
attack_2426_prepare	dinner_attack_prepare	0	null	null	UNRESOLVED
attack_2426_recover	dinner_attack_recover	0	null	null	UNRESOLVED
attack_2427	dinner_attack	0	null	null	UNRESOLVED
attack_2427_charge	dinner_attack_charge	0	null	null	UNRESOLVED
attack_2427_prepare	dinner_attack_prepare	0	null	null	UNRESOLVED
attack_2427_recover	dinner_attack_recover	0	null	null	UNRESOLVED
attack_2428	dinner_attack	0	null	null	UNRESOLVED
attack_2428_charge	dinner_attack_charge	0	null	null	UNRESOLVED
attack_2428_prepare	dinner_attack_prepare	0	null	null	UNRESOLVED
attack_2428_recover	dinner_attack_recover	0	null	null	UNRESOLVED
attack_2429	dinner_attack	0	null	null	UNRESOLVED
attack_2429_charge	dinner_attack_charge	0	null	null	UNRESOLVED
attack_2429_prepare	dinner_attack_prepare	0	null	null	UNRESOLVED
attack_2429_recover	dinner_attack_recover	0	null	null	UNRESOLVED
attack_242_prepare	dinner_attack_prepare	0	null	null	UNRESOLVED
attack_242_recover	dinner_attack_recover	0	null	null	UNRESOLVED
attack_2430	dinner_attack	0	null	null	UNRESOLVED
attack_2430_charge	dinner_attack_charge	0	null	null	UNRESOLVED
attack_2430_recover	dinner_attack_recover	0	null	null	UNRESOLVED
attack_243_charge	dinner_attack_charge	0	null	null	UNRESOLVED
attack_244_prepare	dinner_attack_prepare	0	null	null	UNRESOLVED
attack_245_charge	dinner_attack_charge	0	null	null	UNRESOLVED
attack_245_prepare	dinner_attack_prepare	0	null	null	UNRESOLVED
attack_246_recover	dinner_attack_recover	0	null	null	UNRESOLVED
attack_247	dinner_attack	0	null	null	UNRESOLVED
attack_247_recover	dinner_attack_recover	0	null	null	UNRESOLVED
attack_248_charge	dinner_attack_charge	0	null	null	UNRESOLVED
attack_249	dinner_attack	0	null	null	UNRESOLVED
attack_2490	dinner_attack	6	null	null	UNRESOLVED
attack_2490_recover	dinner_attack_recover	6	null	null	UNRESOLVED
attack_2491	dinner_attack	6	null	null	UNRESOLVED
attack_2491_recover	dinner_attack_recover	6	null	null	UNRESOLVED
attack_2492	dinner_attack	6	null	null	UNRESOLVED
attack_2492_recover	dinner_attack_recover	6	null	null	UNRESOLVED
attack_2493	dinner_attack	6	null	null	UNRESOLVED
attack_2493_recover	dinner_attack_recover	6	null	null	UNRESOLVED
attack_2494	dinner_attack	6	null	null	UNRESOLVED
attack_2494_recover	dinner_attack_recover	6	null	null	UNRESOLVED
attack_2495	dinner_attack	6	null	null	UNRESOLVED
attack_2495_recover	dinner_attack_recover	6	null	null	UNRESOLVED
attack_2496	dinner_attack	6	null	null	UNRESOLVED
attack_2496_recover	dinner_attack_recover	6	null	null	UNRESOLVED
attack_2497	dinner_attack	6	null	null	UNRESOLVED
attack_2497_recover	dinner_attack_recover	6	null	null	UNRESOLVED
attack_2498	dinner_attack	6	null	null	UNRESOLVED
attack_2498_recover	dinner_attack_recover	6	null	null	UNRESOLVED
attack_2499	dinner_attack	6	null	null	UNRESOLVED
attack_2499_recover	dinner_attack_recover	6	null	null	UNRESOLVED
attack_24_charge	dinner_sp_attack_charge	0	null	null	UNRESOLVED
attack_24_recover	dinner_sp_attack_recover	0	null	null	UNRESOLVED
attack_250	dinner_attack	0	null	null	UNRESOLVED
attack_2500_charge	dinner_attack_charge	0	null	null	UNRESOLVED
attack_2500_prepare	dinner_attack_prepare	0	null	null	UNRESOLVED
attack_2501_charge	dinner_attack_charge	0	null	null	UNRESOLVED
attack_2501_prepare	dinner_attack_prepare	0	null	null	UNRESOLVED
attack_2502_charge	dinner_attack_charge	0	null	null	UNRESOLVED
attack_2502_prepare	dinner_attack_prepare	0	null	null	UNRESOLVED
attack_2503_charge	dinner_attack_charge	0	null	null	UNRESOLVED
attack_2503_prepare	dinner_attack_prepare	0	null	null	UNRESOLVED
attack_2504_charge	dinner_attack_charge	0	null	null	UNRESOLVED
attack_2504_prepare	dinner_attack_prepare	0	null	null	UNRESOLVED
attack_2505_charge	dinner_attack_charge	0	null	null	UNRESOLVED
attack_2505_prepare	dinner_attack_prepare	0	null	null	UNRESOLVED
attack_2506_charge	dinner_attack_charge	0	null	null	UNRESOLVED
attack_2506_prepare	dinner_attack_prepare	0	null	null	UNRESOLVED
attack_2507_charge	dinner_attack_charge	0	null	null	UNRESOLVED
attack_2507_prepare	dinner_attack_prepare	0	null	null	UNRESOLVED
attack_2508_charge	dinner_attack_charge	0	null	null	UNRESOLVED
attack_2508_prepare	dinner_attack_prepare	0	null	null	UNRESOLVED
attack_2509_charge	dinner_attack_charge	0	null	null	UNRESOLVED
attack_2509_prepare	dinner_attack_prepare	0	null	null	UNRESOLVED
attack_250_charge	dinner_attack_charge	0	null	null	UNRESOLVED
attack_251	dinner_attack	0	null	null	UNRESOLVED
attack_2510	dinner_attack	0	null	null	UNRESOLVED
attack_2510_recover	dinner_attack_recover	0	null	null	UNRESOLVED
attack_2511	dinner_attack	0	null	null	UNRESOLVED
attack_2511_recover	dinner_attack_recover	0	null	null	UNRESOLVED
attack_2512	dinner_attack	0	null	null	UNRESOLVED
attack_2512_recover	dinner_attack_recover	0	null	null	UNRESOLVED
attack_2513	dinner_attack	0	null	null	UNRESOLVED
attack_2513_recover	dinner_attack_recover	0	null	null	UNRESOLVED
attack_2514	dinner_attack	0	null	null	UNRESOLVED
attack_2514_recover	dinner_attack_recover	0	null	null	UNRESOLVED
attack_2515	dinner_attack	0	null	null	UNRESOLVED
attack_2515_recover	dinner_attack_recover	0	null	null	UNRESOLVED
attack_2516	dinner_attack	0	null	null	UNRESOLVED
attack_2516_recover	dinner_attack_recover	0	null	null	UNRESOLVED
attack_2517	dinner_attack	0	null	null	UNRESOLVED
attack_2517_recover	dinner_attack_recover	0	null	null	UNRESOLVED
attack_2518	dinner_attack	0	null	null	UNRESOLVED
attack_2518_recover	dinner_attack_recover	0	null	null	UNRESOLVED
attack_2519	dinner_attack	0	null	null	UNRESOLVED
attack_2519_recover	dinner_attack_recover	0	null	null	UNRESOLVED
attack_251_charge	dinner_attack_charge	0	null	null	UNRESOLVED
attack_252	dinner_attack	0	null	null	UNRESOLVED
attack_2520	dinner_attack	0	null	null	UNRESOLVED
attack_2520_charge	dinner_attack_charge	0	null	null	UNRESOLVED
attack_2520_prepare	dinner_attack_prepare	0	null	null	UNRESOLVED
attack_2520_recover	dinner_attack_recover	0	null	null	UNRESOLVED
attack_2521	dinner_attack	0	null	null	UNRESOLVED
attack_2521_charge	dinner_attack_charge	0	null	null	UNRESOLVED
attack_2521_prepare	dinner_attack_prepare	0	null	null	UNRESOLVED
attack_2521_recover	dinner_attack_recover	0	null	null	UNRESOLVED
attack_2522	dinner_attack	0	null	null	UNRESOLVED
attack_2522_charge	dinner_attack_charge	0	null	null	UNRESOLVED
attack_2522_prepare	dinner_attack_prepare	0	null	null	UNRESOLVED
attack_2522_recover	dinner_attack_recover	0	null	null	UNRESOLVED
attack_2523	dinner_attack	0	null	null	UNRESOLVED
attack_2523_charge	dinner_attack_charge	0	null	null	UNRESOLVED
attack_2523_prepare	dinner_attack_prepare	0	null	null	UNRESOLVED
attack_2523_recover	dinner_attack_recover	0	null	null	UNRESOLVED
attack_2524	dinner_attack	0	null	null	UNRESOLVED
attack_2524_charge	dinner_attack_charge	0	null	null	UNRESOLVED
attack_2524_prepare	dinner_attack_prepare	0	null	null	UNRESOLVED
attack_2524_recover	dinner_attack_recover	0	null	null	UNRESOLVED
attack_2525	dinner_attack	0	null	null	UNRESOLVED
attack_2525_charge	dinner_attack_charge	0	null	null	UNRESOLVED
attack_2525_prepare	dinner_attack_prepare	0	null	null	UNRESOLVED
attack_2525_recover	dinner_attack_recover	0	null	null	UNRESOLVED
attack_2526	dinner_attack	0	null	null	UNRESOLVED
attack_2526_charge	dinner_attack_charge	0	null	null	UNRESOLVED
attack_2526_prepare	dinner_attack_prepare	0	null	null	UNRESOLVED
attack_2526_recover	dinner_attack_recover	0	null	null	UNRESOLVED
attack_2527	dinner_attack	0	null	null	UNRESOLVED
attack_2527_charge	dinner_attack_charge	0	null	null	UNRESOLVED
attack_2527_prepare	dinner_attack_prepare	0	null	null	UNRESOLVED
attack_2527_recover	dinner_attack_recover	0	null	null	UNRESOLVED
attack_2528	dinner_attack	0	null	null	UNRESOLVED
attack_2528_charge	dinner_attack_charge	0	null	null	UNRESOLVED
attack_2528_prepare	dinner_attack_prepare	0	null	null	UNRESOLVED
attack_2528_recover	dinner_attack_recover	0	null	null	UNRESOLVED
attack_2529	dinner_attack	0	null	null	UNRESOLVED
attack_2529_charge	dinner_attack_charge	0	null	null	UNRESOLVED
attack_2529_prepare	dinner_attack_prepare	0	null	null	UNRESOLVED
attack_2529_recover	dinner_attack_recover	0	null	null	UNRESOLVED
attack_252_prepare	dinner_attack_prepare	0	null	null	UNRESOLVED
attack_252_recover	dinner_attack_recover	0	null	null	UNRESOLVED
attack_2530	dinner_attack	0	null	null	UNRESOLVED
attack_2530_charge	dinner_attack_charge	0	null	null	UNRESOLVED
attack_2530_recover	dinner_attack_recover	0	null	null	UNRESOLVED
attack_253_charge	dinner_attack_charge	0	null	null	UNRESOLVED
attack_254_prepare	dinner_attack_prepare	0	null	null	UNRESOLVED
attack_255_charge	dinner_attack_charge	0	null	null	UNRESOLVED
attack_255_prepare	dinner_attack_prepare	0	null	null	UNRESOLVED
attack_256_recover	dinner_attack_recover	0	null	null	UNRESOLVED
attack_257	dinner_attack	0	null	null	UNRESOLVED
attack_257_recover	dinner_attack_recover	0	null	null	UNRESOLVED
attack_258_charge	dinner_attack_charge	0	null	null	UNRESOLVED
attack_259	dinner_attack	0	null	null	UNRESOLVED
attack_2590	dinner_attack	6	null	null	UNRESOLVED
attack_2590_recover	dinner_attack_recover	6	null	null	UNRESOLVED
attack_2591	dinner_attack	6	null	null	UNRESOLVED
attack_2591_recover	dinner_attack_recover	6	null	null	UNRESOLVED
attack_2592	dinner_attack	6	null	null	UNRESOLVED
attack_2592_recover	dinner_attack_recover	6	null	null	UNRESOLVED
attack_2593	dinner_attack	6	null	null	UNRESOLVED
attack_2593_recover	dinner_attack_recover	6	null	null	UNRESOLVED
attack_2594	dinner_attack	6	null	null	UNRESOLVED
attack_2594_recover	dinner_attack_recover	6	null	null	UNRESOLVED
attack_2595	dinner_attack	6	null	null	UNRESOLVED
attack_2595_recover	dinner_attack_recover	6	null	null	UNRESOLVED
attack_2596	dinner_attack	6	null	null	UNRESOLVED
attack_2596_recover	dinner_attack_recover	6	null	null	UNRESOLVED
attack_2597	dinner_attack	6	null	null	UNRESOLVED
attack_2597_recover	dinner_attack_recover	6	null	null	UNRESOLVED
attack_2598	dinner_attack	6	null	null	UNRESOLVED
attack_2598_recover	dinner_attack_recover	6	null	null	UNRESOLVED
attack_2599	dinner_attack	6	null	null	UNRESOLVED
attack_2599_recover	dinner_attack_recover	6	null	null	UNRESOLVED
attack_25_charge	dinner_sp_attack_charge	0	null	null	UNRESOLVED
attack_25_recover	dinner_sp_attack_recover	0	null	null	UNRESOLVED
attack_260	dinner_attack	0	null	null	UNRESOLVED
attack_2600_charge	dinner_attack_charge	0	null	null	UNRESOLVED
attack_2600_prepare	dinner_attack_prepare	0	null	null	UNRESOLVED
attack_2601_charge	dinner_attack_charge	0	null	null	UNRESOLVED
attack_2601_prepare	dinner_attack_prepare	0	null	null	UNRESOLVED
attack_2602_charge	dinner_attack_charge	0	null	null	UNRESOLVED
attack_2602_prepare	dinner_attack_prepare	0	null	null	UNRESOLVED
attack_2603_charge	dinner_attack_charge	0	null	null	UNRESOLVED
attack_2603_prepare	dinner_attack_prepare	0	null	null	UNRESOLVED
attack_2604_charge	dinner_attack_charge	0	null	null	UNRESOLVED
attack_2604_prepare	dinner_attack_prepare	0	null	null	UNRESOLVED
attack_2605_charge	dinner_attack_charge	0	null	null	UNRESOLVED
attack_2605_prepare	dinner_attack_prepare	0	null	null	UNRESOLVED
attack_2606_charge	dinner_attack_charge	0	null	null	UNRESOLVED
attack_2606_prepare	dinner_attack_prepare	0	null	null	UNRESOLVED
attack_2607_charge	dinner_attack_charge	0	null	null	UNRESOLVED
attack_2607_prepare	dinner_attack_prepare	0	null	null	UNRESOLVED
attack_2608_charge	dinner_attack_charge	0	null	null	UNRESOLVED
attack_2608_prepare	dinner_attack_prepare	0	null	null	UNRESOLVED
attack_2609_charge	dinner_attack_charge	0	null	null	UNRESOLVED
attack_2609_prepare	dinner_attack_prepare	0	null	null	UNRESOLVED
attack_260_charge	dinner_attack_charge	0	null	null	UNRESOLVED
attack_261	dinner_attack	0	null	null	UNRESOLVED
attack_2610	dinner_attack	0	null	null	UNRESOLVED
attack_2610_prepare	dinner_attack_prepare	0	null	null	UNRESOLVED
attack_2610_recover	dinner_attack_recover	0	null	null	UNRESOLVED
attack_2611	dinner_attack	0	null	null	UNRESOLVED
attack_2611_prepare	dinner_attack_prepare	0	null	null	UNRESOLVED
attack_2611_recover	dinner_attack_recover	0	null	null	UNRESOLVED
attack_2612	dinner_attack	0	null	null	UNRESOLVED
attack_2612_prepare	dinner_attack_prepare	0	null	null	UNRESOLVED
attack_2612_recover	dinner_attack_recover	0	null	null	UNRESOLVED
attack_2613	dinner_attack	0	null	null	UNRESOLVED
attack_2613_prepare	dinner_attack_prepare	0	null	null	UNRESOLVED
attack_2613_recover	dinner_attack_recover	0	null	null	UNRESOLVED
attack_2614	dinner_attack	0	null	null	UNRESOLVED
attack_2614_prepare	dinner_attack_prepare	0	null	null	UNRESOLVED
attack_2614_recover	dinner_attack_recover	0	null	null	UNRESOLVED
attack_2615	dinner_attack	0	null	null	UNRESOLVED
attack_2615_prepare	dinner_attack_prepare	0	null	null	UNRESOLVED
attack_2615_recover	dinner_attack_recover	0	null	null	UNRESOLVED
attack_2616	dinner_attack	0	null	null	UNRESOLVED
attack_2616_prepare	dinner_attack_prepare	0	null	null	UNRESOLVED
attack_2616_recover	dinner_attack_recover	0	null	null	UNRESOLVED
attack_2617	dinner_attack	0	null	null	UNRESOLVED
attack_2617_prepare	dinner_attack_prepare	0	null	null	UNRESOLVED
attack_2617_recover	dinner_attack_recover	0	null	null	UNRESOLVED
attack_2618	dinner_attack	0	null	null	UNRESOLVED
attack_2618_prepare	dinner_attack_prepare	0	null	null	UNRESOLVED
attack_2618_recover	dinner_attack_recover	0	null	null	UNRESOLVED
attack_2619	dinner_attack	0	null	null	UNRESOLVED
attack_2619_prepare	dinner_attack_prepare	0	null	null	UNRESOLVED
attack_2619_recover	dinner_attack_recover	0	null	null	UNRESOLVED
attack_261_charge	dinner_attack_charge	0	null	null	UNRESOLVED
attack_262	dinner_attack	0	null	null	UNRESOLVED
attack_2620	dinner_attack	0	null	null	UNRESOLVED
attack_2620_charge	dinner_attack_charge	0	null	null	UNRESOLVED
attack_2620_prepare	dinner_attack_prepare	0	null	null	UNRESOLVED
attack_2620_recover	dinner_attack_recover	0	null	null	UNRESOLVED
attack_2621	dinner_attack	0	null	null	UNRESOLVED
attack_2621_charge	dinner_attack_charge	0	null	null	UNRESOLVED
attack_2621_prepare	dinner_attack_prepare	0	null	null	UNRESOLVED
attack_2621_recover	dinner_attack_recover	0	null	null	UNRESOLVED
attack_2622	dinner_attack	0	null	null	UNRESOLVED
attack_2622_charge	dinner_attack_charge	0	null	null	UNRESOLVED
attack_2622_prepare	dinner_attack_prepare	0	null	null	UNRESOLVED
attack_2622_recover	dinner_attack_recover	0	null	null	UNRESOLVED
attack_2623	dinner_attack	0	null	null	UNRESOLVED
attack_2623_charge	dinner_attack_charge	0	null	null	UNRESOLVED
attack_2623_prepare	dinner_attack_prepare	0	null	null	UNRESOLVED
attack_2623_recover	dinner_attack_recover	0	null	null	UNRESOLVED
attack_2624	dinner_attack	0	null	null	UNRESOLVED
attack_2624_charge	dinner_attack_charge	0	null	null	UNRESOLVED
attack_2624_prepare	dinner_attack_prepare	0	null	null	UNRESOLVED
attack_2624_recover	dinner_attack_recover	0	null	null	UNRESOLVED
attack_2625	dinner_attack	0	null	null	UNRESOLVED
attack_2625_charge	dinner_attack_charge	0	null	null	UNRESOLVED
attack_2625_prepare	dinner_attack_prepare	0	null	null	UNRESOLVED
attack_2625_recover	dinner_attack_recover	0	null	null	UNRESOLVED
attack_2626	dinner_attack	0	null	null	UNRESOLVED
attack_2626_charge	dinner_attack_charge	0	null	null	UNRESOLVED
attack_2626_prepare	dinner_attack_prepare	0	null	null	UNRESOLVED
attack_2626_recover	dinner_attack_recover	0	null	null	UNRESOLVED
attack_2627	dinner_attack	0	null	null	UNRESOLVED
attack_2627_charge	dinner_attack_charge	0	null	null	UNRESOLVED
attack_2627_prepare	dinner_attack_prepare	0	null	null	UNRESOLVED
attack_2627_recover	dinner_attack_recover	0	null	null	UNRESOLVED
attack_2628	dinner_attack	0	null	null	UNRESOLVED
attack_2628_charge	dinner_attack_charge	0	null	null	UNRESOLVED
attack_2628_prepare	dinner_attack_prepare	0	null	null	UNRESOLVED
attack_2628_recover	dinner_attack_recover	0	null	null	UNRESOLVED
attack_2629	dinner_attack	0	null	null	UNRESOLVED
attack_2629_charge	dinner_attack_charge	0	null	null	UNRESOLVED
attack_2629_prepare	dinner_attack_prepare	0	null	null	UNRESOLVED
attack_2629_recover	dinner_attack_recover	0	null	null	UNRESOLVED
attack_262_prepare	dinner_attack_prepare	0	null	null	UNRESOLVED
attack_262_recover	dinner_attack_recover	0	null	null	UNRESOLVED
attack_2630	dinner_attack	0	null	null	UNRESOLVED
attack_2630_charge	dinner_attack_charge	0	null	null	UNRESOLVED
attack_2630_recover	dinner_attack_recover	0	null	null	UNRESOLVED
attack_263_charge	dinner_attack_charge	0	null	null	UNRESOLVED
attack_264_prepare	dinner_attack_prepare	0	null	null	UNRESOLVED
attack_265_charge	dinner_attack_charge	0	null	null	UNRESOLVED
attack_265_prepare	dinner_attack_prepare	0	null	null	UNRESOLVED
attack_266_recover	dinner_attack_recover	0	null	null	UNRESOLVED
attack_267	dinner_attack	0	null	null	UNRESOLVED
attack_267_recover	dinner_attack_recover	0	null	null	UNRESOLVED
attack_268_charge	dinner_attack_charge	0	null	null	UNRESOLVED
attack_269	dinner_attack	0	null	null	UNRESOLVED
attack_2690	dinner_attack	6	null	null	UNRESOLVED
attack_2690_recover	dinner_attack_recover	6	null	null	UNRESOLVED
attack_2691	dinner_attack	6	null	null	UNRESOLVED
attack_2691_recover	dinner_attack_recover	6	null	null	UNRESOLVED
attack_2692	dinner_attack	6	null	null	UNRESOLVED
attack_2692_recover	dinner_attack_recover	6	null	null	UNRESOLVED
attack_2693	dinner_attack	6	null	null	UNRESOLVED
attack_2693_recover	dinner_attack_recover	6	null	null	UNRESOLVED
attack_2694	dinner_attack	6	null	null	UNRESOLVED
attack_2694_recover	dinner_attack_recover	6	null	null	UNRESOLVED
attack_2695	dinner_attack	6	null	null	UNRESOLVED
attack_2695_recover	dinner_attack_recover	6	null	null	UNRESOLVED
attack_2696	dinner_attack	6	null	null	UNRESOLVED
attack_2696_recover	dinner_attack_recover	6	null	null	UNRESOLVED
attack_2697	dinner_attack	6	null	null	UNRESOLVED
attack_2697_recover	dinner_attack_recover	6	null	null	UNRESOLVED
attack_2698	dinner_attack	6	null	null	UNRESOLVED
attack_2698_recover	dinner_attack_recover	6	null	null	UNRESOLVED
attack_2699	dinner_attack	6	null	null	UNRESOLVED
attack_2699_recover	dinner_attack_recover	6	null	null	UNRESOLVED
attack_26_charge	dinner_sp_attack_charge	0	null	null	UNRESOLVED
attack_26_recover	dinner_sp_attack_recover	0	null	null	UNRESOLVED
attack_270	dinner_attack	0	null	null	UNRESOLVED
attack_2700_charge	dinner_attack_charge	0	null	null	UNRESOLVED
attack_2700_prepare	dinner_attack_prepare	0	null	null	UNRESOLVED
attack_2701_charge	dinner_attack_charge	0	null	null	UNRESOLVED
attack_2701_prepare	dinner_attack_prepare	0	null	null	UNRESOLVED
attack_2702_charge	dinner_attack_charge	0	null	null	UNRESOLVED
attack_2702_prepare	dinner_attack_prepare	0	null	null	UNRESOLVED
attack_2703_charge	dinner_attack_charge	0	null	null	UNRESOLVED
attack_2703_prepare	dinner_attack_prepare	0	null	null	UNRESOLVED
attack_2704_charge	dinner_attack_charge	0	null	null	UNRESOLVED
attack_2704_prepare	dinner_attack_prepare	0	null	null	UNRESOLVED
attack_2705_charge	dinner_attack_charge	0	null	null	UNRESOLVED
attack_2705_prepare	dinner_attack_prepare	0	null	null	UNRESOLVED
attack_2706_charge	dinner_attack_charge	0	null	null	UNRESOLVED
attack_2706_prepare	dinner_attack_prepare	0	null	null	UNRESOLVED
attack_2707_charge	dinner_attack_charge	0	null	null	UNRESOLVED
attack_2707_prepare	dinner_attack_prepare	0	null	null	UNRESOLVED
attack_2708_charge	dinner_attack_charge	0	null	null	UNRESOLVED
attack_2708_prepare	dinner_attack_prepare	0	null	null	UNRESOLVED
attack_2709_charge	dinner_attack_charge	0	null	null	UNRESOLVED
attack_2709_prepare	dinner_attack_prepare	0	null	null	UNRESOLVED
attack_270_charge	dinner_attack_charge	0	null	null	UNRESOLVED
attack_271	dinner_attack	0	null	null	UNRESOLVED
attack_2710	dinner_attack	0	null	null	UNRESOLVED
attack_2710_prepare	dinner_attack_prepare	0	null	null	UNRESOLVED
attack_2710_recover	dinner_attack_recover	0	null	null	UNRESOLVED
attack_2711	dinner_attack	0	null	null	UNRESOLVED
attack_2711_prepare	dinner_attack_prepare	0	null	null	UNRESOLVED
attack_2711_recover	dinner_attack_recover	0	null	null	UNRESOLVED
attack_2712	dinner_attack	0	null	null	UNRESOLVED
attack_2712_prepare	dinner_attack_prepare	0	null	null	UNRESOLVED
attack_2712_recover	dinner_attack_recover	0	null	null	UNRESOLVED
attack_2713	dinner_attack	0	null	null	UNRESOLVED
attack_2713_prepare	dinner_attack_prepare	0	null	null	UNRESOLVED
attack_2713_recover	dinner_attack_recover	0	null	null	UNRESOLVED
attack_2714	dinner_attack	0	null	null	UNRESOLVED
attack_2714_prepare	dinner_attack_prepare	0	null	null	UNRESOLVED
attack_2714_recover	dinner_attack_recover	0	null	null	UNRESOLVED
attack_2715	dinner_attack	0	null	null	UNRESOLVED
attack_2715_prepare	dinner_attack_prepare	0	null	null	UNRESOLVED
attack_2715_recover	dinner_attack_recover	0	null	null	UNRESOLVED
attack_2716	dinner_attack	0	null	null	UNRESOLVED
attack_2716_prepare	dinner_attack_prepare	0	null	null	UNRESOLVED
attack_2716_recover	dinner_attack_recover	0	null	null	UNRESOLVED
attack_2717	dinner_attack	0	null	null	UNRESOLVED
attack_2717_prepare	dinner_attack_prepare	0	null	null	UNRESOLVED
attack_2717_recover	dinner_attack_recover	0	null	null	UNRESOLVED
attack_2718	dinner_attack	0	null	null	UNRESOLVED
attack_2718_prepare	dinner_attack_prepare	0	null	null	UNRESOLVED
attack_2718_recover	dinner_attack_recover	0	null	null	UNRESOLVED
attack_2719	dinner_attack	0	null	null	UNRESOLVED
attack_2719_prepare	dinner_attack_prepare	0	null	null	UNRESOLVED
attack_2719_recover	dinner_attack_recover	0	null	null	UNRESOLVED
attack_271_charge	dinner_attack_charge	0	null	null	UNRESOLVED
attack_272	dinner_attack	0	null	null	UNRESOLVED
attack_2720	dinner_attack	0	null	null	UNRESOLVED
attack_2720_charge	dinner_attack_charge	0	null	null	UNRESOLVED
attack_2720_prepare	dinner_attack_prepare	0	null	null	UNRESOLVED
attack_2720_recover	dinner_attack_recover	0	null	null	UNRESOLVED
attack_2721	dinner_attack	0	null	null	UNRESOLVED
attack_2721_charge	dinner_attack_charge	0	null	null	UNRESOLVED
attack_2721_prepare	dinner_attack_prepare	0	null	null	UNRESOLVED
attack_2721_recover	dinner_attack_recover	0	null	null	UNRESOLVED
attack_2722	dinner_attack	0	null	null	UNRESOLVED
attack_2722_charge	dinner_attack_charge	0	null	null	UNRESOLVED
attack_2722_prepare	dinner_attack_prepare	0	null	null	UNRESOLVED
attack_2722_recover	dinner_attack_recover	0	null	null	UNRESOLVED
attack_2723	dinner_attack	0	null	null	UNRESOLVED
attack_2723_charge	dinner_attack_charge	0	null	null	UNRESOLVED
attack_2723_prepare	dinner_attack_prepare	0	null	null	UNRESOLVED
attack_2723_recover	dinner_attack_recover	0	null	null	UNRESOLVED
attack_2724	dinner_attack	0	null	null	UNRESOLVED
attack_2724_charge	dinner_attack_charge	0	null	null	UNRESOLVED
attack_2724_prepare	dinner_attack_prepare	0	null	null	UNRESOLVED
attack_2724_recover	dinner_attack_recover	0	null	null	UNRESOLVED
attack_2725	dinner_attack	0	null	null	UNRESOLVED
attack_2725_charge	dinner_attack_charge	0	null	null	UNRESOLVED
attack_2725_prepare	dinner_attack_prepare	0	null	null	UNRESOLVED
attack_2725_recover	dinner_attack_recover	0	null	null	UNRESOLVED
attack_2726	dinner_attack	0	null	null	UNRESOLVED
attack_2726_charge	dinner_attack_charge	0	null	null	UNRESOLVED
attack_2726_prepare	dinner_attack_prepare	0	null	null	UNRESOLVED
attack_2726_recover	dinner_attack_recover	0	null	null	UNRESOLVED
attack_2727	dinner_attack	0	null	null	UNRESOLVED
attack_2727_charge	dinner_attack_charge	0	null	null	UNRESOLVED
attack_2727_prepare	dinner_attack_prepare	0	null	null	UNRESOLVED
attack_2727_recover	dinner_attack_recover	0	null	null	UNRESOLVED
attack_2728	dinner_attack	0	null	null	UNRESOLVED
attack_2728_charge	dinner_attack_charge	0	null	null	UNRESOLVED
attack_2728_prepare	dinner_attack_prepare	0	null	null	UNRESOLVED
attack_2728_recover	dinner_attack_recover	0	null	null	UNRESOLVED
attack_2729	dinner_attack	0	null	null	UNRESOLVED
attack_2729_charge	dinner_attack_charge	0	null	null	UNRESOLVED
attack_2729_prepare	dinner_attack_prepare	0	null	null	UNRESOLVED
attack_2729_recover	dinner_attack_recover	0	null	null	UNRESOLVED
attack_272_prepare	dinner_attack_prepare	0	null	null	UNRESOLVED
attack_272_recover	dinner_attack_recover	0	null	null	UNRESOLVED
attack_2730	dinner_attack	0	null	null	UNRESOLVED
attack_2730_charge	dinner_attack_charge	0	null	null	UNRESOLVED
attack_2730_recover	dinner_attack_recover	0	null	null	UNRESOLVED
attack_273_charge	dinner_attack_charge	0	null	null	UNRESOLVED
attack_274_prepare	dinner_attack_prepare	0	null	null	UNRESOLVED
attack_275_charge	dinner_attack_charge	0	null	null	UNRESOLVED
attack_275_prepare	dinner_attack_prepare	0	null	null	UNRESOLVED
attack_276_recover	dinner_attack_recover	0	null	null	UNRESOLVED
attack_277	dinner_attack	0	null	null	UNRESOLVED
attack_277_recover	dinner_attack_recover	0	null	null	UNRESOLVED
attack_278_charge	dinner_attack_charge	0	null	null	UNRESOLVED
attack_279	dinner_attack	0	null	null	UNRESOLVED
attack_2790	dinner_attack	6	null	null	UNRESOLVED
attack_2790_recover	dinner_attack_recover	6	null	null	UNRESOLVED
attack_2791	dinner_attack	6	null	null	UNRESOLVED
attack_2791_recover	dinner_attack_recover	6	null	null	UNRESOLVED
attack_2792	dinner_attack	6	null	null	UNRESOLVED
attack_2792_recover	dinner_attack_recover	6	null	null	UNRESOLVED
attack_2793	dinner_attack	6	null	null	UNRESOLVED
attack_2793_recover	dinner_attack_recover	6	null	null	UNRESOLVED
attack_2794	dinner_attack	6	null	null	UNRESOLVED
attack_2794_recover	dinner_attack_recover	6	null	null	UNRESOLVED
attack_2795	dinner_attack	6	null	null	UNRESOLVED
attack_2795_recover	dinner_attack_recover	6	null	null	UNRESOLVED
attack_2796	dinner_attack	6	null	null	UNRESOLVED
attack_2796_recover	dinner_attack_recover	6	null	null	UNRESOLVED
attack_2797	dinner_attack	6	null	null	UNRESOLVED
attack_2797_recover	dinner_attack_recover	6	null	null	UNRESOLVED
attack_2798	dinner_attack	6	null	null	UNRESOLVED
attack_2798_recover	dinner_attack_recover	6	null	null	UNRESOLVED
attack_2799	dinner_attack	6	null	null	UNRESOLVED
attack_2799_recover	dinner_attack_recover	6	null	null	UNRESOLVED
attack_27_charge	dinner_sp_attack_charge	0	null	null	UNRESOLVED
attack_27_recover	dinner_sp_attack_recover	0	null	null	UNRESOLVED
attack_280	dinner_attack	0	null	null	UNRESOLVED
attack_2800_charge	dinner_attack_charge	0	null	null	UNRESOLVED
attack_2800_prepare	dinner_attack_prepare	0	null	null	UNRESOLVED
attack_2801_charge	dinner_attack_charge	0	null	null	UNRESOLVED
attack_2801_prepare	dinner_attack_prepare	0	null	null	UNRESOLVED
attack_2802_charge	dinner_attack_charge	0	null	null	UNRESOLVED
attack_2802_prepare	dinner_attack_prepare	0	null	null	UNRESOLVED
attack_2803_charge	dinner_attack_charge	0	null	null	UNRESOLVED
attack_2803_prepare	dinner_attack_prepare	0	null	null	UNRESOLVED
attack_2804_charge	dinner_attack_charge	0	null	null	UNRESOLVED
attack_2804_prepare	dinner_attack_prepare	0	null	null	UNRESOLVED
attack_2805_charge	dinner_attack_charge	0	null	null	UNRESOLVED
attack_2805_prepare	dinner_attack_prepare	0	null	null	UNRESOLVED
attack_2806_charge	dinner_attack_charge	0	null	null	UNRESOLVED
attack_2806_prepare	dinner_attack_prepare	0	null	null	UNRESOLVED
attack_2807_charge	dinner_attack_charge	0	null	null	UNRESOLVED
attack_2807_prepare	dinner_attack_prepare	0	null	null	UNRESOLVED
attack_2808_charge	dinner_attack_charge	0	null	null	UNRESOLVED
attack_2808_prepare	dinner_attack_prepare	0	null	null	UNRESOLVED
attack_2809_charge	dinner_attack_charge	0	null	null	UNRESOLVED
attack_2809_prepare	dinner_attack_prepare	0	null	null	UNRESOLVED
attack_280_charge	dinner_attack_charge	0	null	null	UNRESOLVED
attack_281	dinner_attack	0	null	null	UNRESOLVED
attack_2810	dinner_attack	0	null	null	UNRESOLVED
attack_2810_recover	dinner_attack_recover	0	null	null	UNRESOLVED
attack_2811	dinner_attack	0	null	null	UNRESOLVED
attack_2811_recover	dinner_attack_recover	0	null	null	UNRESOLVED
attack_2812	dinner_attack	0	null	null	UNRESOLVED
attack_2812_recover	dinner_attack_recover	0	null	null	UNRESOLVED
attack_2813	dinner_attack	0	null	null	UNRESOLVED
attack_2813_recover	dinner_attack_recover	0	null	null	UNRESOLVED
attack_2814	dinner_attack	0	null	null	UNRESOLVED
attack_2814_recover	dinner_attack_recover	0	null	null	UNRESOLVED
attack_2815	dinner_attack	0	null	null	UNRESOLVED
attack_2815_recover	dinner_attack_recover	0	null	null	UNRESOLVED
attack_2816	dinner_attack	0	null	null	UNRESOLVED
attack_2816_recover	dinner_attack_recover	0	null	null	UNRESOLVED
attack_2817	dinner_attack	0	null	null	UNRESOLVED
attack_2817_recover	dinner_attack_recover	0	null	null	UNRESOLVED
attack_2818	dinner_attack	0	null	null	UNRESOLVED
attack_2818_recover	dinner_attack_recover	0	null	null	UNRESOLVED
attack_2819	dinner_attack	0	null	null	UNRESOLVED
attack_2819_recover	dinner_attack_recover	0	null	null	UNRESOLVED
attack_281_charge	dinner_attack_charge	0	null	null	UNRESOLVED
attack_282	dinner_attack	0	null	null	UNRESOLVED
attack_2820	dinner_attack	0	null	null	UNRESOLVED
attack_2820_charge	dinner_attack_charge	0	null	null	UNRESOLVED
attack_2820_prepare	dinner_attack_prepare	0	null	null	UNRESOLVED
attack_2820_recover	dinner_attack_recover	0	null	null	UNRESOLVED
attack_2821	dinner_attack	0	null	null	UNRESOLVED
attack_2821_charge	dinner_attack_charge	0	null	null	UNRESOLVED
attack_2821_prepare	dinner_attack_prepare	0	null	null	UNRESOLVED
attack_2821_recover	dinner_attack_recover	0	null	null	UNRESOLVED
attack_2822	dinner_attack	0	null	null	UNRESOLVED
attack_2822_charge	dinner_attack_charge	0	null	null	UNRESOLVED
attack_2822_prepare	dinner_attack_prepare	0	null	null	UNRESOLVED
attack_2822_recover	dinner_attack_recover	0	null	null	UNRESOLVED
attack_2823	dinner_attack	0	null	null	UNRESOLVED
attack_2823_charge	dinner_attack_charge	0	null	null	UNRESOLVED
attack_2823_prepare	dinner_attack_prepare	0	null	null	UNRESOLVED
attack_2823_recover	dinner_attack_recover	0	null	null	UNRESOLVED
attack_2824	dinner_attack	0	null	null	UNRESOLVED
attack_2824_charge	dinner_attack_charge	0	null	null	UNRESOLVED
attack_2824_prepare	dinner_attack_prepare	0	null	null	UNRESOLVED
attack_2824_recover	dinner_attack_recover	0	null	null	UNRESOLVED
attack_2825	dinner_attack	0	null	null	UNRESOLVED
attack_2825_charge	dinner_attack_charge	0	null	null	UNRESOLVED
attack_2825_prepare	dinner_attack_prepare	0	null	null	UNRESOLVED
attack_2825_recover	dinner_attack_recover	0	null	null	UNRESOLVED
attack_2826	dinner_attack	0	null	null	UNRESOLVED
attack_2826_charge	dinner_attack_charge	0	null	null	UNRESOLVED
attack_2826_prepare	dinner_attack_prepare	0	null	null	UNRESOLVED
attack_2826_recover	dinner_attack_recover	0	null	null	UNRESOLVED
attack_2827	dinner_attack	0	null	null	UNRESOLVED
attack_2827_charge	dinner_attack_charge	0	null	null	UNRESOLVED
attack_2827_prepare	dinner_attack_prepare	0	null	null	UNRESOLVED
attack_2827_recover	dinner_attack_recover	0	null	null	UNRESOLVED
attack_2828	dinner_attack	0	null	null	UNRESOLVED
attack_2828_charge	dinner_attack_charge	0	null	null	UNRESOLVED
attack_2828_prepare	dinner_attack_prepare	0	null	null	UNRESOLVED
attack_2828_recover	dinner_attack_recover	0	null	null	UNRESOLVED
attack_2829	dinner_attack	0	null	null	UNRESOLVED
attack_2829_charge	dinner_attack_charge	0	null	null	UNRESOLVED
attack_2829_prepare	dinner_attack_prepare	0	null	null	UNRESOLVED
attack_2829_recover	dinner_attack_recover	0	null	null	UNRESOLVED
attack_282_prepare	dinner_attack_prepare	0	null	null	UNRESOLVED
attack_282_recover	dinner_attack_recover	0	null	null	UNRESOLVED
attack_2830	dinner_attack	0	null	null	UNRESOLVED
attack_2830_charge	dinner_attack_charge	0	null	null	UNRESOLVED
attack_2830_recover	dinner_attack_recover	0	null	null	UNRESOLVED
attack_283_charge	dinner_attack_charge	0	null	null	UNRESOLVED
attack_284_prepare	dinner_attack_prepare	0	null	null	UNRESOLVED
attack_285_charge	dinner_attack_charge	0	null	null	UNRESOLVED
attack_285_prepare	dinner_attack_prepare	0	null	null	UNRESOLVED
attack_286_recover	dinner_attack_recover	0	null	null	UNRESOLVED
attack_287	dinner_attack	0	null	null	UNRESOLVED
attack_287_recover	dinner_attack_recover	0	null	null	UNRESOLVED
attack_288_charge	dinner_attack_charge	0	null	null	UNRESOLVED
attack_289	dinner_attack	0	null	null	UNRESOLVED
attack_2890	dinner_attack	6	null	null	UNRESOLVED
attack_2890_recover	dinner_attack_recover	6	null	null	UNRESOLVED
attack_2891	dinner_attack	6	null	null	UNRESOLVED
attack_2891_recover	dinner_attack_recover	6	null	null	UNRESOLVED
attack_2892	dinner_attack	6	null	null	UNRESOLVED
attack_2892_recover	dinner_attack_recover	6	null	null	UNRESOLVED
attack_2893	dinner_attack	6	null	null	UNRESOLVED
attack_2893_recover	dinner_attack_recover	6	null	null	UNRESOLVED
attack_2894	dinner_attack	6	null	null	UNRESOLVED
attack_2894_recover	dinner_attack_recover	6	null	null	UNRESOLVED
attack_2895	dinner_attack	6	null	null	UNRESOLVED
attack_2895_recover	dinner_attack_recover	6	null	null	UNRESOLVED
attack_2896	dinner_attack	6	null	null	UNRESOLVED
attack_2896_recover	dinner_attack_recover	6	null	null	UNRESOLVED
attack_2897	dinner_attack	6	null	null	UNRESOLVED
attack_2897_recover	dinner_attack_recover	6	null	null	UNRESOLVED
attack_2898	dinner_attack	6	null	null	UNRESOLVED
attack_2898_recover	dinner_attack_recover	6	null	null	UNRESOLVED
attack_2899	dinner_attack	6	null	null	UNRESOLVED
attack_2899_recover	dinner_attack_recover	6	null	null	UNRESOLVED
attack_28_charge	dinner_sp_attack_charge	0	null	null	UNRESOLVED
attack_28_recover	dinner_sp_attack_recover	0	null	null	UNRESOLVED
attack_290	dinner_attack	0	null	null	UNRESOLVED
attack_290_charge	dinner_attack_charge	0	null	null	UNRESOLVED
attack_29_charge	dinner_sp_attack_charge	0	null	null	UNRESOLVED
attack_29_recover	dinner_sp_attack_recover	0	null	null	UNRESOLVED
attack_30	dinner_attack	0	null	null	UNRESOLVED
attack_30_charge	dinner_attack_charge	0	null	null	UNRESOLVED
attack_30_prepare	dinner_attack_prepare	0	null	null	UNRESOLVED
attack_30_recover	dinner_attack_recover	0	null	null	UNRESOLVED
attack_31	dinner_attack	0	null	null	UNRESOLVED
attack_31_charge	dinner_attack_charge	0	null	null	UNRESOLVED
attack_31_prepare	dinner_attack_prepare	0	null	null	UNRESOLVED
attack_31_recover	dinner_attack_recover	0	null	null	UNRESOLVED
attack_32	dinner_attack	0	null	null	UNRESOLVED
attack_32_charge	dinner_attack_charge	0	null	null	UNRESOLVED
attack_32_prepare	dinner_attack_prepare	0	null	null	UNRESOLVED
attack_32_recover	dinner_attack_recover	0	null	null	UNRESOLVED
attack_33	dinner_attack	0	null	null	UNRESOLVED
attack_33_charge	dinner_attack_charge	0	null	null	UNRESOLVED
attack_33_prepare	dinner_attack_prepare	0	null	null	UNRESOLVED
attack_33_recover	dinner_attack_recover	0	null	null	UNRESOLVED
attack_34	dinner_attack	0	null	null	UNRESOLVED
attack_34_charge	dinner_attack_charge	0	null	null	UNRESOLVED
attack_34_prepare	dinner_attack_prepare	0	null	null	UNRESOLVED
attack_34_recover	dinner_attack_recover	0	null	null	UNRESOLVED
attack_35	dinner_attack	0	null	null	UNRESOLVED
attack_35_charge	dinner_attack_charge	0	null	null	UNRESOLVED
attack_35_prepare	dinner_attack_prepare	0	null	null	UNRESOLVED
attack_35_recover	dinner_attack_recover	0	null	null	UNRESOLVED
attack_36	dinner_attack	0	null	null	UNRESOLVED
attack_36_charge	dinner_attack_charge	0	null	null	UNRESOLVED
attack_36_prepare	dinner_attack_prepare	0	null	null	UNRESOLVED
attack_36_recover	dinner_attack_recover	0	null	null	UNRESOLVED
attack_37	dinner_attack	0	null	null	UNRESOLVED
attack_37_charge	dinner_attack_charge	0	null	null	UNRESOLVED
attack_37_prepare	dinner_attack_prepare	0	null	null	UNRESOLVED
attack_37_recover	dinner_attack_recover	0	null	null	UNRESOLVED
attack_38	dinner_attack	0	null	null	UNRESOLVED
attack_38_charge	dinner_attack_charge	0	null	null	UNRESOLVED
attack_38_prepare	dinner_attack_prepare	0	null	null	UNRESOLVED
attack_38_recover	dinner_attack_recover	0	null	null	UNRESOLVED
attack_39	dinner_attack	0	null	null	UNRESOLVED
attack_39_charge	dinner_attack_charge	0	null	null	UNRESOLVED
attack_39_prepare	dinner_attack_prepare	0	null	null	UNRESOLVED
attack_39_recover	dinner_attack_recover	0	null	null	UNRESOLVED
attack_401	dinner_attack	0	null	null	UNRESOLVED
attack_401_recover	dinner_attack_recover	0	null	null	UNRESOLVED
attack_402_charge	dinner_attack_charge	0	null	null	UNRESOLVED
attack_402_recover	dinner_attack_recover	0	null	null	UNRESOLVED
attack_403_prepare	dinner_attack_prepare	0	null	null	UNRESOLVED
attack_403_recover	dinner_attack_recover	0	null	null	UNRESOLVED
attack_404	dinner_attack	0	null	null	UNRESOLVED
attack_404_charge	dinner_attack_charge	0	null	null	UNRESOLVED
attack_404_prepare	dinner_attack_prepare	0	null	null	UNRESOLVED
attack_404_recover	dinner_attack_recover	0	null	null	UNRESOLVED
attack_405_recover	dinner_attack_recover	0	null	null	UNRESOLVED
attack_406	dinner_attack	0	null	null	UNRESOLVED
attack_406_charge	dinner_attack_charge	0	null	null	UNRESOLVED
attack_406_prepare	dinner_attack_prepare	0	null	null	UNRESOLVED
attack_407	dinner_attack	0	null	null	UNRESOLVED
attack_407_charge	dinner_attack_charge	0	null	null	UNRESOLVED
attack_407_prepare	dinner_attack_prepare	0	null	null	UNRESOLVED
attack_408_charge	dinner_attack_charge	0	null	null	UNRESOLVED
attack_408_recover	dinner_attack_recover	0	null	null	UNRESOLVED
attack_409	dinner_attack	0	null	null	UNRESOLVED
attack_409_recover	dinner_attack_recover	0	null	null	UNRESOLVED
attack_410_prepare	dinner_attack_prepare	0	null	null	UNRESOLVED
attack_410_recover	dinner_attack_recover	0	null	null	UNRESOLVED
attack_411	dinner_attack	0	null	null	UNRESOLVED
attack_411_recover	dinner_attack_recover	0	null	null	UNRESOLVED
attack_412_charge	dinner_attack_charge	0	null	null	UNRESOLVED
attack_412_recover	dinner_attack_recover	0	null	null	UNRESOLVED
attack_413_prepare	dinner_attack_prepare	0	null	null	UNRESOLVED
attack_413_recover	dinner_attack_recover	0	null	null	UNRESOLVED
attack_414	dinner_attack	0	null	null	UNRESOLVED
attack_414_charge	dinner_attack_charge	0	null	null	UNRESOLVED
attack_414_prepare	dinner_attack_prepare	0	null	null	UNRESOLVED
attack_414_recover	dinner_attack_recover	0	null	null	UNRESOLVED
attack_415_recover	dinner_attack_recover	0	null	null	UNRESOLVED
attack_416	dinner_attack	0	null	null	UNRESOLVED
attack_416_charge	dinner_attack_charge	0	null	null	UNRESOLVED
attack_416_prepare	dinner_attack_prepare	0	null	null	UNRESOLVED
attack_417	dinner_attack	0	null	null	UNRESOLVED
attack_417_charge	dinner_attack_charge	0	null	null	UNRESOLVED
attack_417_prepare	dinner_attack_prepare	0	null	null	UNRESOLVED
attack_418_charge	dinner_attack_charge	0	null	null	UNRESOLVED
attack_418_recover	dinner_attack_recover	0	null	null	UNRESOLVED
attack_419	dinner_attack	0	null	null	UNRESOLVED
attack_419_recover	dinner_attack_recover	0	null	null	UNRESOLVED
attack_420_prepare	dinner_attack_prepare	0	null	null	UNRESOLVED
attack_420_recover	dinner_attack_recover	0	null	null	UNRESOLVED
attack_421	dinner_attack	0	null	null	UNRESOLVED
attack_421_recover	dinner_attack_recover	0	null	null	UNRESOLVED
attack_422_charge	dinner_attack_charge	0	null	null	UNRESOLVED
attack_422_recover	dinner_attack_recover	0	null	null	UNRESOLVED
attack_423_prepare	dinner_attack_prepare	0	null	null	UNRESOLVED
attack_423_recover	dinner_attack_recover	0	null	null	UNRESOLVED
attack_424	dinner_attack	0	null	null	UNRESOLVED
attack_424_charge	dinner_attack_charge	0	null	null	UNRESOLVED
attack_424_prepare	dinner_attack_prepare	0	null	null	UNRESOLVED
attack_424_recover	dinner_attack_recover	0	null	null	UNRESOLVED
attack_425_recover	dinner_attack_recover	0	null	null	UNRESOLVED
attack_426	dinner_attack	0	null	null	UNRESOLVED
attack_426_charge	dinner_attack_charge	0	null	null	UNRESOLVED
attack_426_prepare	dinner_attack_prepare	0	null	null	UNRESOLVED
attack_427	dinner_attack	0	null	null	UNRESOLVED
attack_427_charge	dinner_attack_charge	0	null	null	UNRESOLVED
attack_427_prepare	dinner_attack_prepare	0	null	null	UNRESOLVED
attack_428_charge	dinner_attack_charge	0	null	null	UNRESOLVED
attack_428_recover	dinner_attack_recover	0	null	null	UNRESOLVED
attack_429	dinner_attack	0	null	null	UNRESOLVED
attack_429_recover	dinner_attack_recover	0	null	null	UNRESOLVED
attack_430_prepare	dinner_attack_prepare	0	null	null	UNRESOLVED
attack_430_recover	dinner_attack_recover	0	null	null	UNRESOLVED
attack_431	dinner_attack	0	null	null	UNRESOLVED
attack_431_recover	dinner_attack_recover	0	null	null	UNRESOLVED
attack_432_charge	dinner_attack_charge	0	null	null	UNRESOLVED
attack_432_recover	dinner_attack_recover	0	null	null	UNRESOLVED
attack_433_prepare	dinner_attack_prepare	0	null	null	UNRESOLVED
attack_433_recover	dinner_attack_recover	0	null	null	UNRESOLVED
attack_434	dinner_attack	0	null	null	UNRESOLVED
attack_434_charge	dinner_attack_charge	0	null	null	UNRESOLVED
attack_434_prepare	dinner_attack_prepare	0	null	null	UNRESOLVED
attack_434_recover	dinner_attack_recover	0	null	null	UNRESOLVED
attack_435_recover	dinner_attack_recover	0	null	null	UNRESOLVED
attack_436	dinner_attack	0	null	null	UNRESOLVED
attack_436_charge	dinner_attack_charge	0	null	null	UNRESOLVED
attack_436_prepare	dinner_attack_prepare	0	null	null	UNRESOLVED
attack_437	dinner_attack	0	null	null	UNRESOLVED
attack_437_charge	dinner_attack_charge	0	null	null	UNRESOLVED
attack_437_prepare	dinner_attack_prepare	0	null	null	UNRESOLVED
attack_438_charge	dinner_attack_charge	0	null	null	UNRESOLVED
attack_438_recover	dinner_attack_recover	0	null	null	UNRESOLVED
attack_439	dinner_attack	0	null	null	UNRESOLVED
attack_439_recover	dinner_attack_recover	0	null	null	UNRESOLVED
attack_440_prepare	dinner_attack_prepare	0	null	null	UNRESOLVED
attack_440_recover	dinner_attack_recover	0	null	null	UNRESOLVED
attack_441	dinner_attack	0	null	null	UNRESOLVED
attack_441_recover	dinner_attack_recover	0	null	null	UNRESOLVED
attack_442_charge	dinner_attack_charge	0	null	null	UNRESOLVED
attack_442_recover	dinner_attack_recover	0	null	null	UNRESOLVED
attack_443_prepare	dinner_attack_prepare	0	null	null	UNRESOLVED
attack_443_recover	dinner_attack_recover	0	null	null	UNRESOLVED
attack_444	dinner_attack	0	null	null	UNRESOLVED
attack_444_charge	dinner_attack_charge	0	null	null	UNRESOLVED
attack_444_prepare	dinner_attack_prepare	0	null	null	UNRESOLVED
attack_444_recover	dinner_attack_recover	0	null	null	UNRESOLVED
attack_445_recover	dinner_attack_recover	0	null	null	UNRESOLVED
attack_446	dinner_attack	0	null	null	UNRESOLVED
attack_446_charge	dinner_attack_charge	0	null	null	UNRESOLVED
attack_446_prepare	dinner_attack_prepare	0	null	null	UNRESOLVED
attack_447	dinner_attack	0	null	null	UNRESOLVED
attack_447_charge	dinner_attack_charge	0	null	null	UNRESOLVED
attack_447_prepare	dinner_attack_prepare	0	null	null	UNRESOLVED
attack_448_charge	dinner_attack_charge	0	null	null	UNRESOLVED
attack_448_recover	dinner_attack_recover	0	null	null	UNRESOLVED
attack_449	dinner_attack	0	null	null	UNRESOLVED
attack_449_recover	dinner_attack_recover	0	null	null	UNRESOLVED
attack_450_prepare	dinner_attack_prepare	0	null	null	UNRESOLVED
attack_450_recover	dinner_attack_recover	0	null	null	UNRESOLVED
attack_451	dinner_attack	0	null	null	UNRESOLVED
attack_451_recover	dinner_attack_recover	0	null	null	UNRESOLVED
attack_452_charge	dinner_attack_charge	0	null	null	UNRESOLVED
attack_452_recover	dinner_attack_recover	0	null	null	UNRESOLVED
attack_453_prepare	dinner_attack_prepare	0	null	null	UNRESOLVED
attack_453_recover	dinner_attack_recover	0	null	null	UNRESOLVED
attack_454	dinner_attack	0	null	null	UNRESOLVED
attack_454_charge	dinner_attack_charge	0	null	null	UNRESOLVED
attack_454_prepare	dinner_attack_prepare	0	null	null	UNRESOLVED
attack_454_recover	dinner_attack_recover	0	null	null	UNRESOLVED
attack_455_recover	dinner_attack_recover	0	null	null	UNRESOLVED
attack_456	dinner_attack	0	null	null	UNRESOLVED
attack_456_charge	dinner_attack_charge	0	null	null	UNRESOLVED
attack_456_prepare	dinner_attack_prepare	0	null	null	UNRESOLVED
attack_457	dinner_attack	0	null	null	UNRESOLVED
attack_457_charge	dinner_attack_charge	0	null	null	UNRESOLVED
attack_457_prepare	dinner_attack_prepare	0	null	null	UNRESOLVED
attack_458_charge	dinner_attack_charge	0	null	null	UNRESOLVED
attack_458_recover	dinner_attack_recover	0	null	null	UNRESOLVED
attack_459	dinner_attack	0	null	null	UNRESOLVED
attack_459_recover	dinner_attack_recover	0	null	null	UNRESOLVED
attack_460_prepare	dinner_attack_prepare	0	null	null	UNRESOLVED
attack_460_recover	dinner_attack_recover	0	null	null	UNRESOLVED
attack_461	dinner_attack	0	null	null	UNRESOLVED
attack_461_recover	dinner_attack_recover	0	null	null	UNRESOLVED
attack_462_charge	dinner_attack_charge	0	null	null	UNRESOLVED
attack_462_recover	dinner_attack_recover	0	null	null	UNRESOLVED
attack_463_prepare	dinner_attack_prepare	0	null	null	UNRESOLVED
attack_463_recover	dinner_attack_recover	0	null	null	UNRESOLVED
attack_464	dinner_attack	0	null	null	UNRESOLVED
attack_464_charge	dinner_attack_charge	0	null	null	UNRESOLVED
attack_464_prepare	dinner_attack_prepare	0	null	null	UNRESOLVED
attack_464_recover	dinner_attack_recover	0	null	null	UNRESOLVED
attack_465_recover	dinner_attack_recover	0	null	null	UNRESOLVED
attack_466	dinner_attack	0	null	null	UNRESOLVED
attack_466_charge	dinner_attack_charge	0	null	null	UNRESOLVED
attack_466_prepare	dinner_attack_prepare	0	null	null	UNRESOLVED
attack_467	dinner_attack	0	null	null	UNRESOLVED
attack_467_charge	dinner_attack_charge	0	null	null	UNRESOLVED
attack_467_prepare	dinner_attack_prepare	0	null	null	UNRESOLVED
attack_468_charge	dinner_attack_charge	0	null	null	UNRESOLVED
attack_468_recover	dinner_attack_recover	0	null	null	UNRESOLVED
attack_469	dinner_attack	0	null	null	UNRESOLVED
attack_469_recover	dinner_attack_recover	0	null	null	UNRESOLVED
attack_470_prepare	dinner_attack_prepare	0	null	null	UNRESOLVED
attack_470_recover	dinner_attack_recover	0	null	null	UNRESOLVED
attack_471	dinner_attack	0	null	null	UNRESOLVED
attack_471_recover	dinner_attack_recover	0	null	null	UNRESOLVED
attack_472_charge	dinner_attack_charge	0	null	null	UNRESOLVED
attack_472_recover	dinner_attack_recover	0	null	null	UNRESOLVED
attack_473_prepare	dinner_attack_prepare	0	null	null	UNRESOLVED
attack_473_recover	dinner_attack_recover	0	null	null	UNRESOLVED
attack_474	dinner_attack	0	null	null	UNRESOLVED
attack_474_charge	dinner_attack_charge	0	null	null	UNRESOLVED
attack_474_prepare	dinner_attack_prepare	0	null	null	UNRESOLVED
attack_474_recover	dinner_attack_recover	0	null	null	UNRESOLVED
attack_475_recover	dinner_attack_recover	0	null	null	UNRESOLVED
attack_476	dinner_attack	0	null	null	UNRESOLVED
attack_476_charge	dinner_attack_charge	0	null	null	UNRESOLVED
attack_476_prepare	dinner_attack_prepare	0	null	null	UNRESOLVED
attack_477	dinner_attack	0	null	null	UNRESOLVED
attack_477_charge	dinner_attack_charge	0	null	null	UNRESOLVED
attack_477_prepare	dinner_attack_prepare	0	null	null	UNRESOLVED
attack_478_charge	dinner_attack_charge	0	null	null	UNRESOLVED
attack_478_recover	dinner_attack_recover	0	null	null	UNRESOLVED
attack_479	dinner_attack	0	null	null	UNRESOLVED
attack_479_recover	dinner_attack_recover	0	null	null	UNRESOLVED
attack_480_prepare	dinner_attack_prepare	0	null	null	UNRESOLVED
attack_480_recover	dinner_attack_recover	0	null	null	UNRESOLVED
attack_501_charge	dinner_attack_charge	7	null	null	UNRESOLVED
attack_501_charge_hold	dinner_attack_charge_hold	7	null	null	UNRESOLVED
attack_501_recover	dinner_attack_recover	7	null	null	UNRESOLVED
attack_502_charge_hold	dinner_attack_charge_hold	7	null	null	UNRESOLVED
attack_502_recover	dinner_attack_recover	7	null	null	UNRESOLVED
attack_503_charge_hold	dinner_attack_charge_hold	7	null	null	UNRESOLVED
attack_503_prepare	dinner_attack_prepare	7	null	null	UNRESOLVED
attack_503_recover	dinner_attack_recover	7	null	null	UNRESOLVED
attack_504_charge	dinner_attack_charge	7	null	null	UNRESOLVED
attack_504_charge_hold	dinner_attack_charge_hold	7	null	null	UNRESOLVED
attack_504_recover	dinner_attack_recover	7	null	null	UNRESOLVED
attack_505	dinner_attack	7	null	null	UNRESOLVED
attack_505_charge	dinner_attack_charge	7	null	null	UNRESOLVED
attack_505_charge_hold	dinner_attack_charge_hold	7	null	null	UNRESOLVED
attack_505_prepare	dinner_attack_prepare	7	null	null	UNRESOLVED
attack_506	dinner_attack	7	null	null	UNRESOLVED
attack_506_charge	dinner_attack_charge	7	null	null	UNRESOLVED
attack_506_charge_hold	dinner_attack_charge_hold	7	null	null	UNRESOLVED
attack_506_prepare	dinner_attack_prepare	7	null	null	UNRESOLVED
attack_507	dinner_attack	7	null	null	UNRESOLVED
attack_507_charge_hold	dinner_attack_charge_hold	7	null	null	UNRESOLVED
attack_507_prepare	dinner_attack_prepare	7	null	null	UNRESOLVED
attack_507_recover	dinner_attack_recover	7	null	null	UNRESOLVED
attack_508	dinner_attack	7	null	null	UNRESOLVED
attack_508_prepare	dinner_attack_prepare	7	null	null	UNRESOLVED
attack_509_charge	dinner_attack_charge	7	null	null	UNRESOLVED
attack_509_charge_hold	dinner_attack_charge_hold	7	null	null	UNRESOLVED
attack_510	dinner_sp_attack	7	null	null	UNRESOLVED
attack_511_recover	dinner_sp_attack_recover	7	null	null	UNRESOLVED
attack_512_recover	dinner_sp_attack_recover	7	null	null	UNRESOLVED
attack_513_prepare	dinner_sp_attack_prepare	7	null	null	UNRESOLVED
attack_513_recover	dinner_sp_attack_recover	7	null	null	UNRESOLVED
attack_514_recover	dinner_sp_attack_recover	7	null	null	UNRESOLVED
attack_515	dinner_sp_attack	7	null	null	UNRESOLVED
attack_515_prepare	dinner_sp_attack_prepare	7	null	null	UNRESOLVED
attack_516	dinner_sp_attack	7	null	null	UNRESOLVED
attack_516_prepare	dinner_sp_attack_prepare	7	null	null	UNRESOLVED
attack_517	dinner_sp_attack	7	null	null	UNRESOLVED
attack_517_prepare	dinner_sp_attack_prepare	7	null	null	UNRESOLVED
attack_517_recover	dinner_sp_attack_recover	7	null	null	UNRESOLVED
attack_518	dinner_sp_attack	7	null	null	UNRESOLVED
attack_518_prepare	dinner_sp_attack_prepare	7	null	null	UNRESOLVED
attack_591_charge	dinner_attack_charge	7	null	null	UNRESOLVED
attack_591_charge_hold	dinner_attack_charge_hold	7	null	null	UNRESOLVED
attack_591_recover	dinner_attack_recover	7	null	null	UNRESOLVED
attack_592_charge_hold	dinner_attack_charge_hold	7	null	null	UNRESOLVED
attack_592_recover	dinner_attack_recover	7	null	null	UNRESOLVED
attack_593_charge_hold	dinner_attack_charge_hold	7	null	null	UNRESOLVED
attack_593_prepare	dinner_attack_prepare	7	null	null	UNRESOLVED
attack_593_recover	dinner_attack_recover	7	null	null	UNRESOLVED
attack_594_charge_hold	dinner_attack_charge_hold	7	null	null	UNRESOLVED
attack_594_recover	dinner_attack_recover	7	null	null	UNRESOLVED
attack_595	dinner_attack	7	null	null	UNRESOLVED
attack_595_charge	dinner_attack_charge	7	null	null	UNRESOLVED
attack_595_charge_hold	dinner_attack_charge_hold	7	null	null	UNRESOLVED
attack_595_prepare	dinner_attack_prepare	7	null	null	UNRESOLVED
attack_596	dinner_sp_attack	7	null	null	UNRESOLVED
attack_596_prepare	dinner_sp_attack_prepare	7	null	null	UNRESOLVED
attack_597	dinner_sp_attack	7	null	null	UNRESOLVED
attack_597_prepare	dinner_sp_attack_prepare	7	null	null	UNRESOLVED
attack_597_recover	dinner_sp_attack_recover	7	null	null	UNRESOLVED
attack_598	dinner_sp_attack	7	null	null	UNRESOLVED
attack_598_prepare	dinner_sp_attack_prepare	7	null	null	UNRESOLVED
attack_801_charge	dinner_attack_charge	0	null	null	UNRESOLVED
attack_801_prepare	dinner_attack_prepare	0	null	null	UNRESOLVED
attack_801_recover	dinner_attack_recover	0	null	null	UNRESOLVED
attack_802_prepare	dinner_attack_prepare	0	null	null	UNRESOLVED
attack_802_recover	dinner_attack_recover	0	null	null	UNRESOLVED
attack_803	dinner_attack	0	null	null	UNRESOLVED
attack_804_charge	dinner_attack_charge	0	null	null	UNRESOLVED
attack_804_prepare	dinner_attack_prepare	0	null	null	UNRESOLVED
attack_805	dinner_attack	0	null	null	UNRESOLVED
attack_805_charge	dinner_attack_charge	0	null	null	UNRESOLVED
attack_806	dinner_attack	0	null	null	UNRESOLVED
attack_806_prepare	dinner_attack_prepare	0	null	null	UNRESOLVED
attack_806_recover	dinner_attack_recover	0	null	null	UNRESOLVED
attack_807_charge	dinner_attack_charge	0	null	null	UNRESOLVED
attack_807_prepare	dinner_attack_prepare	0	null	null	UNRESOLVED
attack_807_recover	dinner_attack_recover	0	null	null	UNRESOLVED
attack_808	dinner_attack	0	null	null	UNRESOLVED
attack_808_charge	dinner_attack_charge	0	null	null	UNRESOLVED
attack_808_recover	dinner_attack_recover	0	null	null	UNRESOLVED
attack_809_prepare	dinner_attack_prepare	0	null	null	UNRESOLVED
attack_809_recover	dinner_attack_recover	0	null	null	UNRESOLVED
attack_810	dinner_attack	0	null	null	UNRESOLVED
attack_810_prepare	dinner_attack_prepare	0	null	null	UNRESOLVED
attack_810_recover	dinner_attack_recover	0	null	null	UNRESOLVED
attack_811_charge	dinner_attack_charge	0	null	null	UNRESOLVED
attack_811_prepare	dinner_attack_prepare	0	null	null	UNRESOLVED
attack_811_recover	dinner_attack_recover	0	null	null	UNRESOLVED
attack_812_prepare	dinner_attack_prepare	0	null	null	UNRESOLVED
attack_812_recover	dinner_attack_recover	0	null	null	UNRESOLVED
attack_813	dinner_attack	0	null	null	UNRESOLVED
attack_814_charge	dinner_attack_charge	0	null	null	UNRESOLVED
attack_814_prepare	dinner_attack_prepare	0	null	null	UNRESOLVED
attack_815	dinner_attack	0	null	null	UNRESOLVED
attack_815_charge	dinner_attack_charge	0	null	null	UNRESOLVED
attack_816	dinner_attack	0	null	null	UNRESOLVED
attack_816_prepare	dinner_attack_prepare	0	null	null	UNRESOLVED
attack_816_recover	dinner_attack_recover	0	null	null	UNRESOLVED
attack_817_charge	dinner_attack_charge	0	null	null	UNRESOLVED
attack_817_prepare	dinner_attack_prepare	0	null	null	UNRESOLVED
attack_817_recover	dinner_attack_recover	0	null	null	UNRESOLVED
attack_818	dinner_attack	0	null	null	UNRESOLVED
attack_818_charge	dinner_attack_charge	0	null	null	UNRESOLVED
attack_818_recover	dinner_attack_recover	0	null	null	UNRESOLVED
attack_819_prepare	dinner_attack_prepare	0	null	null	UNRESOLVED
attack_819_recover	dinner_attack_recover	0	null	null	UNRESOLVED
attack_820	dinner_attack	0	null	null	UNRESOLVED
attack_820_prepare	dinner_attack_prepare	0	null	null	UNRESOLVED
attack_820_recover	dinner_attack_recover	0	null	null	UNRESOLVED
attack_821_charge	dinner_attack_charge	0	null	null	UNRESOLVED
attack_821_prepare	dinner_attack_prepare	0	null	null	UNRESOLVED
attack_821_recover	dinner_attack_recover	0	null	null	UNRESOLVED
attack_822_prepare	dinner_attack_prepare	0	null	null	UNRESOLVED
attack_822_recover	dinner_attack_recover	0	null	null	UNRESOLVED
attack_823	dinner_attack	0	null	null	UNRESOLVED
attack_824_charge	dinner_attack_charge	0	null	null	UNRESOLVED
attack_824_prepare	dinner_attack_prepare	0	null	null	UNRESOLVED
attack_825	dinner_attack	0	null	null	UNRESOLVED
attack_825_charge	dinner_attack_charge	0	null	null	UNRESOLVED
attack_826	dinner_attack	0	null	null	UNRESOLVED
attack_826_prepare	dinner_attack_prepare	0	null	null	UNRESOLVED
attack_826_recover	dinner_attack_recover	0	null	null	UNRESOLVED
attack_827_charge	dinner_attack_charge	0	null	null	UNRESOLVED
attack_827_prepare	dinner_attack_prepare	0	null	null	UNRESOLVED
attack_827_recover	dinner_attack_recover	0	null	null	UNRESOLVED
attack_828	dinner_attack	0	null	null	UNRESOLVED
attack_828_charge	dinner_attack_charge	0	null	null	UNRESOLVED
attack_828_recover	dinner_attack_recover	0	null	null	UNRESOLVED
attack_829_prepare	dinner_attack_prepare	0	null	null	UNRESOLVED
attack_829_recover	dinner_attack_recover	0	null	null	UNRESOLVED
attack_830	dinner_attack	0	null	null	UNRESOLVED
attack_830_prepare	dinner_attack_prepare	0	null	null	UNRESOLVED
attack_830_recover	dinner_attack_recover	0	null	null	UNRESOLVED
attack_831_charge	dinner_attack_charge	0	null	null	UNRESOLVED
attack_831_prepare	dinner_attack_prepare	0	null	null	UNRESOLVED
attack_831_recover	dinner_attack_recover	0	null	null	UNRESOLVED
attack_832_prepare	dinner_attack_prepare	0	null	null	UNRESOLVED
attack_832_recover	dinner_attack_recover	0	null	null	UNRESOLVED
attack_833	dinner_attack	0	null	null	UNRESOLVED
attack_834_charge	dinner_attack_charge	0	null	null	UNRESOLVED
attack_834_prepare	dinner_attack_prepare	0	null	null	UNRESOLVED
attack_835	dinner_attack	0	null	null	UNRESOLVED
attack_835_charge	dinner_attack_charge	0	null	null	UNRESOLVED
attack_836	dinner_attack	0	null	null	UNRESOLVED
attack_836_prepare	dinner_attack_prepare	0	null	null	UNRESOLVED
attack_836_recover	dinner_attack_recover	0	null	null	UNRESOLVED
attack_837_charge	dinner_attack_charge	0	null	null	UNRESOLVED
attack_837_prepare	dinner_attack_prepare	0	null	null	UNRESOLVED
attack_837_recover	dinner_attack_recover	0	null	null	UNRESOLVED
attack_838	dinner_attack	0	null	null	UNRESOLVED
attack_838_charge	dinner_attack_charge	0	null	null	UNRESOLVED
attack_838_recover	dinner_attack_recover	0	null	null	UNRESOLVED
attack_839_prepare	dinner_attack_prepare	0	null	null	UNRESOLVED
attack_839_recover	dinner_attack_recover	0	null	null	UNRESOLVED
attack_840	dinner_attack	0	null	null	UNRESOLVED
attack_840_prepare	dinner_attack_prepare	0	null	null	UNRESOLVED
attack_840_recover	dinner_attack_recover	0	null	null	UNRESOLVED
attack_841_charge	dinner_attack_charge	0	null	null	UNRESOLVED
attack_841_prepare	dinner_attack_prepare	0	null	null	UNRESOLVED
attack_841_recover	dinner_attack_recover	0	null	null	UNRESOLVED
attack_842_prepare	dinner_attack_prepare	0	null	null	UNRESOLVED
attack_842_recover	dinner_attack_recover	0	null	null	UNRESOLVED
attack_843	dinner_attack	0	null	null	UNRESOLVED
attack_844_charge	dinner_attack_charge	0	null	null	UNRESOLVED
attack_844_prepare	dinner_attack_prepare	0	null	null	UNRESOLVED
attack_845	dinner_attack	0	null	null	UNRESOLVED
attack_845_charge	dinner_attack_charge	0	null	null	UNRESOLVED
attack_846	dinner_attack	0	null	null	UNRESOLVED
attack_846_prepare	dinner_attack_prepare	0	null	null	UNRESOLVED
attack_846_recover	dinner_attack_recover	0	null	null	UNRESOLVED
attack_847_charge	dinner_attack_charge	0	null	null	UNRESOLVED
attack_847_prepare	dinner_attack_prepare	0	null	null	UNRESOLVED
attack_847_recover	dinner_attack_recover	0	null	null	UNRESOLVED
attack_848	dinner_attack	0	null	null	UNRESOLVED
attack_848_charge	dinner_attack_charge	0	null	null	UNRESOLVED
attack_848_recover	dinner_attack_recover	0	null	null	UNRESOLVED
attack_849_prepare	dinner_attack_prepare	0	null	null	UNRESOLVED
attack_849_recover	dinner_attack_recover	0	null	null	UNRESOLVED
attack_850	dinner_attack	0	null	null	UNRESOLVED
attack_850_prepare	dinner_attack_prepare	0	null	null	UNRESOLVED
attack_850_recover	dinner_attack_recover	0	null	null	UNRESOLVED
attack_851_charge	dinner_attack_charge	0	null	null	UNRESOLVED
attack_851_prepare	dinner_attack_prepare	0	null	null	UNRESOLVED
attack_851_recover	dinner_attack_recover	0	null	null	UNRESOLVED
attack_852_prepare	dinner_attack_prepare	0	null	null	UNRESOLVED
attack_852_recover	dinner_attack_recover	0	null	null	UNRESOLVED
attack_853	dinner_attack	0	null	null	UNRESOLVED
attack_854_charge	dinner_attack_charge	0	null	null	UNRESOLVED
attack_854_prepare	dinner_attack_prepare	0	null	null	UNRESOLVED
attack_855	dinner_attack	0	null	null	UNRESOLVED
attack_855_charge	dinner_attack_charge	0	null	null	UNRESOLVED
attack_856	dinner_attack	0	null	null	UNRESOLVED
attack_856_prepare	dinner_attack_prepare	0	null	null	UNRESOLVED
attack_856_recover	dinner_attack_recover	0	null	null	UNRESOLVED
attack_857_charge	dinner_attack_charge	0	null	null	UNRESOLVED
attack_857_prepare	dinner_attack_prepare	0	null	null	UNRESOLVED
attack_857_recover	dinner_attack_recover	0	null	null	UNRESOLVED
attack_858	dinner_attack	0	null	null	UNRESOLVED
attack_858_charge	dinner_attack_charge	0	null	null	UNRESOLVED
attack_858_recover	dinner_attack_recover	0	null	null	UNRESOLVED
attack_859_prepare	dinner_attack_prepare	0	null	null	UNRESOLVED
attack_859_recover	dinner_attack_recover	0	null	null	UNRESOLVED
attack_860	dinner_attack	0	null	null	UNRESOLVED
attack_860_prepare	dinner_attack_prepare	0	null	null	UNRESOLVED
attack_860_recover	dinner_attack_recover	0	null	null	UNRESOLVED
attack_charge_phase_logic_02	dinner_charge_phase	5	null	null	UNRESOLVED
attack_charge_phase_logic_03	dinner_charge_phase	5	null	null	UNRESOLVED
attack_charge_phase_logic_05	dinner_charge_phase	5	null	null	UNRESOLVED
attack_charge_phase_logic_07	dinner_charge_phase	5	null	null	UNRESOLVED
attack_charge_phase_logic_08	dinner_charge_phase	5	null	null	UNRESOLVED
attack_charge_phase_logic_10	dinner_charge_phase	5	null	null	UNRESOLVED
attack_charge_phase_logic_12	dinner_charge_phase	5	null	null	UNRESOLVED
attack_charge_phase_logic_13	dinner_charge_phase	5	null	null	UNRESOLVED
attack_charge_phase_logic_15	dinner_charge_phase	5	null	null	UNRESOLVED
attack_charge_phase_logic_17	dinner_charge_phase	5	null	null	UNRESOLVED
attack_charge_phase_logic_18	dinner_charge_phase	5	null	null	UNRESOLVED
attack_charge_phase_logic_20	dinner_charge_phase	5	null	null	UNRESOLVED
attack_charge_phase_logic_energy_01	dinner_charge_phase	5	null	null	UNRESOLVED
attack_charge_phase_logic_energy_02	dinner_charge_phase	5	null	null	UNRESOLVED
attack_charge_phase_logic_energy_03	dinner_charge_phase	5	null	null	UNRESOLVED
attack_charge_phase_logic_energy_04	dinner_charge_phase	5	null	null	UNRESOLVED
attack_charge_phase_logic_energy_05	dinner_charge_phase	5	null	null	UNRESOLVED
attack_charge_phase_logic_energy_06	dinner_charge_phase	5	null	null	UNRESOLVED
attack_charge_phase_logic_energy_07	dinner_charge_phase	5	null	null	UNRESOLVED
attack_charge_phase_logic_energy_08	dinner_charge_phase	5	null	null	UNRESOLVED
attack_charge_phase_logic_energy_09	dinner_charge_phase	5	null	null	UNRESOLVED
attack_charge_phase_logic_hero_01	dinner_charge_phase	5	null	null	UNRESOLVED
attack_charge_phase_logic_hero_02	dinner_charge_phase	5	null	null	UNRESOLVED
attack_charge_phase_logic_hero_03	dinner_charge_phase	5	null	null	UNRESOLVED
attack_charge_phase_logic_hero_04	dinner_charge_phase	5	null	null	UNRESOLVED
attack_charge_phase_logic_hero_05	dinner_charge_phase	5	null	null	UNRESOLVED
attack_charge_phase_logic_hero_06	dinner_charge_phase	5	null	null	UNRESOLVED
attack_charge_phase_logic_hero_07	dinner_charge_phase	5	null	null	UNRESOLVED
attack_charge_phase_logic_hero_08	dinner_charge_phase	5	null	null	UNRESOLVED
attack_charge_phase_logic_hero_09	dinner_charge_phase	5	null	null	UNRESOLVED
attack_delegate_movable_combo	dinner_action_delegate	6	null	null	UNRESOLVED
attack_delegate_movable_combo_pre_enter	dinner_action_delegate	0	null	null	UNRESOLVED
body_left_hand_head_state	body_left_hand_head_state	4	null	null	UNRESOLVED
catapult_drive_right_01	catapult_turn	1	null	null	UNRESOLVED
catapult_exit_02	catapult_exit	2	null	null	UNRESOLVED
catapult_turn_01	catapult_turn	1	null	null	UNRESOLVED
common_attack_charge_dodge_back_01	dinner_attack_charge_dodge	0	null	null	UNRESOLVED
common_attack_charge_dodge_back_03	dinner_attack_charge_dodge	0	null	null	UNRESOLVED
common_attack_charge_dodge_back_10	dinner_attack_charge_dodge	0	null	null	UNRESOLVED
common_attack_charge_dodge_back_11	dinner_attack_charge_dodge	0	null	null	UNRESOLVED
common_attack_charge_dodge_back_double_01	dinner_attack_charge_dodge	0	null	null	UNRESOLVED
common_attack_charge_dodge_back_double_02	dinner_attack_charge_dodge	0	null	null	UNRESOLVED
common_attack_charge_dodge_back_double_03	dinner_attack_charge_dodge	0	null	null	UNRESOLVED
common_attack_charge_dodge_back_double_04	dinner_attack_charge_dodge	0	null	null	UNRESOLVED
common_attack_charge_dodge_front_01	dinner_attack_charge_dodge	0	null	null	UNRESOLVED
common_attack_charge_dodge_front_02	dinner_attack_charge_dodge	0	null	null	UNRESOLVED
common_attack_charge_dodge_front_03	dinner_attack_charge_dodge	0	null	null	UNRESOLVED
common_attack_charge_dodge_front_04	dinner_attack_charge_dodge	0	null	null	UNRESOLVED
common_attack_charge_dodge_front_double	dinner_attack_charge_dodge	0	null	null	UNRESOLVED
common_attack_charge_dodge_front_double_03	dinner_attack_charge_dodge	0	null	null	UNRESOLVED
common_attack_charge_dodge_front_double_10	dinner_attack_charge_dodge	0	null	null	UNRESOLVED
common_attack_charge_dodge_left_01	dinner_attack_charge_dodge	0	null	null	UNRESOLVED
common_attack_charge_dodge_left_02	dinner_attack_charge_dodge	0	null	null	UNRESOLVED
common_attack_charge_dodge_left_04	dinner_attack_charge_dodge	0	null	null	UNRESOLVED
common_attack_charge_dodge_left_11	dinner_attack_charge_dodge	0	null	null	UNRESOLVED
common_attack_charge_dodge_left_12	dinner_attack_charge_dodge	0	null	null	UNRESOLVED
common_attack_charge_dodge_left_double	dinner_attack_charge_dodge	0	null	null	UNRESOLVED
common_attack_charge_dodge_left_double_10	dinner_attack_charge_dodge	0	null	null	UNRESOLVED
common_attack_charge_dodge_left_double_11	dinner_attack_charge_dodge	0	null	null	UNRESOLVED
common_attack_charge_dodge_left_double_12	dinner_attack_charge_dodge	0	null	null	UNRESOLVED
common_attack_charge_dodge_right	dinner_attack_charge_dodge	0	null	null	UNRESOLVED
common_attack_charge_dodge_right_double_01	dinner_attack_charge_dodge	0	null	null	UNRESOLVED
common_attack_charge_dodge_right_double_02	dinner_attack_charge_dodge	0	null	null	UNRESOLVED
common_attack_charge_dodge_right_double_11	dinner_attack_charge_dodge	0	null	null	UNRESOLVED
common_attack_charge_dodge_right_double_12	dinner_attack_charge_dodge	0	null	null	UNRESOLVED
common_chain_assassinate_attack	dinner_chain_assassinate_attack	0	null	null	UNRESOLVED
common_chain_be_execute_1	dinner_chain_be_execute	0	null	null	UNRESOLVED
common_chain_be_execute_10	dinner_chain_be_execute	0	null	null	UNRESOLVED
common_chain_be_execute_2	dinner_chain_be_execute	0	null	null	UNRESOLVED
common_chain_be_execute_3	dinner_chain_be_execute	0	null	null	UNRESOLVED
common_chain_be_execute_4	dinner_chain_be_execute	0	null	null	UNRESOLVED
common_chain_be_execute_5	dinner_chain_be_execute	0	null	null	UNRESOLVED
common_chain_be_execute_6	dinner_chain_be_execute	0	null	null	UNRESOLVED
common_chain_be_execute_7	dinner_chain_be_execute	0	null	null	UNRESOLVED
common_chain_be_execute_8	dinner_chain_be_execute	0	null	null	UNRESOLVED
common_chain_be_execute_9	dinner_chain_be_execute	0	null	null	UNRESOLVED
common_chain_execute_10	dinner_chain_execute	0	null	null	UNRESOLVED
common_chain_execute_5	dinner_chain_execute	0	null	null	UNRESOLVED
common_chain_execute_6	dinner_chain_execute	0	null	null	UNRESOLVED
common_chain_execute_7	dinner_chain_execute	0	null	null	UNRESOLVED
common_chain_execute_8	dinner_chain_execute	0	null	null	UNRESOLVED
common_chain_jump_be_execute_1	dinner_chain_be_execute	0	null	null	UNRESOLVED
common_chain_jump_be_execute_10	dinner_chain_be_execute	0	null	null	UNRESOLVED
common_chain_jump_be_execute_2	dinner_chain_be_execute	0	null	null	UNRESOLVED
common_chain_jump_be_execute_4	dinner_chain_be_execute	0	null	null	UNRESOLVED
common_chain_jump_be_execute_5	dinner_chain_be_execute	0	null	null	UNRESOLVED
common_chain_jump_be_execute_7	dinner_chain_be_execute	0	null	null	UNRESOLVED
common_chain_jump_be_execute_9	dinner_chain_be_execute	0	null	null	UNRESOLVED
common_chain_jump_execute_1	dinner_chain_execute	0	null	null	UNRESOLVED
common_chain_jump_execute_2	dinner_chain_execute	0	null	null	UNRESOLVED
common_chain_jump_execute_3	dinner_chain_execute	0	null	null	UNRESOLVED
common_chain_jump_execute_4	dinner_chain_execute	0	null	null	UNRESOLVED
common_chain_jump_execute_5	dinner_chain_execute	0	null	null	UNRESOLVED
common_chain_jump_execute_6	dinner_chain_execute	0	null	null	UNRESOLVED
common_chain_jump_execute_7	dinner_chain_execute	0	null	null	UNRESOLVED
common_chain_jump_execute_8	dinner_chain_execute	0	null	null	UNRESOLVED
common_chain_jump_execute_9	dinner_chain_execute	0	null	null	UNRESOLVED
common_chain_shoot_in_01	chain_shoot	0	null	null	UNRESOLVED
common_charge_pre	dinner_attack_prepare	0	null	null	UNRESOLVED
common_deadly_hurt_back_10	dinner_hurt	0	null	null	UNRESOLVED
common_deadly_hurt_back_12	dinner_hurt	0	null	null	UNRESOLVED
common_deadly_hurt_back_13	dinner_hurt	0	null	null	UNRESOLVED
common_deadly_hurt_back_15	dinner_hurt	0	null	null	UNRESOLVED
common_deadly_hurt_back_16	dinner_hurt	0	null	null	UNRESOLVED
common_deadly_hurt_back_18	dinner_hurt	0	null	null	UNRESOLVED
common_deadly_hurt_back_20	dinner_hurt	0	null	null	UNRESOLVED
common_deadly_hurt_down_1	dinner_hurt	0	null	null	UNRESOLVED
common_deadly_hurt_down_10	dinner_hurt	0	null	null	UNRESOLVED
common_deadly_hurt_down_11	dinner_hurt	0	null	null	UNRESOLVED
common_deadly_hurt_down_12	dinner_hurt	0	null	null	UNRESOLVED
common_deadly_hurt_down_14	dinner_hurt	0	null	null	UNRESOLVED
common_deadly_hurt_down_17	dinner_hurt	0	null	null	UNRESOLVED
common_deadly_hurt_down_19	dinner_hurt	0	null	null	UNRESOLVED
common_deadly_hurt_down_2	dinner_hurt	0	null	null	UNRESOLVED
common_deadly_hurt_down_20	dinner_hurt	0	null	null	UNRESOLVED
common_deadly_hurt_down_3	dinner_hurt	0	null	null	UNRESOLVED
common_deadly_hurt_down_4	dinner_hurt	0	null	null	UNRESOLVED
common_deadly_hurt_down_5	dinner_hurt	0	null	null	UNRESOLVED
common_deadly_hurt_down_6	dinner_hurt	0	null	null	UNRESOLVED
common_deadly_hurt_down_7	dinner_hurt	0	null	null	UNRESOLVED
common_deadly_hurt_down_8	dinner_hurt	0	null	null	UNRESOLVED
common_deadly_hurt_down_9	dinner_hurt	0	null	null	UNRESOLVED
common_deadly_hurt_fly_back	dinner_hurt_fly	0	null	null	UNRESOLVED
common_deadly_hurt_fly_drop_back	dinner_hurt_fly_drop	0	null	null	UNRESOLVED
common_deadly_hurt_fly_drop_flip_ccw_back	dinner_hurt_fly_drop	0	null	null	UNRESOLVED
common_deadly_hurt_fly_drop_flip_cw_back	dinner_hurt_fly_drop	0	null	null	UNRESOLVED
common_deadly_hurt_fly_drop_flip_cw_front	dinner_hurt_fly_drop	0	null	null	UNRESOLVED
common_deadly_hurt_fly_drop_flip_cw_right	dinner_hurt_fly_drop	0	null	null	UNRESOLVED
common_deadly_hurt_fly_drop_left	dinner_hurt_fly_drop	0	null	null	UNRESOLVED
common_deadly_hurt_fly_drop_right	dinner_hurt_fly_drop	0	null	null	UNRESOLVED
common_deadly_hurt_fly_flip_ccw_back	dinner_hurt_fly	0	null	null	UNRESOLVED
common_deadly_hurt_fly_flip_ccw_front	dinner_hurt_fly	0	null	null	UNRESOLVED
common_deadly_hurt_fly_flip_ccw_left	dinner_hurt_fly	0	null	null	UNRESOLVED
common_deadly_hurt_fly_flip_ccw_right	dinner_hurt_fly	0	null	null	UNRESOLVED
common_deadly_hurt_fly_flip_cw_left	dinner_hurt_fly	0	null	null	UNRESOLVED
common_deadly_hurt_fly_flip_cw_right	dinner_hurt_fly	0	null	null	UNRESOLVED
common_deadly_hurt_fly_front	dinner_hurt_fly	0	null	null	UNRESOLVED
common_deadly_hurt_fly_land_back	dinner_hurt_fly_land	0	null	null	UNRESOLVED
common_deadly_hurt_fly_land_left	dinner_hurt_fly_land	0	null	null	UNRESOLVED
common_deadly_hurt_fly_land_right	dinner_hurt_fly_land	0	null	null	UNRESOLVED
common_deadly_hurt_fly_up	dinner_hurt_fly	0	null	null	UNRESOLVED
common_deadly_hurt_front_10	dinner_hurt	0	null	null	UNRESOLVED
common_deadly_hurt_front_11	dinner_hurt	0	null	null	UNRESOLVED
common_deadly_hurt_front_12	dinner_hurt	0	null	null	UNRESOLVED
common_deadly_hurt_front_13	dinner_hurt	0	null	null	UNRESOLVED
common_deadly_hurt_front_14	dinner_hurt	0	null	null	UNRESOLVED
common_deadly_hurt_front_15	dinner_hurt	0	null	null	UNRESOLVED
common_deadly_hurt_front_16	dinner_hurt	0	null	null	UNRESOLVED
common_deadly_hurt_front_17	dinner_hurt	0	null	null	UNRESOLVED
common_deadly_hurt_front_18	dinner_hurt	0	null	null	UNRESOLVED
common_deadly_hurt_front_19	dinner_hurt	0	null	null	UNRESOLVED
common_deadly_hurt_front_2	dinner_hurt	0	null	null	UNRESOLVED
common_deadly_hurt_front_3	dinner_hurt	0	null	null	UNRESOLVED
common_deadly_hurt_front_5	dinner_hurt	0	null	null	UNRESOLVED
common_deadly_hurt_front_8	dinner_hurt	0	null	null	UNRESOLVED
common_deadly_hurt_left_10	dinner_hurt	0	null	null	UNRESOLVED
common_deadly_hurt_left_11	dinner_hurt	0	null	null	UNRESOLVED
common_deadly_hurt_left_13	dinner_hurt	0	null	null	UNRESOLVED
common_deadly_hurt_left_15	dinner_hurt	0	null	null	UNRESOLVED
common_deadly_hurt_left_16	dinner_hurt	0	null	null	UNRESOLVED
common_deadly_hurt_left_18	dinner_hurt	0	null	null	UNRESOLVED
common_deadly_hurt_left_19	dinner_hurt	0	null	null	UNRESOLVED
common_deadly_hurt_left_20	dinner_hurt	0	null	null	UNRESOLVED
common_deadly_hurt_lie_back_heavy_front	dinner_hurt_lie	0	null	null	UNRESOLVED
common_deadly_hurt_lie_back_heavy_left	dinner_hurt_lie	0	null	null	UNRESOLVED
common_deadly_hurt_lie_back_light_front	dinner_hurt_lie	0	null	null	UNRESOLVED
common_deadly_hurt_lie_front_heavy_back	dinner_hurt_lie	0	null	null	UNRESOLVED
common_deadly_hurt_lie_front_heavy_down	dinner_hurt_lie	0	null	null	UNRESOLVED
common_deadly_hurt_lie_front_heavy_left	dinner_hurt_lie	0	null	null	UNRESOLVED
common_deadly_hurt_lie_front_heavy_right	dinner_hurt_lie	0	null	null	UNRESOLVED
common_deadly_hurt_lie_front_light_back	dinner_hurt_lie	0	null	null	UNRESOLVED
common_deadly_hurt_lie_front_light_down	dinner_hurt_lie	0	null	null	UNRESOLVED
common_deadly_hurt_lie_front_light_front	dinner_hurt_lie	0	null	null	UNRESOLVED
common_deadly_hurt_lie_front_light_right	dinner_hurt_lie	0	null	null	UNRESOLVED
common_deadly_hurt_lie_left_heavy_front	dinner_hurt_lie	0	null	null	UNRESOLVED
common_deadly_hurt_lie_left_light_back	dinner_hurt_lie	0	null	null	UNRESOLVED
common_deadly_hurt_lie_left_light_front	dinner_hurt_lie	0	null	null	UNRESOLVED
common_deadly_hurt_lie_left_light_right	dinner_hurt_lie	0	null	null	UNRESOLVED
common_deadly_hurt_lie_right_heavy_back	dinner_hurt_lie	0	null	null	UNRESOLVED
common_deadly_hurt_lie_right_heavy_front	dinner_hurt_lie	0	null	null	UNRESOLVED
common_deadly_hurt_lie_right_heavy_right	dinner_hurt_lie	0	null	null	UNRESOLVED
common_deadly_hurt_lie_right_light_back	dinner_hurt_lie	0	null	null	UNRESOLVED
common_deadly_hurt_lie_right_light_front	dinner_hurt_lie	0	null	null	UNRESOLVED
common_deadly_hurt_lie_right_light_right	dinner_hurt_lie	0	null	null	UNRESOLVED
common_deadly_hurt_right_10	dinner_hurt	0	null	null	UNRESOLVED
common_deadly_hurt_right_11	dinner_hurt	0	null	null	UNRESOLVED
common_deadly_hurt_right_12	dinner_hurt	0	null	null	UNRESOLVED
common_deadly_hurt_right_13	dinner_hurt	0	null	null	UNRESOLVED
common_deadly_hurt_right_14	dinner_hurt	0	null	null	UNRESOLVED
common_deadly_hurt_right_15	dinner_hurt	0	null	null	UNRESOLVED
common_deadly_hurt_right_16	dinner_hurt	0	null	null	UNRESOLVED
common_deadly_hurt_right_17	dinner_hurt	0	null	null	UNRESOLVED
common_deadly_hurt_right_18	dinner_hurt	0	null	null	UNRESOLVED
common_deadly_hurt_right_19	dinner_hurt	0	null	null	UNRESOLVED
common_deadly_hurt_right_3	dinner_hurt	0	null	null	UNRESOLVED
common_deadly_hurt_right_6	dinner_hurt	0	null	null	UNRESOLVED
common_deadly_hurt_right_8	dinner_hurt	0	null	null	UNRESOLVED
common_deadly_hurt_right_9	dinner_hurt	0	null	null	UNRESOLVED
common_deadly_hurt_up_12	dinner_hurt	0	null	null	UNRESOLVED
common_deadly_hurt_up_14	dinner_hurt	0	null	null	UNRESOLVED
common_deadly_hurt_up_17	dinner_hurt	0	null	null	UNRESOLVED
common_die_hurt_back_10	dinner_die	0	null	null	UNRESOLVED
common_die_hurt_back_11	dinner_die	0	null	null	UNRESOLVED
common_die_hurt_back_12	dinner_die	0	null	null	UNRESOLVED
common_die_hurt_back_13	dinner_die	0	null	null	UNRESOLVED
common_die_hurt_back_14	dinner_die	0	null	null	UNRESOLVED
common_die_hurt_back_15	dinner_die	0	null	null	UNRESOLVED
common_die_hurt_back_16	dinner_die	0	null	null	UNRESOLVED
common_die_hurt_back_17	dinner_die	0	null	null	UNRESOLVED
common_die_hurt_back_18	dinner_die	0	null	null	UNRESOLVED
common_die_hurt_back_19	dinner_die	0	null	null	UNRESOLVED
common_die_hurt_back_3	dinner_die	0	null	null	UNRESOLVED
common_die_hurt_back_5	dinner_die	0	null	null	UNRESOLVED
common_die_hurt_back_6	dinner_die	0	null	null	UNRESOLVED
common_die_hurt_back_8	dinner_die	0	null	null	UNRESOLVED
common_die_hurt_down_1	dinner_die	0	null	null	UNRESOLVED
common_die_hurt_down_3	dinner_die	0	null	null	UNRESOLVED
common_die_hurt_down_6	dinner_die	0	null	null	UNRESOLVED
common_die_hurt_down_8	dinner_die	0	null	null	UNRESOLVED
common_die_hurt_fly_land_back	dinner_die	0	null	null	UNRESOLVED
common_die_hurt_fly_land_down	dinner_die	0	null	null	UNRESOLVED
common_die_hurt_fly_land_flip_ccw_back	dinner_die	0	null	null	UNRESOLVED
common_die_hurt_fly_land_flip_ccw_left	dinner_die	0	null	null	UNRESOLVED
common_die_hurt_fly_land_flip_ccw_right	dinner_die	0	null	null	UNRESOLVED
common_die_hurt_fly_land_flip_cw_back	dinner_die	0	null	null	UNRESOLVED
common_die_hurt_fly_land_flip_cw_front	dinner_die	0	null	null	UNRESOLVED
common_die_hurt_fly_land_front	dinner_die	0	null	null	UNRESOLVED
common_die_hurt_fly_land_left	dinner_die	0	null	null	UNRESOLVED
common_die_hurt_front_11	dinner_die	0	null	null	UNRESOLVED
common_die_hurt_front_12	dinner_die	0	null	null	UNRESOLVED
common_die_hurt_front_14	dinner_die	0	null	null	UNRESOLVED
common_die_hurt_front_17	dinner_die	0	null	null	UNRESOLVED
common_die_hurt_front_19	dinner_die	0	null	null	UNRESOLVED
common_die_hurt_left_10	dinner_die	0	null	null	UNRESOLVED
common_die_hurt_left_11	dinner_die	0	null	null	UNRESOLVED
common_die_hurt_left_12	dinner_die	0	null	null	UNRESOLVED
common_die_hurt_left_13	dinner_die	0	null	null	UNRESOLVED
common_die_hurt_left_14	dinner_die	0	null	null	UNRESOLVED
common_die_hurt_left_15	dinner_die	0	null	null	UNRESOLVED
common_die_hurt_left_16	dinner_die	0	null	null	UNRESOLVED
common_die_hurt_left_17	dinner_die	0	null	null	UNRESOLVED
common_die_hurt_left_18	dinner_die	0	null	null	UNRESOLVED
common_die_hurt_left_19	dinner_die	0	null	null	UNRESOLVED
common_die_hurt_left_2	dinner_die	0	null	null	UNRESOLVED
common_die_hurt_left_20	dinner_die	0	null	null	UNRESOLVED
common_die_hurt_left_5	dinner_die	0	null	null	UNRESOLVED
common_die_hurt_left_7	dinner_die	0	null	null	UNRESOLVED
common_die_hurt_lie_back_heavy_down	dinner_die	0	null	null	UNRESOLVED
common_die_hurt_lie_back_heavy_front	dinner_die	0	null	null	UNRESOLVED
common_die_hurt_lie_back_light_back	dinner_die	0	null	null	UNRESOLVED
common_die_hurt_lie_back_light_down	dinner_die	0	null	null	UNRESOLVED
common_die_hurt_lie_back_light_front	dinner_die	0	null	null	UNRESOLVED
common_die_hurt_lie_back_light_right	dinner_die	0	null	null	UNRESOLVED
common_die_hurt_lie_front_heavy_back	dinner_die	0	null	null	UNRESOLVED
common_die_hurt_lie_front_heavy_down	dinner_die	0	null	null	UNRESOLVED
common_die_hurt_lie_front_heavy_front	dinner_die	0	null	null	UNRESOLVED
common_die_hurt_lie_front_heavy_left	dinner_die	0	null	null	UNRESOLVED
common_die_hurt_lie_front_light_back	dinner_die	0	null	null	UNRESOLVED
common_die_hurt_lie_front_light_front	dinner_die	0	null	null	UNRESOLVED
common_die_hurt_lie_front_light_left	dinner_die	0	null	null	UNRESOLVED
common_die_hurt_lie_front_light_right	dinner_die	0	null	null	UNRESOLVED
common_die_hurt_lie_left_heavy_front	dinner_die	0	null	null	UNRESOLVED
common_die_hurt_lie_left_light_back	dinner_die	0	null	null	UNRESOLVED
common_die_hurt_lie_left_light_front	dinner_die	0	null	null	UNRESOLVED
common_die_hurt_lie_left_light_left	dinner_die	0	null	null	UNRESOLVED
common_die_hurt_lie_left_light_right	dinner_die	0	null	null	UNRESOLVED
common_die_hurt_lie_right_heavy_back	dinner_die	0	null	null	UNRESOLVED
common_die_hurt_lie_right_heavy_down	dinner_die	0	null	null	UNRESOLVED
common_die_hurt_lie_right_heavy_front	dinner_die	0	null	null	UNRESOLVED
common_die_hurt_lie_right_heavy_right	dinner_die	0	null	null	UNRESOLVED
common_die_hurt_lie_right_light_back	dinner_die	0	null	null	UNRESOLVED
common_die_hurt_lie_right_light_left	dinner_die	0	null	null	UNRESOLVED
common_die_hurt_lie_right_light_right	dinner_die	0	null	null	UNRESOLVED
common_die_hurt_right_1	dinner_die	0	null	null	UNRESOLVED
common_die_hurt_right_10	dinner_die	0	null	null	UNRESOLVED
common_die_hurt_right_12	dinner_die	0	null	null	UNRESOLVED
common_die_hurt_right_15	dinner_die	0	null	null	UNRESOLVED
common_die_hurt_right_17	dinner_die	0	null	null	UNRESOLVED
common_die_hurt_right_2	dinner_die	0	null	null	UNRESOLVED
common_die_hurt_right_20	dinner_die	0	null	null	UNRESOLVED
common_die_hurt_right_3	dinner_die	0	null	null	UNRESOLVED
common_die_hurt_right_4	dinner_die	0	null	null	UNRESOLVED
common_die_hurt_right_5	dinner_die	0	null	null	UNRESOLVED
common_die_hurt_right_6	dinner_die	0	null	null	UNRESOLVED
common_die_hurt_right_7	dinner_die	0	null	null	UNRESOLVED
common_die_hurt_right_8	dinner_die	0	null	null	UNRESOLVED
common_die_hurt_right_9	dinner_die	0	null	null	UNRESOLVED
common_die_hurt_up_10	dinner_die	0	null	null	UNRESOLVED
common_die_hurt_up_11	dinner_die	0	null	null	UNRESOLVED
common_die_hurt_up_12	dinner_die	0	null	null	UNRESOLVED
common_die_hurt_up_13	dinner_die	0	null	null	UNRESOLVED
common_die_hurt_up_14	dinner_die	0	null	null	UNRESOLVED
common_die_hurt_up_15	dinner_die	0	null	null	UNRESOLVED
common_die_hurt_up_16	dinner_die	0	null	null	UNRESOLVED
common_die_hurt_up_17	dinner_die	0	null	null	UNRESOLVED
common_die_hurt_up_18	dinner_die	0	null	null	UNRESOLVED
common_die_hurt_up_19	dinner_die	0	null	null	UNRESOLVED
common_die_hurt_up_3	dinner_die	0	null	null	UNRESOLVED
common_die_hurt_up_5	dinner_die	0	null	null	UNRESOLVED
common_die_hurt_up_6	dinner_die	0	null	null	UNRESOLVED
common_die_hurt_up_8	dinner_die	0	null	null	UNRESOLVED
common_draw_weapon	dinner_draw_weapon	2	null	null	UNRESOLVED
common_draw_weapon_02	dinner_draw_weapon	2	null	null	UNRESOLVED
common_floating_hurt_back_1	dinner_hurt	0	null	null	UNRESOLVED
common_floating_hurt_back_10	dinner_hurt	0	null	null	UNRESOLVED
common_floating_hurt_back_13	dinner_hurt	0	null	null	UNRESOLVED
common_floating_hurt_back_15	dinner_hurt	0	null	null	UNRESOLVED
common_floating_hurt_back_16	dinner_hurt	0	null	null	UNRESOLVED
common_floating_hurt_back_2	dinner_hurt	0	null	null	UNRESOLVED
common_floating_hurt_back_20	dinner_hurt	0	null	null	UNRESOLVED
common_floating_hurt_back_3	dinner_hurt	0	null	null	UNRESOLVED
common_floating_hurt_back_4	dinner_hurt	0	null	null	UNRESOLVED
common_floating_hurt_back_5	dinner_hurt	0	null	null	UNRESOLVED
common_floating_hurt_back_6	dinner_hurt	0	null	null	UNRESOLVED
common_floating_hurt_back_7	dinner_hurt	0	null	null	UNRESOLVED
common_floating_hurt_back_8	dinner_hurt	0	null	null	UNRESOLVED
common_floating_hurt_back_9	dinner_hurt	0	null	null	UNRESOLVED
common_floating_hurt_down_1	dinner_hurt	0	null	null	UNRESOLVED
common_floating_hurt_down_10	dinner_hurt	0	null	null	UNRESOLVED
common_floating_hurt_down_12	dinner_hurt	0	null	null	UNRESOLVED
common_floating_hurt_down_15	dinner_hurt	0	null	null	UNRESOLVED
common_floating_hurt_down_18	dinner_hurt	0	null	null	UNRESOLVED
common_floating_hurt_down_2	dinner_hurt	0	null	null	UNRESOLVED
common_floating_hurt_down_20	dinner_hurt	0	null	null	UNRESOLVED
common_floating_hurt_down_3	dinner_hurt	0	null	null	UNRESOLVED
common_floating_hurt_down_4	dinner_hurt	0	null	null	UNRESOLVED
common_floating_hurt_down_5	dinner_hurt	0	null	null	UNRESOLVED
common_floating_hurt_down_6	dinner_hurt	0	null	null	UNRESOLVED
common_floating_hurt_down_7	dinner_hurt	0	null	null	UNRESOLVED
common_floating_hurt_down_8	dinner_hurt	0	null	null	UNRESOLVED
common_floating_hurt_down_9	dinner_hurt	0	null	null	UNRESOLVED
common_floating_hurt_front_10	dinner_hurt	0	null	null	UNRESOLVED
common_floating_hurt_front_11	dinner_hurt	0	null	null	UNRESOLVED
common_floating_hurt_front_12	dinner_hurt	0	null	null	UNRESOLVED
common_floating_hurt_front_13	dinner_hurt	0	null	null	UNRESOLVED
common_floating_hurt_front_14	dinner_hurt	0	null	null	UNRESOLVED
common_floating_hurt_front_15	dinner_hurt	0	null	null	UNRESOLVED
common_floating_hurt_front_16	dinner_hurt	0	null	null	UNRESOLVED
common_floating_hurt_front_17	dinner_hurt	0	null	null	UNRESOLVED
common_floating_hurt_front_18	dinner_hurt	0	null	null	UNRESOLVED
common_floating_hurt_front_19	dinner_hurt	0	null	null	UNRESOLVED
common_floating_hurt_front_20	dinner_hurt	0	null	null	UNRESOLVED
common_floating_hurt_front_3	dinner_hurt	0	null	null	UNRESOLVED
common_floating_hurt_front_4	dinner_hurt	0	null	null	UNRESOLVED
common_floating_hurt_front_5	dinner_hurt	0	null	null	UNRESOLVED
common_floating_hurt_front_6	dinner_hurt	0	null	null	UNRESOLVED
common_floating_hurt_front_8	dinner_hurt	0	null	null	UNRESOLVED
common_floating_hurt_left_10	dinner_hurt	0	null	null	UNRESOLVED
common_floating_hurt_left_15	dinner_hurt	0	null	null	UNRESOLVED
common_floating_hurt_left_16	dinner_hurt	0	null	null	UNRESOLVED
common_floating_hurt_left_17	dinner_hurt	0	null	null	UNRESOLVED
common_floating_hurt_left_18	dinner_hurt	0	null	null	UNRESOLVED
common_floating_hurt_left_20	dinner_hurt	0	null	null	UNRESOLVED
common_floating_hurt_right_2	dinner_hurt	0	null	null	UNRESOLVED
common_floating_hurt_right_7	dinner_hurt	0	null	null	UNRESOLVED
common_floating_hurt_right_8	dinner_hurt	0	null	null	UNRESOLVED
common_floating_hurt_up_11	dinner_hurt	0	null	null	UNRESOLVED
common_floating_hurt_up_13	dinner_hurt	0	null	null	UNRESOLVED
common_floating_hurt_up_14	dinner_hurt	0	null	null	UNRESOLVED
common_floating_hurt_up_16	dinner_hurt	0	null	null	UNRESOLVED
common_floating_hurt_up_19	dinner_hurt	0	null	null	UNRESOLVED
common_getup_back	dinner_getup	0	null	null	UNRESOLVED
common_getup_front	dinner_getup	0	null	null	UNRESOLVED
common_getup_left	dinner_getup	0	null	null	UNRESOLVED
common_hit_ball_hurt_performance_land	dinner_hit_ball_hurt_land	0	null	null	UNRESOLVED
common_hitting_be_execute_1	dinner_hitting_be_execute	0	null	null	UNRESOLVED
common_hitting_be_execute_10	dinner_hitting_be_execute	0	null	null	UNRESOLVED
common_hitting_be_execute_13	dinner_hitting_be_execute	0	null	null	UNRESOLVED
common_hitting_be_execute_15	dinner_hitting_be_execute	0	null	null	UNRESOLVED
common_hitting_be_execute_16	dinner_hitting_be_execute	0	null	null	UNRESOLVED
common_hitting_be_execute_18	dinner_hitting_be_execute	0	null	null	UNRESOLVED
common_hitting_be_execute_2	dinner_hitting_be_execute	0	null	null	UNRESOLVED
common_hitting_be_execute_20	dinner_hitting_be_execute	0	null	null	UNRESOLVED
common_hitting_be_execute_23	dinner_hitting_be_execute	0	null	null	UNRESOLVED
common_hitting_be_execute_25	dinner_hitting_be_execute	0	null	null	UNRESOLVED
common_hitting_be_execute_26	dinner_hitting_be_execute	0	null	null	UNRESOLVED
common_hitting_be_execute_28	dinner_hitting_be_execute	0	null	null	UNRESOLVED
common_hitting_be_execute_3	dinner_hitting_be_execute	0	null	null	UNRESOLVED
common_hitting_be_execute_30	dinner_hitting_be_execute	0	null	null	UNRESOLVED
common_hitting_be_execute_33	dinner_hitting_be_execute	0	null	null	UNRESOLVED
common_hitting_be_execute_35	dinner_hitting_be_execute	0	null	null	UNRESOLVED
common_hitting_be_execute_36	dinner_hitting_be_execute	0	null	null	UNRESOLVED
common_hitting_be_execute_38	dinner_hitting_be_execute	0	null	null	UNRESOLVED
common_hitting_be_execute_4	dinner_hitting_be_execute	0	null	null	UNRESOLVED
common_hitting_be_execute_40	dinner_hitting_be_execute	0	null	null	UNRESOLVED
common_hitting_be_execute_43	dinner_hitting_be_execute	0	null	null	UNRESOLVED
common_hitting_be_execute_45	dinner_hitting_be_execute	0	null	null	UNRESOLVED
common_hitting_be_execute_46	dinner_hitting_be_execute	0	null	null	UNRESOLVED
common_hitting_be_execute_48	dinner_hitting_be_execute	0	null	null	UNRESOLVED
common_hitting_be_execute_5	dinner_hitting_be_execute	0	null	null	UNRESOLVED
common_hitting_be_execute_50	dinner_hitting_be_execute	0	null	null	UNRESOLVED
common_hitting_be_execute_53	dinner_hitting_be_execute	0	null	null	UNRESOLVED
common_hitting_be_execute_55	dinner_hitting_be_execute	0	null	null	UNRESOLVED
common_hitting_be_execute_56	dinner_hitting_be_execute	0	null	null	UNRESOLVED
common_hitting_be_execute_58	dinner_hitting_be_execute	0	null	null	UNRESOLVED
common_hitting_be_execute_6	dinner_hitting_be_execute	0	null	null	UNRESOLVED
common_hitting_be_execute_60	dinner_hitting_be_execute	0	null	null	UNRESOLVED
common_hitting_be_execute_63	dinner_hitting_be_execute	0	null	null	UNRESOLVED
common_hitting_be_execute_65	dinner_hitting_be_execute	0	null	null	UNRESOLVED
common_hitting_be_execute_66	dinner_hitting_be_execute	0	null	null	UNRESOLVED
common_hitting_be_execute_68	dinner_hitting_be_execute	0	null	null	UNRESOLVED
common_hitting_be_execute_7	dinner_hitting_be_execute	0	null	null	UNRESOLVED
common_hitting_be_execute_70	dinner_hitting_be_execute	0	null	null	UNRESOLVED
common_hitting_be_execute_73	dinner_hitting_be_execute	0	null	null	UNRESOLVED
common_hitting_be_execute_75	dinner_hitting_be_execute	0	null	null	UNRESOLVED
common_hitting_be_execute_76	dinner_hitting_be_execute	0	null	null	UNRESOLVED
common_hitting_be_execute_78	dinner_hitting_be_execute	0	null	null	UNRESOLVED
common_hitting_be_execute_8	dinner_hitting_be_execute	0	null	null	UNRESOLVED
common_hitting_be_execute_80	dinner_hitting_be_execute	0	null	null	UNRESOLVED
common_hitting_be_execute_9	dinner_hitting_be_execute	0	null	null	UNRESOLVED
common_hitting_execute_10	dinner_hitting_execute	0	null	null	UNRESOLVED
common_hitting_execute_11	dinner_hitting_execute	0	null	null	UNRESOLVED
common_hitting_execute_12	dinner_hitting_execute	0	null	null	UNRESOLVED
common_hitting_execute_13	dinner_hitting_execute	0	null	null	UNRESOLVED
common_hitting_execute_14	dinner_hitting_execute	0	null	null	UNRESOLVED
common_hitting_execute_15	dinner_hitting_execute	0	null	null	UNRESOLVED
common_hitting_execute_16	dinner_hitting_execute	0	null	null	UNRESOLVED
common_hitting_execute_17	dinner_hitting_execute	0	null	null	UNRESOLVED
common_hitting_execute_18	dinner_hitting_execute	0	null	null	UNRESOLVED
common_hitting_execute_19	dinner_hitting_execute	0	null	null	UNRESOLVED
common_hitting_execute_2	dinner_hitting_execute	0	null	null	UNRESOLVED
common_hitting_execute_4	dinner_hitting_execute	0	null	null	UNRESOLVED
common_hitting_execute_40	dinner_hitting_execute	0	null	null	UNRESOLVED
common_hitting_execute_41	dinner_hitting_execute	0	null	null	UNRESOLVED
common_hitting_execute_42	dinner_hitting_execute	0	null	null	UNRESOLVED
common_hitting_execute_43	dinner_hitting_execute	0	null	null	UNRESOLVED
common_hitting_execute_44	dinner_hitting_execute	0	null	null	UNRESOLVED
common_hitting_execute_45	dinner_hitting_execute	0	null	null	UNRESOLVED
common_hitting_execute_46	dinner_hitting_execute	0	null	null	UNRESOLVED
common_hitting_execute_47	dinner_hitting_execute	0	null	null	UNRESOLVED
common_hitting_execute_48	dinner_hitting_execute	0	null	null	UNRESOLVED
common_hitting_execute_49	dinner_hitting_execute	0	null	null	UNRESOLVED
common_hitting_execute_5	dinner_hitting_execute	0	null	null	UNRESOLVED
common_hitting_execute_60	dinner_hitting_execute	0	null	null	UNRESOLVED
common_hitting_execute_61	dinner_hitting_execute	0	null	null	UNRESOLVED
common_hitting_execute_62	dinner_hitting_execute	0	null	null	UNRESOLVED
common_hitting_execute_63	dinner_hitting_execute	0	null	null	UNRESOLVED
common_hitting_execute_64	dinner_hitting_execute	0	null	null	UNRESOLVED
common_hitting_execute_65	dinner_hitting_execute	0	null	null	UNRESOLVED
common_hitting_execute_66	dinner_hitting_execute	0	null	null	UNRESOLVED
common_hitting_execute_67	dinner_hitting_execute	0	null	null	UNRESOLVED
common_hitting_execute_68	dinner_hitting_execute	0	null	null	UNRESOLVED
common_hitting_execute_69	dinner_hitting_execute	0	null	null	UNRESOLVED
common_hitting_execute_7	dinner_hitting_execute	0	null	null	UNRESOLVED
common_hurt_back_1	dinner_hurt	0	null	null	UNRESOLVED
common_hurt_back_10	dinner_hurt	0	null	null	UNRESOLVED
common_hurt_back_11	dinner_hurt	0	null	null	UNRESOLVED
common_hurt_back_12	dinner_hurt	0	null	null	UNRESOLVED
common_hurt_back_13	dinner_hurt	0	null	null	UNRESOLVED
common_hurt_back_14	dinner_hurt	0	null	null	UNRESOLVED
common_hurt_back_15	dinner_hurt	0	null	null	UNRESOLVED
common_hurt_back_16	dinner_hurt	0	null	null	UNRESOLVED
common_hurt_back_17	dinner_hurt	0	null	null	UNRESOLVED
common_hurt_back_18	dinner_hurt	0	null	null	UNRESOLVED
common_hurt_back_19	dinner_hurt	0	null	null	UNRESOLVED
common_hurt_back_2	dinner_hurt	0	null	null	UNRESOLVED
common_hurt_back_20	dinner_hurt	0	null	null	UNRESOLVED
common_hurt_back_3	dinner_hurt	0	null	null	UNRESOLVED
common_hurt_back_4	dinner_hurt	0	null	null	UNRESOLVED
common_hurt_back_9	dinner_hurt	0	null	null	UNRESOLVED
common_hurt_down_3	dinner_hurt	0	null	null	UNRESOLVED
common_hurt_down_5	dinner_hurt	0	null	null	UNRESOLVED
common_hurt_down_6	dinner_hurt	0	null	null	UNRESOLVED
common_hurt_down_8	dinner_hurt	0	null	null	UNRESOLVED
common_hurt_fly_back	dinner_hurt_fly	0	null	null	UNRESOLVED
common_hurt_fly_back_3	dinner_hurt_fly	0	null	null	UNRESOLVED
common_hurt_fly_back_4	dinner_hurt_fly	0	null	null	UNRESOLVED
common_hurt_fly_die_land_back	dinner_hurt_fly_die_land	0	null	null	UNRESOLVED
common_hurt_fly_die_land_left	dinner_hurt_fly_die_land	0	null	null	UNRESOLVED
common_hurt_fly_down_1	dinner_hurt_fly	0	null	null	UNRESOLVED
common_hurt_fly_down_2	dinner_hurt_fly	0	null	null	UNRESOLVED
common_hurt_fly_drop_back_1	dinner_hurt_fly_drop	0	null	null	UNRESOLVED
common_hurt_fly_drop_back_2	dinner_hurt_fly_drop	0	null	null	UNRESOLVED
common_hurt_fly_drop_back_3	dinner_hurt_fly_drop	0	null	null	UNRESOLVED
common_hurt_fly_drop_back_4	dinner_hurt_fly_drop	0	null	null	UNRESOLVED
common_hurt_fly_drop_flip_ccw_back_2	dinner_hurt_fly_drop	0	null	null	UNRESOLVED
common_hurt_fly_drop_flip_ccw_back_4	dinner_hurt_fly_drop	0	null	null	UNRESOLVED
common_hurt_fly_drop_flip_ccw_left_2	dinner_hurt_fly_drop	0	null	null	UNRESOLVED
common_hurt_fly_drop_flip_ccw_left_3	dinner_hurt_fly_drop	0	null	null	UNRESOLVED
common_hurt_fly_drop_flip_ccw_right	dinner_hurt_fly_drop	0	null	null	UNRESOLVED
common_hurt_fly_drop_flip_ccw_right_1	dinner_hurt_fly_drop	0	null	null	UNRESOLVED
common_hurt_fly_drop_flip_ccw_right_2	dinner_hurt_fly_drop	0	null	null	UNRESOLVED
common_hurt_fly_drop_flip_ccw_right_3	dinner_hurt_fly_drop	0	null	null	UNRESOLVED
common_hurt_fly_drop_flip_ccw_right_4	dinner_hurt_fly_drop	0	null	null	UNRESOLVED
common_hurt_fly_drop_flip_cw_back_1	dinner_hurt_fly_drop	0	null	null	UNRESOLVED
common_hurt_fly_drop_flip_cw_back_2	dinner_hurt_fly_drop	0	null	null	UNRESOLVED
common_hurt_fly_drop_flip_cw_back_3	dinner_hurt_fly_drop	0	null	null	UNRESOLVED
common_hurt_fly_drop_flip_cw_back_4	dinner_hurt_fly_drop	0	null	null	UNRESOLVED
common_hurt_fly_drop_flip_cw_front_1	dinner_hurt_fly_drop	0	null	null	UNRESOLVED
common_hurt_fly_drop_flip_cw_front_3	dinner_hurt_fly_drop	0	null	null	UNRESOLVED
common_hurt_fly_drop_flip_cw_front_4	dinner_hurt_fly_drop	0	null	null	UNRESOLVED
common_hurt_fly_drop_flip_cw_left_1	dinner_hurt_fly_drop	0	null	null	UNRESOLVED
common_hurt_fly_drop_flip_cw_left_2	dinner_hurt_fly_drop	0	null	null	UNRESOLVED
common_hurt_fly_drop_flip_cw_left_3	dinner_hurt_fly_drop	0	null	null	UNRESOLVED
common_hurt_fly_drop_flip_cw_left_4	dinner_hurt_fly_drop	0	null	null	UNRESOLVED
common_hurt_fly_drop_flip_cw_right	dinner_hurt_fly_drop	0	null	null	UNRESOLVED
common_hurt_fly_drop_flip_cw_right_2	dinner_hurt_fly_drop	0	null	null	UNRESOLVED
common_hurt_fly_drop_flip_cw_right_3	dinner_hurt_fly_drop	0	null	null	UNRESOLVED
common_hurt_fly_drop_front	dinner_hurt_fly_drop	0	null	null	UNRESOLVED
common_hurt_fly_drop_front_2	dinner_hurt_fly_drop	0	null	null	UNRESOLVED
common_hurt_fly_drop_front_3	dinner_hurt_fly_drop	0	null	null	UNRESOLVED
common_hurt_fly_drop_right_2	dinner_hurt_fly_drop	0	null	null	UNRESOLVED
common_hurt_fly_drop_right_4	dinner_hurt_fly_drop	0	null	null	UNRESOLVED
common_hurt_fly_dying_land_front	dinner_hurt_fly_dying_land	0	null	null	UNRESOLVED
common_hurt_fly_dying_land_right	dinner_hurt_fly_dying_land	0	null	null	UNRESOLVED
common_hurt_fly_flip_ccw_back_1	dinner_hurt_fly	0	null	null	UNRESOLVED
common_hurt_fly_flip_ccw_back_2	dinner_hurt_fly	0	null	null	UNRESOLVED
common_hurt_fly_flip_ccw_back_3	dinner_hurt_fly	0	null	null	UNRESOLVED
common_hurt_fly_flip_ccw_back_4	dinner_hurt_fly	0	null	null	UNRESOLVED
common_hurt_fly_flip_ccw_front	dinner_hurt_fly	0	null	null	UNRESOLVED
common_hurt_fly_flip_ccw_front_1	dinner_hurt_fly	0	null	null	UNRESOLVED
common_hurt_fly_flip_ccw_front_2	dinner_hurt_fly	0	null	null	UNRESOLVED
common_hurt_fly_flip_ccw_right	dinner_hurt_fly	0	null	null	UNRESOLVED
common_hurt_fly_flip_ccw_right_1	dinner_hurt_fly	0	null	null	UNRESOLVED
common_hurt_fly_flip_ccw_right_2	dinner_hurt_fly	0	null	null	UNRESOLVED
common_hurt_fly_flip_ccw_right_4	dinner_hurt_fly	0	null	null	UNRESOLVED
common_hurt_fly_flip_cw_back	dinner_hurt_fly	0	null	null	UNRESOLVED
common_hurt_fly_flip_cw_back_1	dinner_hurt_fly	0	null	null	UNRESOLVED
common_hurt_fly_flip_cw_back_2	dinner_hurt_fly	0	null	null	UNRESOLVED
common_hurt_fly_flip_cw_back_4	dinner_hurt_fly	0	null	null	UNRESOLVED
common_hurt_fly_flip_cw_front_1	dinner_hurt_fly	0	null	null	UNRESOLVED
common_hurt_fly_flip_cw_front_2	dinner_hurt_fly	0	null	null	UNRESOLVED
common_hurt_fly_flip_cw_front_3	dinner_hurt_fly	0	null	null	UNRESOLVED
common_hurt_fly_flip_cw_front_4	dinner_hurt_fly	0	null	null	UNRESOLVED
common_hurt_fly_flip_cw_left_1	dinner_hurt_fly	0	null	null	UNRESOLVED
common_hurt_fly_flip_cw_left_2	dinner_hurt_fly	0	null	null	UNRESOLVED
common_hurt_fly_flip_cw_right	dinner_hurt_fly	0	null	null	UNRESOLVED
common_hurt_fly_flip_cw_right_1	dinner_hurt_fly	0	null	null	UNRESOLVED
common_hurt_fly_flip_cw_right_2	dinner_hurt_fly	0	null	null	UNRESOLVED
common_hurt_fly_flip_cw_right_3	dinner_hurt_fly	0	null	null	UNRESOLVED
common_hurt_fly_flip_cw_right_4	dinner_hurt_fly	0	null	null	UNRESOLVED
common_hurt_fly_front	dinner_hurt_fly	0	null	null	UNRESOLVED
common_hurt_fly_land_back_1	dinner_hurt_fly_land	0	null	null	UNRESOLVED
common_hurt_fly_land_back_2	dinner_hurt_fly_land	0	null	null	UNRESOLVED
common_hurt_fly_land_back_3	dinner_hurt_fly_idle_land	0	null	null	UNRESOLVED
common_hurt_fly_land_back_4	dinner_hurt_fly_idle_land	0	null	null	UNRESOLVED
common_hurt_fly_land_flip_ccw_back_2	dinner_hurt_fly_land	0	null	null	UNRESOLVED
common_hurt_fly_land_flip_ccw_back_3	dinner_hurt_fly_idle_land	0	null	null	UNRESOLVED
common_hurt_fly_land_flip_ccw_front_1	dinner_hurt_fly_land	0	null	null	UNRESOLVED
common_hurt_fly_land_flip_ccw_front_2	dinner_hurt_fly_land	0	null	null	UNRESOLVED
common_hurt_fly_land_flip_ccw_front_3	dinner_hurt_fly_idle_land	0	null	null	UNRESOLVED
common_hurt_fly_land_flip_ccw_front_4	dinner_hurt_fly_idle_land	0	null	null	UNRESOLVED
common_hurt_fly_land_flip_ccw_left	dinner_hurt_fly_land	0	null	null	UNRESOLVED
common_hurt_fly_land_flip_ccw_left_1	dinner_hurt_fly_land	0	null	null	UNRESOLVED
common_hurt_fly_land_flip_ccw_left_2	dinner_hurt_fly_land	0	null	null	UNRESOLVED
common_hurt_fly_land_flip_ccw_left_4	dinner_hurt_fly_idle_land	0	null	null	UNRESOLVED
common_hurt_fly_land_flip_ccw_right_1	dinner_hurt_fly_land	0	null	null	UNRESOLVED
common_hurt_fly_land_flip_ccw_right_2	dinner_hurt_fly_land	0	null	null	UNRESOLVED
common_hurt_fly_land_flip_ccw_right_3	dinner_hurt_fly_idle_land	0	null	null	UNRESOLVED
common_hurt_fly_land_flip_ccw_right_4	dinner_hurt_fly_idle_land	0	null	null	UNRESOLVED
common_hurt_fly_land_flip_cw_back	dinner_hurt_fly_land	0	null	null	UNRESOLVED
common_hurt_fly_land_flip_cw_back_1	dinner_hurt_fly_land	0	null	null	UNRESOLVED
common_hurt_fly_land_flip_cw_back_2	dinner_hurt_fly_land	0	null	null	UNRESOLVED
common_hurt_fly_land_flip_cw_back_3	dinner_hurt_fly_idle_land	0	null	null	UNRESOLVED
common_hurt_fly_land_flip_cw_back_4	dinner_hurt_fly_idle_land	0	null	null	UNRESOLVED
common_hurt_fly_land_flip_cw_front_2	dinner_hurt_fly_land	0	null	null	UNRESOLVED
common_hurt_fly_land_flip_cw_front_4	dinner_hurt_fly_idle_land	0	null	null	UNRESOLVED
common_hurt_fly_land_flip_cw_right	dinner_hurt_fly_land	0	null	null	UNRESOLVED
common_hurt_fly_land_flip_cw_right_1	dinner_hurt_fly_land	0	null	null	UNRESOLVED
common_hurt_fly_land_flip_cw_right_2	dinner_hurt_fly_land	0	null	null	UNRESOLVED
common_hurt_fly_land_flip_cw_right_4	dinner_hurt_fly_idle_land	0	null	null	UNRESOLVED
common_hurt_fly_land_front_1	dinner_hurt_fly_land	0	null	null	UNRESOLVED
common_hurt_fly_land_front_2	dinner_hurt_fly_land	0	null	null	UNRESOLVED
common_hurt_fly_land_front_4	dinner_hurt_fly_idle_land	0	null	null	UNRESOLVED
common_hurt_fly_land_right	dinner_hurt_fly_land	0	null	null	UNRESOLVED
common_hurt_fly_land_right_1	dinner_hurt_fly_land	0	null	null	UNRESOLVED
common_hurt_fly_land_right_3	dinner_hurt_fly_idle_land	0	null	null	UNRESOLVED
common_hurt_fly_left	dinner_hurt_fly	0	null	null	UNRESOLVED
common_hurt_fly_left_3	dinner_hurt_fly	0	null	null	UNRESOLVED
common_hurt_fly_left_4	dinner_hurt_fly	0	null	null	UNRESOLVED
common_hurt_fly_up	dinner_hurt_fly	0	null	null	UNRESOLVED
common_hurt_fly_up_1	dinner_hurt_fly	0	null	null	UNRESOLVED
common_hurt_fly_up_3	dinner_hurt_fly	0	null	null	UNRESOLVED
common_hurt_fly_up_4	dinner_hurt_fly	0	null	null	UNRESOLVED
common_hurt_front_10	dinner_hurt	0	null	null	UNRESOLVED
common_hurt_front_13	dinner_hurt	0	null	null	UNRESOLVED
common_hurt_front_15	dinner_hurt	0	null	null	UNRESOLVED
common_hurt_front_16	dinner_hurt	0	null	null	UNRESOLVED
common_hurt_front_18	dinner_hurt	0	null	null	UNRESOLVED
common_hurt_front_19	dinner_hurt	0	null	null	UNRESOLVED
common_hurt_front_20	dinner_hurt	0	null	null	UNRESOLVED
common_hurt_left_3	dinner_hurt	0	null	null	UNRESOLVED
common_hurt_left_4	dinner_hurt	0	null	null	UNRESOLVED
common_hurt_left_5	dinner_hurt	0	null	null	UNRESOLVED
common_hurt_left_6	dinner_hurt	0	null	null	UNRESOLVED
common_hurt_left_8	dinner_hurt	0	null	null	UNRESOLVED
common_hurt_lie_back_dodge_front_01	dinner_hurt_lie_dodge	0	null	null	UNRESOLVED
common_hurt_lie_back_dodge_right_01	dinner_hurt_lie_dodge	0	null	null	UNRESOLVED
common_hurt_lie_back_heavy_down	dinner_hurt_lie	0	null	null	UNRESOLVED
common_hurt_lie_back_heavy_left	dinner_hurt_lie	0	null	null	UNRESOLVED
common_hurt_lie_back_light_back	dinner_hurt_lie	0	null	null	UNRESOLVED
common_hurt_lie_back_light_down	dinner_hurt_lie	0	null	null	UNRESOLVED
common_hurt_lie_back_light_front	dinner_hurt_lie	0	null	null	UNRESOLVED
common_hurt_lie_back_light_right	dinner_hurt_lie	0	null	null	UNRESOLVED
common_hurt_lie_dodge_left_01	dinner_hurt_lie_dodge	0	null	null	UNRESOLVED
common_hurt_lie_dodge_right_01	dinner_hurt_lie_dodge	0	null	null	UNRESOLVED
common_hurt_lie_front_dodge_left_01	dinner_hurt_lie_dodge	0	null	null	UNRESOLVED
common_hurt_lie_front_dodge_right_01	dinner_hurt_lie_dodge	0	null	null	UNRESOLVED
common_hurt_lie_front_heavy_back	dinner_hurt_lie	0	null	null	UNRESOLVED
common_hurt_lie_front_heavy_front	dinner_hurt_lie	0	null	null	UNRESOLVED
common_hurt_lie_front_light_back	dinner_hurt_lie	0	null	null	UNRESOLVED
common_hurt_lie_front_light_down	dinner_hurt_lie	0	null	null	UNRESOLVED
common_hurt_lie_front_light_right	dinner_hurt_lie	0	null	null	UNRESOLVED
common_hurt_lie_left_dodge_front_01	dinner_hurt_lie_dodge	0	null	null	UNRESOLVED
common_hurt_lie_left_dodge_left_01	dinner_hurt_lie_dodge	0	null	null	UNRESOLVED
common_hurt_lie_left_heavy_front	dinner_hurt_lie	0	null	null	UNRESOLVED
common_hurt_lie_left_light_back	dinner_hurt_lie	0	null	null	UNRESOLVED
common_hurt_lie_left_light_front	dinner_hurt_lie	0	null	null	UNRESOLVED
common_hurt_lie_left_light_left	dinner_hurt_lie	0	null	null	UNRESOLVED
common_hurt_lie_left_light_right	dinner_hurt_lie	0	null	null	UNRESOLVED
common_hurt_lie_right_dodge_front_01	dinner_hurt_lie_dodge	0	null	null	UNRESOLVED
common_hurt_lie_right_dodge_left_01	dinner_hurt_lie_dodge	0	null	null	UNRESOLVED
common_hurt_lie_right_dodge_right_01	dinner_hurt_lie_dodge	0	null	null	UNRESOLVED
common_hurt_lie_right_heavy_back	dinner_hurt_lie	0	null	null	UNRESOLVED
common_hurt_lie_right_heavy_front	dinner_hurt_lie	0	null	null	UNRESOLVED
common_hurt_lie_right_heavy_left	dinner_hurt_lie	0	null	null	UNRESOLVED
common_hurt_lie_right_heavy_right	dinner_hurt_lie	0	null	null	UNRESOLVED
common_hurt_lie_right_light_right	dinner_hurt_lie	0	null	null	UNRESOLVED
common_hurt_right_1	dinner_hurt	0	null	null	UNRESOLVED
common_hurt_right_10	dinner_hurt	0	null	null	UNRESOLVED
common_hurt_right_13	dinner_hurt	0	null	null	UNRESOLVED
common_hurt_right_15	dinner_hurt	0	null	null	UNRESOLVED
common_hurt_right_16	dinner_hurt	0	null	null	UNRESOLVED
common_hurt_right_18	dinner_hurt	0	null	null	UNRESOLVED
common_hurt_right_2	dinner_hurt	0	null	null	UNRESOLVED
common_hurt_right_20	dinner_hurt	0	null	null	UNRESOLVED
common_hurt_right_3	dinner_hurt	0	null	null	UNRESOLVED
common_hurt_right_4	dinner_hurt	0	null	null	UNRESOLVED
common_hurt_right_5	dinner_hurt	0	null	null	UNRESOLVED
common_hurt_right_6	dinner_hurt	0	null	null	UNRESOLVED
common_hurt_right_7	dinner_hurt	0	null	null	UNRESOLVED
common_hurt_right_8	dinner_hurt	0	null	null	UNRESOLVED
common_hurt_right_9	dinner_hurt	0	null	null	UNRESOLVED
common_hurt_up_10	dinner_hurt	0	null	null	UNRESOLVED
common_hurt_up_11	dinner_hurt	0	null	null	UNRESOLVED
common_hurt_up_12	dinner_hurt	0	null	null	UNRESOLVED
common_hurt_up_13	dinner_hurt	0	null	null	UNRESOLVED
common_hurt_up_14	dinner_hurt	0	null	null	UNRESOLVED
common_hurt_up_15	dinner_hurt	0	null	null	UNRESOLVED
common_hurt_up_16	dinner_hurt	0	null	null	UNRESOLVED
common_hurt_up_17	dinner_hurt	0	null	null	UNRESOLVED
common_hurt_up_18	dinner_hurt	0	null	null	UNRESOLVED
common_hurt_up_19	dinner_hurt	0	null	null	UNRESOLVED
common_hurt_up_2	dinner_hurt	0	null	null	UNRESOLVED
common_hurt_up_20	dinner_hurt	0	null	null	UNRESOLVED
common_hurt_up_4	dinner_hurt	0	null	null	UNRESOLVED
common_hurt_up_5	dinner_hurt	0	null	null	UNRESOLVED
common_hurt_up_7	dinner_hurt	0	null	null	UNRESOLVED
common_idle_turn_half_right_01	dinner_turn	0	null	null	UNRESOLVED
common_idle_turn_square_left_01_battle	dinner_turn	0	null	null	UNRESOLVED
common_idle_turn_square_right_01	dinner_turn	0	null	null	UNRESOLVED
common_idle_turn_square_right_01_battle	dinner_turn	0	null	null	UNRESOLVED
common_lie_back	dinner_lie	0	null	null	UNRESOLVED
common_lie_back_1	dinner_lie	0	null	null	UNRESOLVED
common_lie_front_1	dinner_lie	0	null	null	UNRESOLVED
common_lie_left	dinner_lie	0	null	null	UNRESOLVED
common_lie_right	dinner_lie	0	null	null	UNRESOLVED
common_lie_right_1	dinner_lie	0	null	null	UNRESOLVED
common_monster_born_10	dinner_monster_born	0	null	null	UNRESOLVED
common_normal_logic_10	dinner_common_normal_logic	5	null	null	UNRESOLVED
common_ornament_action_idle_01	ornament_action_01	0	null	null	UNRESOLVED
common_ornament_action_start_01	ornament_action_01	0	null	null	UNRESOLVED
common_ornament_custom_idle	ornament_custom_idle	0	null	null	UNRESOLVED
common_ornament_custom_idle_02	ornament_custom_idle	0	null	null	UNRESOLVED
common_ornament_custom_show_idle	ornament_custom_idle	0	null	null	UNRESOLVED
common_ornament_idle_01	ornament_idle	0	null	null	UNRESOLVED
common_ornament_idle_02	ornament_idle	0	null	null	UNRESOLVED
common_ornament_idle_03	ornament_idle	0	null	null	UNRESOLVED
common_ornament_special_action_back_02	ornament_idle	0	null	null	UNRESOLVED
common_pothole_1	dinner_pothole	0	null	null	UNRESOLVED
common_pothole_2	dinner_pothole	0	null	null	UNRESOLVED
common_put_weapon	dinner_put_weapon	2	null	null	UNRESOLVED
common_put_weapon_02	dinner_put_weapon	2	null	null	UNRESOLVED
common_rebound_hurt_fly_back_2	dinner_hurt_fly	0	null	null	UNRESOLVED
common_rebound_hurt_fly_drop_front_1	dinner_hurt_fly_drop	0	null	null	UNRESOLVED
common_rebound_hurt_fly_front_1	dinner_hurt_fly	0	null	null	UNRESOLVED
common_rebound_hurt_fly_front_2	dinner_hurt_fly	0	null	null	UNRESOLVED
common_rebound_hurt_fly_land_back_1	dinner_hurt_fly_land	0	null	null	UNRESOLVED
common_rebound_hurt_fly_land_back_2	dinner_hurt_fly_land	0	null	null	UNRESOLVED
common_rebound_hurt_fly_land_front_1	dinner_hurt_fly_land	0	null	null	UNRESOLVED
common_rebound_hurt_fly_land_front_2	dinner_hurt_fly_land	0	null	null	UNRESOLVED
common_rebound_hurt_fly_land_left_1	dinner_hurt_fly_land	0	null	null	UNRESOLVED
common_rebound_hurt_fly_land_left_2	dinner_hurt_fly_land	0	null	null	UNRESOLVED
common_rebound_hurt_left_1	dinner_rebound_hurt	0	null	null	UNRESOLVED
common_rebound_hurt_left_2	dinner_rebound_hurt	0	null	null	UNRESOLVED
common_shock_be_execute_1	dinner_shock_be_execute	0	null	null	UNRESOLVED
common_shock_be_execute_2	dinner_shock_be_execute	0	null	null	UNRESOLVED
common_shock_be_execute_3	dinner_shock_be_execute	0	null	null	UNRESOLVED
common_shock_be_execute_4	dinner_shock_be_execute	0	null	null	UNRESOLVED
common_shock_be_execute_5	dinner_shock_be_execute	0	null	null	UNRESOLVED
common_shock_be_execute_6	dinner_shock_be_execute	0	null	null	UNRESOLVED
common_shock_be_execute_7	dinner_shock_be_execute	0	null	null	UNRESOLVED
common_shock_be_execute_8	dinner_shock_be_execute	0	null	null	UNRESOLVED
common_shock_be_execute_9	dinner_shock_be_execute	0	null	null	UNRESOLVED
common_shock_execute_1	dinner_shock_execute	0	null	null	UNRESOLVED
common_shock_execute_3	dinner_shock_execute	0	null	null	UNRESOLVED
common_shock_execute_4	dinner_shock_execute	0	null	null	UNRESOLVED
common_shock_execute_6	dinner_shock_execute	0	null	null	UNRESOLVED
common_shock_execute_9	dinner_shock_execute	0	null	null	UNRESOLVED
common_surfacewater_deadly_hurt_left_1	dinner_hurt	0	null	null	UNRESOLVED
common_surfacewater_deadly_hurt_right_1	dinner_hurt	0	null	null	UNRESOLVED
common_surfacewater_die_hurt_back_1	dinner_die	0	null	null	UNRESOLVED
common_surfacewater_die_hurt_down_1	dinner_die	0	null	null	UNRESOLVED
common_surfacewater_die_hurt_left_1	dinner_die	0	null	null	UNRESOLVED
common_surfacewater_hurt_front_1	dinner_hurt	0	null	null	UNRESOLVED
common_surfacewater_hurt_left_1	dinner_hurt	0	null	null	UNRESOLVED
common_surfacewater_hurt_right_1	dinner_hurt	0	null	null	UNRESOLVED
common_tiger_be_execute_1	dinner_tiger_be_execute	0	null	null	UNRESOLVED
common_tiger_be_execute_10	dinner_tiger_be_execute	0	null	null	UNRESOLVED
common_tiger_be_execute_11	dinner_tiger_be_execute	0	null	null	UNRESOLVED
common_tiger_be_execute_12	dinner_tiger_be_execute	0	null	null	UNRESOLVED
common_tiger_be_execute_17	dinner_tiger_be_execute	0	null	null	UNRESOLVED
common_tiger_be_execute_18	dinner_tiger_be_execute	0	null	null	UNRESOLVED
common_tiger_be_execute_19	dinner_tiger_be_execute	0	null	null	UNRESOLVED
common_tiger_be_execute_2	dinner_tiger_be_execute	0	null	null	UNRESOLVED
common_tiger_be_execute_20	dinner_tiger_be_execute	0	null	null	UNRESOLVED
common_tiger_be_execute_3	dinner_tiger_be_execute	0	null	null	UNRESOLVED
common_tiger_be_execute_4	dinner_tiger_be_execute	0	null	null	UNRESOLVED
common_tiger_be_execute_5	dinner_tiger_be_execute	0	null	null	UNRESOLVED
common_tiger_be_execute_6	dinner_tiger_be_execute	0	null	null	UNRESOLVED
common_tiger_be_execute_7	dinner_tiger_be_execute	0	null	null	UNRESOLVED
common_tiger_be_execute_8	dinner_tiger_be_execute	0	null	null	UNRESOLVED
common_tiger_be_execute_9	dinner_tiger_be_execute	0	null	null	UNRESOLVED
common_tiger_execute_1	dinner_tiger_execute	0	null	null	UNRESOLVED
common_tiger_execute_10	dinner_tiger_execute	0	null	null	UNRESOLVED
common_tiger_execute_11	dinner_tiger_execute	0	null	null	UNRESOLVED
common_tiger_execute_12	dinner_tiger_execute	0	null	null	UNRESOLVED
common_tiger_execute_13	dinner_tiger_execute	0	null	null	UNRESOLVED
common_tiger_execute_14	dinner_tiger_execute	0	null	null	UNRESOLVED
common_tiger_execute_15	dinner_tiger_execute	0	null	null	UNRESOLVED
common_tiger_execute_16	dinner_tiger_execute	0	null	null	UNRESOLVED
common_tiger_execute_17	dinner_tiger_execute	0	null	null	UNRESOLVED
common_tiger_execute_18	dinner_tiger_execute	0	null	null	UNRESOLVED
common_tiger_execute_19	dinner_tiger_execute	0	null	null	UNRESOLVED
common_tiger_execute_4	dinner_tiger_execute	0	null	null	UNRESOLVED
common_tiger_execute_7	dinner_tiger_execute	0	null	null	UNRESOLVED
common_tiger_execute_9	dinner_tiger_execute	0	null	null	UNRESOLVED
common_unarmed_die_corruption_fly_land_01	dinner_die	0	null	null	UNRESOLVED
common_unarmed_die_corruption_lie_front_01	dinner_die	0	null	null	UNRESOLVED
common_unarmed_die_corruption_lie_right_01	dinner_die	0	null	null	UNRESOLVED
common_unarmed_die_death_zone_01	dinner_die	0	null	null	UNRESOLVED
common_unarmed_die_death_zone_03	dinner_die	0	null	null	UNRESOLVED
common_unarmed_die_kneeling_01	dinner_die	0	null	null	UNRESOLVED
common_unarmed_die_stand_back_01	dinner_die	0	null	null	UNRESOLVED
common_unarmed_die_stand_front_01	dinner_die	0	null	null	UNRESOLVED
common_unarmed_die_stand_right_01	dinner_die	0	null	null	UNRESOLVED
common_unarmed_headshot_die_crouch_back_01	dinner_die	0	null	null	UNRESOLVED
common_unarmed_headshot_die_crouch_right_01	dinner_die	0	null	null	UNRESOLVED
common_unarmed_headshot_die_stand_left_01	dinner_die	0	null	null	UNRESOLVED
common_unarmed_headshot_fly_back_01	dinner_die	0	null	null	UNRESOLVED
common_unarmed_headshot_fly_die_drop_back_01	dinner_die	0	null	null	UNRESOLVED
common_unarmed_headshot_fly_die_drop_front_01	dinner_die	0	null	null	UNRESOLVED
common_unarmed_headshot_fly_die_drop_left_01	dinner_die	0	null	null	UNRESOLVED
common_unarmed_headshot_fly_die_land_front_01	dinner_die	0	null	null	UNRESOLVED
common_unarmed_headshot_fly_die_land_left_01	dinner_die	0	null	null	UNRESOLVED
common_unarmed_headshot_fly_front_01	dinner_die	0	null	null	UNRESOLVED
common_unarmed_kneel_lie_front_01	dinner_kneel_lie_dying	0	null	null	UNRESOLVED
common_unarmed_kneel_lie_left_01	dinner_kneel_lie_dying	0	null	null	UNRESOLVED
common_unarmed_kneel_lie_right_01	dinner_kneel_lie_dying	0	null	null	UNRESOLVED
common_unbalance_hurt_01	dinner_unbalance_hurt	0	null	null	UNRESOLVED
common_underwater_deadly_hurt_back_1	dinner_hurt	0	null	null	UNRESOLVED
common_underwater_deadly_hurt_front_1	dinner_hurt	0	null	null	UNRESOLVED
common_underwater_deadly_hurt_left_1	dinner_hurt	0	null	null	UNRESOLVED
common_underwater_deadly_hurt_up_1	dinner_hurt	0	null	null	UNRESOLVED
common_underwater_die_hurt_back_1	dinner_die	0	null	null	UNRESOLVED
common_underwater_die_hurt_down_1	dinner_die	0	null	null	UNRESOLVED
common_underwater_die_hurt_front_1	dinner_die	0	null	null	UNRESOLVED
common_underwater_die_hurt_left_1	dinner_die	0	null	null	UNRESOLVED
common_underwater_hurt_down_1	dinner_hurt	0	null	null	UNRESOLVED
common_underwater_hurt_left_1	dinner_hurt	0	null	null	UNRESOLVED
common_underwater_hurt_right_1	dinner_hurt	0	null	null	UNRESOLVED
common_underwater_hurt_up_1	dinner_hurt	0	null	null	UNRESOLVED
common_wing_fly_hurt_down_1	dinner_hurt	0	null	null	UNRESOLVED
common_wing_fly_hurt_down_2	dinner_hurt	0	null	null	UNRESOLVED
common_wing_fly_hurt_down_3	dinner_hurt	0	null	null	UNRESOLVED
common_wing_fly_hurt_front_2	dinner_hurt	0	null	null	UNRESOLVED
common_wing_fly_hurt_front_3	dinner_hurt	0	null	null	UNRESOLVED
common_wing_fly_hurt_right_2	dinner_hurt	0	null	null	UNRESOLVED
common_wing_fly_hurt_up_1	dinner_hurt	0	null	null	UNRESOLVED
common_wing_fly_hurt_up_2	dinner_hurt	0	null	null	UNRESOLVED
common_wing_fly_hurt_up_3	dinner_hurt	0	null	null	UNRESOLVED
damodian_burning_01	damodian_burning	0	null	null	UNRESOLVED
damodian_interactive_01	damodian_interactive	0	null	null	UNRESOLVED
debug_right_finger	dinner_right_finger	9	null	null	UNRESOLVED
device_action_null	device_action_delegate	2	null	null	UNRESOLVED
device_active_01_pre	device_active	0	null	null	UNRESOLVED
device_active_02	device_active	0	null	null	UNRESOLVED
device_air_attack_attack_02	device_air_attack_attack	0	null	null	UNRESOLVED
device_air_attack_attack_start	device_air_attack_attack	0	null	null	UNRESOLVED
device_air_attack_attack_start_02	device_air_attack_attack	0	null	null	UNRESOLVED
device_air_attack_hide_02	device_air_attack_hide	0	null	null	UNRESOLVED
device_air_attack_idle	device_air_attack_idle	0	null	null	UNRESOLVED
device_air_attack_special_attack_01	device_air_attack_attack	0	null	null	UNRESOLVED
device_air_attack_special_attack_02	device_air_attack_attack	0	null	null	UNRESOLVED
device_air_attack_special_attack_03	device_air_attack_attack	0	null	null	UNRESOLVED
device_air_attack_special_attack_04	device_air_attack_attack	0	null	null	UNRESOLVED
device_air_attack_special_attack_05	device_air_attack_attack	0	null	null	UNRESOLVED
device_air_attack_special_attack_06	device_air_attack_attack	0	null	null	UNRESOLVED
device_air_attack_special_hurt	device_air_attack_idle	0	null	null	UNRESOLVED
device_air_attack_special_idle	device_air_attack_idle	0	null	null	UNRESOLVED
device_air_attack_special_transition	device_air_attack_idle	0	null	null	UNRESOLVED
device_base	device_action_delegate	0	null	null	UNRESOLVED
device_chariot_born_01	device_chariot_born	0	null	null	UNRESOLVED
device_chariot_horse_right_01	device_chariot_horse	1	null	null	UNRESOLVED
device_chariot_horse_run_01	device_chariot_horse	1	null	null	UNRESOLVED
device_chariot_idle_01	device_chariot_idle	0	null	null	UNRESOLVED
device_chariot_jump_back_down_loop_01	device_chariot_down_loop	0	null	null	UNRESOLVED
device_chariot_jump_forword_01	device_chariot_jump	0	null	null	UNRESOLVED
device_chariot_jump_forword_down_01	device_chariot_jump	0	null	null	UNRESOLVED
device_chariot_jump_inplace_down_01	device_chariot_jump	0	null	null	UNRESOLVED
device_chariot_run_01	device_chariot_run	0	null	null	UNRESOLVED
device_chariot_run_back_right_tap_01	device_chariot_tap	0	null	null	UNRESOLVED
device_chariot_run_back_start_01	device_chariot_run_start	0	null	null	UNRESOLVED
device_chariot_run_left_tap_01	device_chariot_tap	0	null	null	UNRESOLVED
device_chariot_run_right_tap_01	device_chariot_tap	0	null	null	UNRESOLVED
device_chariot_run_shuffle_01	device_chariot_run_shuffle	0	null	null	UNRESOLVED
device_cooling_01	device_cooling	0	null	null	UNRESOLVED
device_cooling_inertia_01	device_cooling_inertia	0	null	null	UNRESOLVED
device_fallen_01	device_fallen	0	null	null	UNRESOLVED
device_fallen_04	device_fallen	0	null	null	UNRESOLVED
device_fallen_06	device_fallen	0	null	null	UNRESOLVED
device_fallen_07	device_fallen	0	null	null	UNRESOLVED
device_fallen_09	device_fallen	0	null	null	UNRESOLVED
device_interaction_device_cooling_01	interaction_device_cooling	0	null	null	UNRESOLVED
device_interaction_device_idle_01	interaction_device_idle	0	null	null	UNRESOLVED
device_interaction_device_triggering_01	interaction_device_triggering	0	null	null	UNRESOLVED
device_loop_11	device_loop	0	null	null	UNRESOLVED
device_loop_12	device_loop	0	null	null	UNRESOLVED
device_loop_14	device_loop	0	null	null	UNRESOLVED
device_loop_6	device_loop	0	null	null	UNRESOLVED
device_loop_7	device_loop	0	null	null	UNRESOLVED
device_loop_8	device_loop	0	null	null	UNRESOLVED
device_loop_9	device_loop	0	null	null	UNRESOLVED
device_move_1	device_move	0	null	null	UNRESOLVED
device_move_10	device_move	0	null	null	UNRESOLVED
device_move_2	device_move	0	null	null	UNRESOLVED
device_move_3	device_move	0	null	null	UNRESOLVED
device_move_4	device_move	0	null	null	UNRESOLVED
device_move_5	device_move	0	null	null	UNRESOLVED
device_move_6	device_move	0	null	null	UNRESOLVED
device_move_7	device_move	0	null	null	UNRESOLVED
device_move_8	device_move	0	null	null	UNRESOLVED
device_move_9	device_move	0	null	null	UNRESOLVED
device_repair_inertia_01	device_repair_inertia	0	null	null	UNRESOLVED
device_show_10	device_show	0	null	null	UNRESOLVED
device_standby_01_pre	device_standby	0	null	null	UNRESOLVED
device_standby_02_pre	device_standby	0	null	null	UNRESOLVED
device_standby_03_pre	device_standby	0	null	null	UNRESOLVED
device_standby_04_pre	device_standby	0	null	null	UNRESOLVED
device_turtle_bounce_01	turtle_bounce	0	null	null	UNRESOLVED
device_turtle_bounce_02	turtle_bounce	0	null	null	UNRESOLVED
device_turtle_bounce_03	turtle_bounce	0	null	null	UNRESOLVED
device_turtle_coolingdown_idle_01	turtle_coolingdown_idle	0	null	null	UNRESOLVED
device_turtle_idle_01	turtle_idle	0	null	null	UNRESOLVED
device_turtle_reachout_01	turtle_reachout	0	null	null	UNRESOLVED
device_turtle_retract_01	turtle_retract	0	null	null	UNRESOLVED
device_visual_idle_01	device_visual_idle	0	null	null	UNRESOLVED
device_wind_circle_attack_02	device_wind_circle_attack	0	null	null	UNRESOLVED
device_wind_circle_attack_02_pre	device_wind_circle_attack_pre	0	null	null	UNRESOLVED
device_wind_circle_attack_03	device_wind_circle_attack	0	null	null	UNRESOLVED
device_wind_circle_attack_05	device_wind_circle_attack	0	null	null	UNRESOLVED
device_wind_circle_attack_05_pre	device_wind_circle_attack_pre	0	null	null	UNRESOLVED
device_wind_circle_attack_07_pre	device_wind_circle_attack_pre	0	null	null	UNRESOLVED
device_wind_circle_attack_08	device_wind_circle_attack	0	null	null	UNRESOLVED
device_wind_circle_born_01	device_wind_circle_born	0	null	null	UNRESOLVED
device_wind_circle_die_01	device_wind_circle_die	0	null	null	UNRESOLVED
device_wood_wanxiang_earth_attack_02	device_wood_wanxiang_earth_attack	0	null	null	UNRESOLVED
device_wood_wanxiang_earth_attack_02_pre	device_wood_wanxiang_earth_attack_pre	0	null	null	UNRESOLVED
device_wood_wanxiang_earth_attack_02_recover	device_wood_wanxiang_earth_attack_recover	0	null	null	UNRESOLVED
device_wood_wanxiang_earth_attack_03_recover	device_wood_wanxiang_earth_attack_recover	0	null	null	UNRESOLVED
device_wood_wanxiang_earth_attack_05_pre	device_wood_wanxiang_earth_attack_pre	0	null	null	UNRESOLVED
device_wood_wanxiang_earth_attack_07	device_wood_wanxiang_earth_attack	0	null	null	UNRESOLVED
device_wood_wanxiang_earth_attack_08	device_wood_wanxiang_earth_attack	0	null	null	UNRESOLVED
device_wood_wanxiang_earth_attack_09	device_wood_wanxiang_earth_attack	0	null	null	UNRESOLVED
device_wood_wanxiang_earth_attack_10	device_wood_wanxiang_earth_attack	0	null	null	UNRESOLVED
device_wood_wanxiang_earth_attack_10_pre	device_wood_wanxiang_earth_attack_pre	0	null	null	UNRESOLVED
device_wood_wanxiang_earth_endurancebreak_01	device_wood_wanxiang_endurancebreak	0	null	null	UNRESOLVED
device_wood_wanxiang_earth_to_fire_01	device_wood_wanxiang_earth_transition	0	null	null	UNRESOLVED
device_wood_wanxiang_fire_attack_01	device_wood_wanxiang_fire_attack	0	null	null	UNRESOLVED
device_wood_wanxiang_fire_attack_01_pre	device_wood_wanxiang_fire_attack_pre	0	null	null	UNRESOLVED
device_wood_wanxiang_fire_attack_01_recover	device_wood_wanxiang_fire_attack_recover	0	null	null	UNRESOLVED
device_wood_wanxiang_fire_attack_02	device_wood_wanxiang_fire_attack	0	null	null	UNRESOLVED
device_wood_wanxiang_fire_attack_02_pre	device_wood_wanxiang_fire_attack_pre	0	null	null	UNRESOLVED
device_wood_wanxiang_fire_attack_02_recover	device_wood_wanxiang_fire_attack_recover	0	null	null	UNRESOLVED
device_wood_wanxiang_fire_attack_03	device_wood_wanxiang_fire_attack	0	null	null	UNRESOLVED
device_wood_wanxiang_fire_attack_03_pre	device_wood_wanxiang_fire_attack_pre	0	null	null	UNRESOLVED
device_wood_wanxiang_fire_attack_03_recover	device_wood_wanxiang_fire_attack_recover	0	null	null	UNRESOLVED
device_wood_wanxiang_fire_attack_04	device_wood_wanxiang_fire_attack	0	null	null	UNRESOLVED
device_wood_wanxiang_fire_attack_04_pre	device_wood_wanxiang_fire_attack_pre	0	null	null	UNRESOLVED
device_wood_wanxiang_fire_attack_04_recover	device_wood_wanxiang_fire_attack_recover	0	null	null	UNRESOLVED
device_wood_wanxiang_fire_attack_05	device_wood_wanxiang_fire_attack	0	null	null	UNRESOLVED
device_wood_wanxiang_fire_attack_05_pre	device_wood_wanxiang_fire_attack_pre	0	null	null	UNRESOLVED
device_wood_wanxiang_fire_attack_05_recover	device_wood_wanxiang_fire_attack_recover	0	null	null	UNRESOLVED
device_wood_wanxiang_fire_attack_06	device_wood_wanxiang_fire_attack	0	null	null	UNRESOLVED
device_wood_wanxiang_fire_attack_06_pre	device_wood_wanxiang_fire_attack_pre	0	null	null	UNRESOLVED
device_wood_wanxiang_fire_attack_06_recover	device_wood_wanxiang_fire_attack_recover	0	null	null	UNRESOLVED
device_wood_wanxiang_fire_attack_07	device_wood_wanxiang_fire_attack	0	null	null	UNRESOLVED
device_wood_wanxiang_fire_attack_07_pre	device_wood_wanxiang_fire_attack_pre	0	null	null	UNRESOLVED
device_wood_wanxiang_fire_attack_07_recover	device_wood_wanxiang_fire_attack_recover	0	null	null	UNRESOLVED
device_wood_wanxiang_fire_attack_08	device_wood_wanxiang_fire_attack	0	null	null	UNRESOLVED
device_wood_wanxiang_fire_attack_08_pre	device_wood_wanxiang_fire_attack_pre	0	null	null	UNRESOLVED
device_wood_wanxiang_fire_attack_08_recover	device_wood_wanxiang_fire_attack_recover	0	null	null	UNRESOLVED
device_wood_wanxiang_fire_attack_09	device_wood_wanxiang_fire_attack	0	null	null	UNRESOLVED
device_wood_wanxiang_fire_attack_09_pre	device_wood_wanxiang_fire_attack_pre	0	null	null	UNRESOLVED
device_wood_wanxiang_fire_attack_09_recover	device_wood_wanxiang_fire_attack_recover	0	null	null	UNRESOLVED
device_wood_wanxiang_fire_attack_10	device_wood_wanxiang_fire_attack	0	null	null	UNRESOLVED
device_wood_wanxiang_fire_attack_10_pre	device_wood_wanxiang_fire_attack_pre	0	null	null	UNRESOLVED
device_wood_wanxiang_fire_attack_10_recover	device_wood_wanxiang_fire_attack_recover	0	null	null	UNRESOLVED
device_wood_wanxiang_fire_be_execute_01	device_wood_wanxiang_be_execute	0	null	null	UNRESOLVED
device_wood_wanxiang_fire_dead_01	device_wood_wanxiang_dead	0	null	null	UNRESOLVED
device_wood_wanxiang_fire_endurancebreak_01	device_wood_wanxiang_endurancebreak	0	null	null	UNRESOLVED
device_wood_wanxiang_fire_hurt_01	device_wood_wanxiang_hurt	0	null	null	UNRESOLVED
device_wood_wanxiang_fire_idle_01	device_wood_wanxiang_idle	0	null	null	UNRESOLVED
device_wood_wanxiang_fire_to_earth_01	device_wood_wanxiang_fire_transition	0	null	null	UNRESOLVED
device_wood_wanxiang_fire_to_gold_01	device_wood_wanxiang_fire_transition	0	null	null	UNRESOLVED
device_wood_wanxiang_gold_attack_01	device_wood_wanxiang_gold_attack	0	null	null	UNRESOLVED
device_wood_wanxiang_gold_attack_01_pre	device_wood_wanxiang_gold_attack_pre	0	null	null	UNRESOLVED
device_wood_wanxiang_gold_attack_01_recover	device_wood_wanxiang_gold_attack_recover	0	null	null	UNRESOLVED
device_wood_wanxiang_gold_attack_02	device_wood_wanxiang_gold_attack	0	null	null	UNRESOLVED
device_wood_wanxiang_gold_attack_02_pre	device_wood_wanxiang_gold_attack_pre	0	null	null	UNRESOLVED
device_wood_wanxiang_gold_attack_02_recover	device_wood_wanxiang_gold_attack_recover	0	null	null	UNRESOLVED
device_wood_wanxiang_gold_attack_03	device_wood_wanxiang_gold_attack	0	null	null	UNRESOLVED
device_wood_wanxiang_gold_attack_03_pre	device_wood_wanxiang_gold_attack_pre	0	null	null	UNRESOLVED
device_wood_wanxiang_gold_attack_03_recover	device_wood_wanxiang_gold_attack_recover	0	null	null	UNRESOLVED
device_wood_wanxiang_gold_attack_04	device_wood_wanxiang_gold_attack	0	null	null	UNRESOLVED
device_wood_wanxiang_gold_attack_04_pre	device_wood_wanxiang_gold_attack_pre	0	null	null	UNRESOLVED
device_wood_wanxiang_gold_attack_04_recover	device_wood_wanxiang_gold_attack_recover	0	null	null	UNRESOLVED
device_wood_wanxiang_gold_attack_05	device_wood_wanxiang_gold_attack	0	null	null	UNRESOLVED
device_wood_wanxiang_gold_attack_05_pre	device_wood_wanxiang_gold_attack_pre	0	null	null	UNRESOLVED
device_wood_wanxiang_gold_attack_05_recover	device_wood_wanxiang_gold_attack_recover	0	null	null	UNRESOLVED
device_wood_wanxiang_gold_attack_06	device_wood_wanxiang_gold_attack	0	null	null	UNRESOLVED
device_wood_wanxiang_gold_attack_06_pre	device_wood_wanxiang_gold_attack_pre	0	null	null	UNRESOLVED
device_wood_wanxiang_gold_attack_06_recover	device_wood_wanxiang_gold_attack_recover	0	null	null	UNRESOLVED
device_wood_wanxiang_gold_attack_07	device_wood_wanxiang_gold_attack	0	null	null	UNRESOLVED
device_wood_wanxiang_gold_attack_07_pre	device_wood_wanxiang_gold_attack_pre	0	null	null	UNRESOLVED
device_wood_wanxiang_gold_attack_07_recover	device_wood_wanxiang_gold_attack_recover	0	null	null	UNRESOLVED
device_wood_wanxiang_gold_attack_08	device_wood_wanxiang_gold_attack	0	null	null	UNRESOLVED
device_wood_wanxiang_gold_attack_08_pre	device_wood_wanxiang_gold_attack_pre	0	null	null	UNRESOLVED
device_wood_wanxiang_gold_attack_08_recover	device_wood_wanxiang_gold_attack_recover	0	null	null	UNRESOLVED
device_wood_wanxiang_gold_attack_09	device_wood_wanxiang_gold_attack	0	null	null	UNRESOLVED
device_wood_wanxiang_gold_attack_09_pre	device_wood_wanxiang_gold_attack_pre	0	null	null	UNRESOLVED
device_wood_wanxiang_gold_attack_09_recover	device_wood_wanxiang_gold_attack_recover	0	null	null	UNRESOLVED
device_wood_wanxiang_gold_attack_10_pre	device_wood_wanxiang_gold_attack_pre	0	null	null	UNRESOLVED
device_wood_wanxiang_gold_attack_10_recover	device_wood_wanxiang_gold_attack_recover	0	null	null	UNRESOLVED
device_wood_wanxiang_gold_dead_01	device_wood_wanxiang_dead	0	null	null	UNRESOLVED
device_wood_wanxiang_gold_endurancebreak_01	device_wood_wanxiang_endurancebreak	0	null	null	UNRESOLVED
device_wood_wanxiang_gold_hurt_01	device_wood_wanxiang_hurt	0	null	null	UNRESOLVED
device_wood_wanxiang_gold_idle_01	device_wood_wanxiang_idle	0	null	null	UNRESOLVED
device_wood_wanxiang_gold_to_earth_01	device_wood_wanxiang_gold_transition	0	null	null	UNRESOLVED
device_wood_wanxiang_gold_to_fire_01	device_wood_wanxiang_gold_transition	0	null	null	UNRESOLVED
device_wood_wanxiang_gold_to_water_01	device_wood_wanxiang_gold_transition	0	null	null	UNRESOLVED
device_wood_wanxiang_water_attack_01	device_wood_wanxiang_water_attack	0	null	null	UNRESOLVED
device_wood_wanxiang_water_attack_01_pre	device_wood_wanxiang_water_attack_pre	0	null	null	UNRESOLVED
device_wood_wanxiang_water_attack_01_recover	device_wood_wanxiang_water_attack_recover	0	null	null	UNRESOLVED
device_wood_wanxiang_water_attack_03	device_wood_wanxiang_water_attack	0	null	null	UNRESOLVED
device_wood_wanxiang_water_attack_04_recover	device_wood_wanxiang_water_attack_recover	0	null	null	UNRESOLVED
device_wood_wanxiang_water_attack_05_recover	device_wood_wanxiang_water_attack_recover	0	null	null	UNRESOLVED
device_wood_wanxiang_water_attack_06	device_wood_wanxiang_water_attack	0	null	null	UNRESOLVED
device_wood_wanxiang_water_attack_06_recover	device_wood_wanxiang_water_attack_recover	0	null	null	UNRESOLVED
device_wood_wanxiang_water_attack_07_pre	device_wood_wanxiang_water_attack_pre	0	null	null	UNRESOLVED
device_wood_wanxiang_water_attack_07_recover	device_wood_wanxiang_water_attack_recover	0	null	null	UNRESOLVED
device_wood_wanxiang_water_attack_08	device_wood_wanxiang_water_attack	0	null	null	UNRESOLVED
device_wood_wanxiang_water_attack_08_pre	device_wood_wanxiang_water_attack_pre	0	null	null	UNRESOLVED
device_wood_wanxiang_water_attack_08_recover	device_wood_wanxiang_water_attack_recover	0	null	null	UNRESOLVED
device_wood_wanxiang_water_attack_09	device_wood_wanxiang_water_attack	0	null	null	UNRESOLVED
device_wood_wanxiang_water_attack_09_recover	device_wood_wanxiang_water_attack_recover	0	null	null	UNRESOLVED
device_wood_wanxiang_water_attack_10	device_wood_wanxiang_water_attack	0	null	null	UNRESOLVED
device_wood_wanxiang_water_attack_10_pre	device_wood_wanxiang_water_attack_pre	0	null	null	UNRESOLVED
device_wood_wanxiang_water_attack_10_recover	device_wood_wanxiang_water_attack_recover	0	null	null	UNRESOLVED
device_wood_wanxiang_water_be_execute_01	device_wood_wanxiang_be_execute	0	null	null	UNRESOLVED
device_wood_wanxiang_water_dead_01	device_wood_wanxiang_dead	0	null	null	UNRESOLVED
device_wood_wanxiang_water_to_earth_01	device_wood_wanxiang_water_transition	0	null	null	UNRESOLVED
device_wood_wanxiang_water_to_gold_01	device_wood_wanxiang_water_transition	0	null	null	UNRESOLVED
dinner_aim_beam_above_hook_01_shoot_fly_02	dinner_chain_shooting	0	null	null	UNRESOLVED
dinner_aim_beam_above_hook_01_shoot_fly_left_01	dinner_chain_shooting	0	null	null	UNRESOLVED
dinner_aim_beam_above_hook_01_shoot_fly_left_02	dinner_chain_shooting	0	null	null	UNRESOLVED
dinner_aim_beam_above_hook_01_shoot_fly_right_01	dinner_chain_shooting	0	null	null	UNRESOLVED
dinner_aim_beam_above_hook_01_shoot_fly_right_02	dinner_chain_shooting	0	null	null	UNRESOLVED
dinner_aim_beam_above_hook_02_shoot_fly_02	dinner_chain_shooting	0	null	null	UNRESOLVED
dinner_aim_beam_above_hook_02_shoot_fly_left_01	dinner_chain_shooting	0	null	null	UNRESOLVED
dinner_aim_beam_above_hook_02_shoot_fly_left_02	dinner_chain_shooting	0	null	null	UNRESOLVED
dinner_aim_beam_above_hook_02_shoot_fly_right_01	dinner_chain_shooting	0	null	null	UNRESOLVED
dinner_aim_beam_above_hook_02_shoot_fly_right_02	dinner_chain_shooting	0	null	null	UNRESOLVED
dinner_aim_beam_below_hook_01_shoot_fly_01	dinner_chain_shooting	0	null	null	UNRESOLVED
dinner_aim_beam_below_hook_01_shoot_fly_02	dinner_chain_shooting	0	null	null	UNRESOLVED
dinner_aim_beam_below_hook_01_shoot_fly_left_01	dinner_chain_shooting	0	null	null	UNRESOLVED
dinner_aim_beam_below_hook_01_shoot_fly_left_02	dinner_chain_shooting	0	null	null	UNRESOLVED
dinner_aim_beam_below_hook_01_shoot_fly_right_02	dinner_chain_shooting	0	null	null	UNRESOLVED
dinner_aim_beam_below_hook_02_shoot_fly_02	dinner_chain_shooting	0	null	null	UNRESOLVED
dinner_aim_beam_below_hook_02_shoot_fly_right_01	dinner_chain_shooting	0	null	null	UNRESOLVED
dinner_aim_ceiling_hook_shoot_fly_01	dinner_chain_shooting	0	null	null	UNRESOLVED
dinner_aim_ceiling_hook_shoot_fly_left_01	dinner_chain_shooting	0	null	null	UNRESOLVED
dinner_aim_ceiling_hook_shoot_fly_left_02	dinner_chain_shooting	0	null	null	UNRESOLVED
dinner_aim_climb_tree_hook_shoot_fly_left_01	dinner_chain_shooting	0	null	null	UNRESOLVED
dinner_aim_climb_tree_hook_shoot_fly_right_01	dinner_chain_shooting	0	null	null	UNRESOLVED
dinner_aim_climb_tree_hook_shoot_fly_right_02	dinner_chain_shooting	0	null	null	UNRESOLVED
dinner_aim_climb_wall_hook_shoot_fly_left_01	dinner_chain_shooting	0	null	null	UNRESOLVED
dinner_aim_climb_wall_hook_shoot_fly_left_02	dinner_chain_shooting	0	null	null	UNRESOLVED
dinner_aim_crouch_hook_recycle_left_01	dinner_chain_recycle	0	null	null	UNRESOLVED
dinner_aim_crouch_hook_recycle_left_02	dinner_chain_recycle	0	null	null	UNRESOLVED
dinner_aim_crouch_hook_recycle_right_01	dinner_chain_recycle	0	null	null	UNRESOLVED
dinner_aim_crouch_hook_recycle_right_02	dinner_chain_recycle	0	null	null	UNRESOLVED
dinner_aim_crouch_hook_shoot_fly_right_01	dinner_chain_shooting	0	null	null	UNRESOLVED
dinner_aim_crouch_hook_shoot_fly_right_02	dinner_chain_shooting	0	null	null	UNRESOLVED
dinner_aim_hang_wall_hook_shoot_fly_01	dinner_chain_shooting	0	null	null	UNRESOLVED
dinner_aim_hang_wall_hook_shoot_fly_left_01	dinner_chain_shooting	0	null	null	UNRESOLVED
dinner_aim_hang_wall_hook_shoot_fly_left_02	dinner_chain_shooting	0	null	null	UNRESOLVED
dinner_aim_hook_shoot_fly_02	dinner_chain_shooting	0	null	null	UNRESOLVED
dinner_aim_hook_shoot_fly_left_01	dinner_chain_shooting	0	null	null	UNRESOLVED
dinner_aim_hook_shoot_fly_left_02	dinner_chain_shooting	0	null	null	UNRESOLVED
dinner_aim_hook_shoot_fly_right_01	dinner_chain_shooting	0	null	null	UNRESOLVED
dinner_aim_hook_shoot_fly_right_02	dinner_chain_shooting	0	null	null	UNRESOLVED
dinner_aim_hug_wall_hook_shoot_fly_01	dinner_chain_shooting	0	null	null	UNRESOLVED
dinner_aim_hug_wall_hook_shoot_fly_02	dinner_chain_shooting	0	null	null	UNRESOLVED
dinner_aim_hug_wall_hook_shoot_fly_left_01	dinner_chain_shooting	0	null	null	UNRESOLVED
dinner_aim_hug_wall_hook_shoot_fly_left_02	dinner_chain_shooting	0	null	null	UNRESOLVED
dinner_aim_hug_wall_hook_shoot_fly_right_01	dinner_chain_shooting	0	null	null	UNRESOLVED
dinner_aim_hug_wall_hook_shoot_fly_right_02	dinner_chain_shooting	0	null	null	UNRESOLVED
dinner_aim_jump_grapple_jump_01	dinner_chain_grappe	0	null	null	UNRESOLVED
dinner_aim_jump_hook_shoot_fly_left_01	dinner_chain_shooting	0	null	null	UNRESOLVED
dinner_aim_jump_hook_shoot_fly_left_02	dinner_chain_shooting	0	null	null	UNRESOLVED
dinner_aim_jump_hook_shoot_fly_right_01	dinner_chain_shooting	0	null	null	UNRESOLVED
dinner_aim_jump_hook_shoot_fly_right_02	dinner_chain_shooting	0	null	null	UNRESOLVED
dinner_aim_slide_track_hook_recycle_left_01	dinner_chain_recycle	0	null	null	UNRESOLVED
dinner_aim_slide_track_hook_recycle_right_01	dinner_chain_recycle	0	null	null	UNRESOLVED
dinner_aim_slide_track_hook_shoot_01	dinner_chain_shooting	0	null	null	UNRESOLVED
dinner_aim_slide_track_hook_shoot_fly_right_01	dinner_chain_shooting	0	null	null	UNRESOLVED
dinner_aim_slide_track_hook_shoot_right_01	dinner_chain_shooting	0	null	null	UNRESOLVED
dinner_aim_sprint_hook_shoot_fly_01	dinner_chain_shooting	0	null	null	UNRESOLVED
dinner_aim_sprint_hook_shoot_fly_02	dinner_chain_shooting	0	null	null	UNRESOLVED
dinner_aim_sprint_hook_shoot_fly_left_01	dinner_chain_shooting	0	null	null	UNRESOLVED
dinner_aim_sprint_hook_shoot_fly_left_02	dinner_chain_shooting	0	null	null	UNRESOLVED
dinner_aim_sprint_hook_shoot_fly_right_01	dinner_chain_shooting	0	null	null	UNRESOLVED
dinner_aim_sprint_hook_shoot_fly_right_02	dinner_chain_shooting	0	null	null	UNRESOLVED
dinner_aim_surfacewater_hook_recycle_01	dinner_chain_recycle	0	null	null	UNRESOLVED
dinner_aim_surfacewater_hook_recycle_left_01	dinner_chain_recycle	0	null	null	UNRESOLVED
dinner_aim_surfacewater_hook_shoot_right_01	dinner_chain_shooting	0	null	null	UNRESOLVED
dinner_aim_sync_emote_100_01_once	dinner_aim_sync_emote	0	null	null	UNRESOLVED
dinner_aim_sync_emote_100_01_recover	dinner_aim_sync_emote_recover	0	null	null	UNRESOLVED
dinner_aim_sync_emote_100_02_loop	dinner_aim_sync_emote	0	null	null	UNRESOLVED
dinner_aim_sync_emote_100_02_once	dinner_aim_sync_emote	0	null	null	UNRESOLVED
dinner_aim_sync_emote_101_01_once	dinner_aim_sync_emote	0	null	null	UNRESOLVED
dinner_aim_sync_emote_101_01_recover	dinner_aim_sync_emote_recover	0	null	null	UNRESOLVED
dinner_aim_sync_emote_101_02_loop	dinner_aim_sync_emote	0	null	null	UNRESOLVED
dinner_aim_sync_emote_101_02_once	dinner_aim_sync_emote	0	null	null	UNRESOLVED
dinner_aim_sync_emote_102_01_once	dinner_aim_sync_emote	0	null	null	UNRESOLVED
dinner_aim_sync_emote_102_01_recover	dinner_aim_sync_emote_recover	0	null	null	UNRESOLVED
dinner_aim_sync_emote_102_02_loop	dinner_aim_sync_emote	0	null	null	UNRESOLVED
dinner_aim_sync_emote_102_02_once	dinner_aim_sync_emote	0	null	null	UNRESOLVED
dinner_aim_sync_emote_103_01_once	dinner_aim_sync_emote	0	null	null	UNRESOLVED
dinner_aim_sync_emote_103_01_recover	dinner_aim_sync_emote_recover	0	null	null	UNRESOLVED
dinner_aim_sync_emote_103_02_loop	dinner_aim_sync_emote	0	null	null	UNRESOLVED
dinner_aim_sync_emote_103_02_once	dinner_aim_sync_emote	0	null	null	UNRESOLVED
dinner_aim_sync_emote_104_01_once	dinner_aim_sync_emote	0	null	null	UNRESOLVED
dinner_aim_sync_emote_104_01_recover	dinner_aim_sync_emote_recover	0	null	null	UNRESOLVED
dinner_aim_sync_emote_104_02_loop	dinner_aim_sync_emote	0	null	null	UNRESOLVED
dinner_aim_sync_emote_104_02_once	dinner_aim_sync_emote	0	null	null	UNRESOLVED
dinner_aim_sync_emote_105_01_once	dinner_aim_sync_emote	0	null	null	UNRESOLVED
dinner_aim_sync_emote_105_01_recover	dinner_aim_sync_emote_recover	0	null	null	UNRESOLVED
dinner_aim_sync_emote_105_02_loop	dinner_aim_sync_emote	0	null	null	UNRESOLVED
dinner_aim_sync_emote_105_02_once	dinner_aim_sync_emote	0	null	null	UNRESOLVED
dinner_aim_sync_emote_106_01_once	dinner_aim_sync_emote	0	null	null	UNRESOLVED
dinner_aim_sync_emote_106_01_recover	dinner_aim_sync_emote_recover	0	null	null	UNRESOLVED
dinner_aim_sync_emote_106_02_loop	dinner_aim_sync_emote	0	null	null	UNRESOLVED
dinner_aim_sync_emote_106_02_once	dinner_aim_sync_emote	0	null	null	UNRESOLVED
dinner_aim_sync_emote_107_01_once	dinner_aim_sync_emote	0	null	null	UNRESOLVED
dinner_aim_sync_emote_107_01_recover	dinner_aim_sync_emote_recover	0	null	null	UNRESOLVED
dinner_aim_sync_emote_107_02_loop	dinner_aim_sync_emote	0	null	null	UNRESOLVED
dinner_aim_sync_emote_107_02_once	dinner_aim_sync_emote	0	null	null	UNRESOLVED
dinner_aim_sync_emote_108_01_once	dinner_aim_sync_emote	0	null	null	UNRESOLVED
dinner_aim_sync_emote_108_01_recover	dinner_aim_sync_emote_recover	0	null	null	UNRESOLVED
dinner_aim_sync_emote_108_02_loop	dinner_aim_sync_emote	0	null	null	UNRESOLVED
dinner_aim_sync_emote_108_02_once	dinner_aim_sync_emote	0	null	null	UNRESOLVED
dinner_aim_sync_emote_109_01_once	dinner_aim_sync_emote	0	null	null	UNRESOLVED
dinner_aim_sync_emote_109_01_recover	dinner_aim_sync_emote_recover	0	null	null	UNRESOLVED
dinner_aim_sync_emote_109_02_loop	dinner_aim_sync_emote	0	null	null	UNRESOLVED
dinner_aim_sync_emote_109_02_once	dinner_aim_sync_emote	0	null	null	UNRESOLVED
dinner_aim_sync_emote_110_02_loop	dinner_aim_sync_emote	0	null	null	UNRESOLVED
dinner_aim_sync_emote_110_02_once	dinner_aim_sync_emote	0	null	null	UNRESOLVED
dinner_aim_sync_emote_110_02_pre	dinner_aim_sync_emote	0	null	null	UNRESOLVED
dinner_aim_sync_emote_110_02_recover	dinner_aim_sync_emote_recover	0	null	null	UNRESOLVED
dinner_aim_sync_emote_111_02_loop	dinner_aim_sync_emote	0	null	null	UNRESOLVED
dinner_aim_sync_emote_111_02_once	dinner_aim_sync_emote	0	null	null	UNRESOLVED
dinner_aim_sync_emote_111_02_pre	dinner_aim_sync_emote	0	null	null	UNRESOLVED
dinner_aim_sync_emote_111_02_recover	dinner_aim_sync_emote_recover	0	null	null	UNRESOLVED
dinner_aim_sync_emote_112_02_loop	dinner_aim_sync_emote	0	null	null	UNRESOLVED
dinner_aim_sync_emote_112_02_once	dinner_aim_sync_emote	0	null	null	UNRESOLVED
dinner_aim_sync_emote_112_02_pre	dinner_aim_sync_emote	0	null	null	UNRESOLVED
dinner_aim_sync_emote_112_02_recover	dinner_aim_sync_emote_recover	0	null	null	UNRESOLVED
dinner_aim_sync_emote_113_02_loop	dinner_aim_sync_emote	0	null	null	UNRESOLVED
dinner_aim_sync_emote_113_02_once	dinner_aim_sync_emote	0	null	null	UNRESOLVED
dinner_aim_sync_emote_113_02_pre	dinner_aim_sync_emote	0	null	null	UNRESOLVED
dinner_aim_sync_emote_113_02_recover	dinner_aim_sync_emote_recover	0	null	null	UNRESOLVED
dinner_aim_sync_emote_114_02_loop	dinner_aim_sync_emote	0	null	null	UNRESOLVED
dinner_aim_sync_emote_114_02_once	dinner_aim_sync_emote	0	null	null	UNRESOLVED
dinner_aim_sync_emote_114_02_pre	dinner_aim_sync_emote	0	null	null	UNRESOLVED
dinner_aim_sync_emote_114_02_recover	dinner_aim_sync_emote_recover	0	null	null	UNRESOLVED
dinner_aim_sync_emote_115_02_loop	dinner_aim_sync_emote	0	null	null	UNRESOLVED
dinner_aim_sync_emote_115_02_once	dinner_aim_sync_emote	0	null	null	UNRESOLVED
dinner_aim_sync_emote_115_02_pre	dinner_aim_sync_emote	0	null	null	UNRESOLVED
dinner_aim_sync_emote_115_02_recover	dinner_aim_sync_emote_recover	0	null	null	UNRESOLVED
dinner_aim_sync_emote_116_02_loop	dinner_aim_sync_emote	0	null	null	UNRESOLVED
dinner_aim_sync_emote_116_02_once	dinner_aim_sync_emote	0	null	null	UNRESOLVED
dinner_aim_sync_emote_116_02_pre	dinner_aim_sync_emote	0	null	null	UNRESOLVED
dinner_aim_sync_emote_116_02_recover	dinner_aim_sync_emote_recover	0	null	null	UNRESOLVED
dinner_aim_sync_emote_117_02_loop	dinner_aim_sync_emote	0	null	null	UNRESOLVED
dinner_aim_sync_emote_117_02_once	dinner_aim_sync_emote	0	null	null	UNRESOLVED
dinner_aim_sync_emote_117_02_pre	dinner_aim_sync_emote	0	null	null	UNRESOLVED
dinner_aim_sync_emote_117_02_recover	dinner_aim_sync_emote_recover	0	null	null	UNRESOLVED
dinner_aim_sync_emote_118_02_loop	dinner_aim_sync_emote	0	null	null	UNRESOLVED
dinner_aim_sync_emote_118_02_once	dinner_aim_sync_emote	0	null	null	UNRESOLVED
dinner_aim_sync_emote_118_02_pre	dinner_aim_sync_emote	0	null	null	UNRESOLVED
dinner_aim_sync_emote_118_02_recover	dinner_aim_sync_emote_recover	0	null	null	UNRESOLVED
dinner_aim_sync_emote_119_02_loop	dinner_aim_sync_emote	0	null	null	UNRESOLVED
dinner_aim_sync_emote_119_02_once	dinner_aim_sync_emote	0	null	null	UNRESOLVED
dinner_aim_sync_emote_119_02_pre	dinner_aim_sync_emote	0	null	null	UNRESOLVED
dinner_aim_sync_emote_119_02_recover	dinner_aim_sync_emote_recover	0	null	null	UNRESOLVED
dinner_aim_underwater_hook_recycle_left_01	dinner_chain_recycle	0	null	null	UNRESOLVED
dinner_aim_underwater_hook_shoot_fly_01	dinner_chain_shooting	0	null	null	UNRESOLVED
dinner_aim_underwater_hook_shoot_fly_left_01	dinner_chain_shooting	0	null	null	UNRESOLVED
dinner_aim_underwater_hook_shoot_left_01	dinner_chain_shooting	0	null	null	UNRESOLVED
dinner_aim_underwater_hook_shoot_right_01	dinner_chain_shooting	0	null	null	UNRESOLVED
dinner_aim_walk_wall_hook_shoot_fly_left_01	dinner_chain_shooting	0	null	null	UNRESOLVED
dinner_aim_walk_wall_hook_shoot_fly_left_02	dinner_chain_shooting	0	null	null	UNRESOLVED
dinner_air_anchor_interact_1	dinner_air_anchor_interact	0	null	null	UNRESOLVED
dinner_air_anchor_interact_2	dinner_air_anchor_interact	0	null	null	UNRESOLVED
dinner_air_anchor_interact_4	dinner_air_anchor_interact	0	null	null	UNRESOLVED
dinner_air_to_surfacewater_01_battle	dinner_enter_surfacewater	0	null	null	UNRESOLVED
dinner_air_to_underwater_01	dinner_enter_underwater	0	null	null	UNRESOLVED
dinner_airflow_down_to_land_01	dinner_airflow_down_to_land	0	null	null	UNRESOLVED
dinner_airflow_flying_01	dinner_airflow_flying	0	null	null	UNRESOLVED
dinner_airflow_rush_01	dinner_airflow_rush	0	null	null	UNRESOLVED
dinner_airflying_down_loop_01	dinner_down_loop	0	null	null	UNRESOLVED
dinner_airflying_down_to_land_01	dinner_land	0	null	null	UNRESOLVED
dinner_airflying_trigger_01	dinner_airflying_trigger	0	null	null	UNRESOLVED
dinner_airhike_down_01	dinner_airhike	0	null	null	UNRESOLVED
dinner_airtowater_dodge_back	dinner_airtowater_dodge	0	null	null	UNRESOLVED
dinner_airtowater_dodge_right	dinner_airtowater_dodge	0	null	null	UNRESOLVED
dinner_airtowater_dodge_to_skimming_back	dinner_airtowater_dodge_to_skimming	0	null	null	UNRESOLVED
dinner_airtowater_dodge_to_skimming_front	dinner_airtowater_dodge_to_skimming	0	null	null	UNRESOLVED
dinner_airtowater_dodge_to_skimming_left	dinner_airtowater_dodge_to_skimming	0	null	null	UNRESOLVED
dinner_airtowater_dodge_to_skimming_right	dinner_airtowater_dodge_to_skimming	0	null	null	UNRESOLVED
dinner_appear_100_once	dinner_appear_once	0	null	null	UNRESOLVED
dinner_appear_101_once	dinner_appear_once	0	null	null	UNRESOLVED
dinner_appear_102_once	dinner_appear_once	0	null	null	UNRESOLVED
dinner_appear_103_once	dinner_appear_once	0	null	null	UNRESOLVED
dinner_appear_104_once	dinner_appear_once	0	null	null	UNRESOLVED
dinner_appear_105_once	dinner_appear_once	0	null	null	UNRESOLVED
dinner_appear_106_once	dinner_appear_once	0	null	null	UNRESOLVED
dinner_appear_107_once	dinner_appear_once	0	null	null	UNRESOLVED
dinner_appear_108_once	dinner_appear_once	0	null	null	UNRESOLVED
dinner_appear_109_once	dinner_appear_once	0	null	null	UNRESOLVED
dinner_appear_110_loop	dinner_appear_loop	0	null	null	UNRESOLVED
dinner_appear_110_once	dinner_appear_once	0	null	null	UNRESOLVED
dinner_appear_110_pre	dinner_appear_pre	0	null	null	UNRESOLVED
dinner_assassin_rush_01	dinner_assassin_rush	0	null	null	UNRESOLVED
dinner_attack_loop_logic_1	dinner_attack_loop_logic	5	null	null	UNRESOLVED
dinner_attack_loop_logic_2	dinner_attack_loop_logic	5	null	null	UNRESOLVED
dinner_attack_loop_logic_7	dinner_attack_loop_logic	5	null	null	UNRESOLVED
dinner_attack_loop_logic_8	dinner_attack_loop_logic	5	null	null	UNRESOLVED
dinner_attack_loop_logic_9	dinner_attack_loop_logic	5	null	null	UNRESOLVED
dinner_auto_skill_1	dinner_auto_skill	0	null	null	UNRESOLVED
dinner_auto_skill_11	dinner_auto_skill	0	null	null	UNRESOLVED
dinner_auto_skill_12	dinner_auto_skill	0	null	null	UNRESOLVED
dinner_auto_skill_14	dinner_auto_skill	0	null	null	UNRESOLVED
dinner_auto_skill_17	dinner_auto_skill	0	null	null	UNRESOLVED
dinner_auto_skill_19	dinner_auto_skill	0	null	null	UNRESOLVED
dinner_auto_skill_2	dinner_auto_skill	0	null	null	UNRESOLVED
dinner_auto_skill_3	dinner_auto_skill	0	null	null	UNRESOLVED
dinner_auto_skill_4	dinner_auto_skill	0	null	null	UNRESOLVED
dinner_auto_skill_5	dinner_auto_skill	0	null	null	UNRESOLVED
dinner_auto_skill_6	dinner_auto_skill	0	null	null	UNRESOLVED
dinner_auto_skill_7	dinner_auto_skill	0	null	null	UNRESOLVED
dinner_auto_skill_8	dinner_auto_skill	0	null	null	UNRESOLVED
dinner_auto_skill_9	dinner_auto_skill	0	null	null	UNRESOLVED
dinner_barrel	dinner_barrel	0	null	null	UNRESOLVED
dinner_barrel_inertia	dinner_inertia	0	null	null	UNRESOLVED
dinner_barrel_left_step_down_01	dinner_barrel_step_down	0	null	null	UNRESOLVED
dinner_barrel_right_push_01	dinner_barrel_push	0	null	null	UNRESOLVED
dinner_barrel_start	dinner_barrel_start	0	null	null	UNRESOLVED
dinner_barrel_step_down_inertia_01	dinner_barrel_step_down_inertia	0	null	null	UNRESOLVED
dinner_barrel_step_down_inertia_02	dinner_barrel_step_down_inertia	0	null	null	UNRESOLVED
dinner_bathing_enter_01	dinner_bathing_enter	0	null	null	UNRESOLVED
dinner_bathing_enter_02	dinner_bathing_enter	0	null	null	UNRESOLVED
dinner_bathing_enter_03	dinner_bathing_enter	0	null	null	UNRESOLVED
dinner_bathing_exit_01	dinner_bathing_exit	0	null	null	UNRESOLVED
dinner_battle_ready_01	dinner_born	0	null	null	UNRESOLVED
dinner_be_controlled_out_102	dinner_be_controlled_exit	0	null	null	UNRESOLVED
dinner_be_controlled_out_104	dinner_be_controlled_exit	0	null	null	UNRESOLVED
dinner_be_controlled_out_105	dinner_be_controlled_exit	0	null	null	UNRESOLVED
dinner_be_controlled_out_107	dinner_be_controlled_exit	0	null	null	UNRESOLVED
dinner_be_controlled_out_108	dinner_be_controlled_exit	0	null	null	UNRESOLVED
dinner_be_controlled_out_air_100	dinner_be_controlled_exit	0	null	null	UNRESOLVED
dinner_be_controlled_out_air_102	dinner_be_controlled_exit	0	null	null	UNRESOLVED
dinner_be_controlled_out_air_103	dinner_be_controlled_exit	0	null	null	UNRESOLVED
dinner_be_controlled_out_air_105	dinner_be_controlled_exit	0	null	null	UNRESOLVED
dinner_be_controlled_out_air_108	dinner_be_controlled_exit	0	null	null	UNRESOLVED
dinner_be_controlled_out_air_110	dinner_be_controlled_exit	0	null	null	UNRESOLVED
dinner_be_seized_weapon_02	dinner_be_seized_weapon	0	null	null	UNRESOLVED
dinner_be_special_bounce_10	dinner_be_special_bounce	0	null	null	UNRESOLVED
dinner_be_special_bounce_2	dinner_be_special_bounce	0	null	null	UNRESOLVED
dinner_be_special_bounce_4	dinner_be_special_bounce	0	null	null	UNRESOLVED
dinner_be_special_bounce_5	dinner_be_special_bounce	0	null	null	UNRESOLVED
dinner_be_special_bounce_7	dinner_be_special_bounce	0	null	null	UNRESOLVED
dinner_be_special_bounce_8	dinner_be_special_bounce	0	null	null	UNRESOLVED
dinner_be_tiger_dashed_1	dinner_be_tiger_dashed	0	null	null	UNRESOLVED
dinner_beam_above_dodge_01_battle	dinner_beam_above_dodge	0	null	null	UNRESOLVED
dinner_beam_above_dodge_back_01	dinner_beam_above_dodge	0	null	null	UNRESOLVED
dinner_beam_above_dril_grapple_glide_01	dinner_dril_grappe	0	null	null	UNRESOLVED
dinner_beam_above_dril_grapple_glide_02	dinner_dril_grappe	0	null	null	UNRESOLVED
dinner_beam_above_idle_01	dinner_beam_above_idle	0	null	null	UNRESOLVED
dinner_beam_above_idle_01_battle	dinner_beam_above_idle	0	null	null	UNRESOLVED
dinner_beam_above_idle_02	dinner_beam_above_idle	0	null	null	UNRESOLVED
dinner_beam_above_idle_02_battle	dinner_beam_above_idle	0	null	null	UNRESOLVED
dinner_beam_above_idle_inertia_01	dinner_beam_above_inertia	0	null	null	UNRESOLVED
dinner_beam_above_idle_inertia_01_battle	dinner_beam_above_inertia	0	null	null	UNRESOLVED
dinner_beam_above_idle_inertia_02	dinner_beam_above_inertia	0	null	null	UNRESOLVED
dinner_beam_above_idle_inertia_02_battle	dinner_beam_above_inertia	0	null	null	UNRESOLVED
dinner_beam_above_idle_look_down_01	dinner_beam_above_idle	0	null	null	UNRESOLVED
dinner_beam_above_idle_look_down_02	dinner_beam_above_idle	0	null	null	UNRESOLVED
dinner_beam_above_idle_switch12_left_01_battle	dinner_beam_above_idle_turn	0	null	null	UNRESOLVED
dinner_beam_above_idle_switch12_right_01_battle	dinner_beam_above_idle_turn	0	null	null	UNRESOLVED
dinner_beam_above_idle_switch21_left_01	dinner_beam_above_idle_turn	0	null	null	UNRESOLVED
dinner_beam_above_idle_switch21_left_01_battle	dinner_beam_above_idle_turn	0	null	null	UNRESOLVED
dinner_beam_above_idle_switch21_right_01	dinner_beam_above_idle_turn	0	null	null	UNRESOLVED
dinner_beam_above_idle_switch21_right_01_battle	dinner_beam_above_idle_turn	0	null	null	UNRESOLVED
dinner_beam_above_idle_turn_back_01_battle	dinner_beam_above_idle_turn	0	null	null	UNRESOLVED
dinner_beam_above_idle_turn_back_02_battle	dinner_beam_above_idle_turn	0	null	null	UNRESOLVED
dinner_beam_above_jump_far_inertia_left_01	dinner_beam_above_jump_inertia	0	null	null	UNRESOLVED
dinner_beam_above_jump_far_inertia_right_01	dinner_beam_above_jump_inertia	0	null	null	UNRESOLVED
dinner_beam_above_jump_near_inertia_left_01	dinner_beam_above_jump_inertia	0	null	null	UNRESOLVED
dinner_beam_above_jump_near_inertia_right_01	dinner_beam_above_jump_inertia	0	null	null	UNRESOLVED
dinner_beam_above_jump_near_left_01	dinner_scene_grab	0	null	null	UNRESOLVED
dinner_beam_above_run_01	dinner_beam_above_run	0	null	null	UNRESOLVED
dinner_beam_above_run_01_battle	dinner_beam_above_run	0	null	null	UNRESOLVED
dinner_beam_above_run_back_01	dinner_beam_above_run	0	null	null	UNRESOLVED
dinner_beam_above_run_inertia_right_01	dinner_beam_above_inertia	0	null	null	UNRESOLVED
dinner_beam_above_run_inertia_right_01_battle	dinner_beam_above_inertia	0	null	null	UNRESOLVED
dinner_beam_above_shoot_01	dinner_dril_shoot	0	null	null	UNRESOLVED
dinner_beam_above_shoot_02	dinner_dril_shoot	0	null	null	UNRESOLVED
dinner_beam_above_shoot_left_01	dinner_dril_shoot	0	null	null	UNRESOLVED
dinner_beam_above_shoot_left_02	dinner_dril_shoot	0	null	null	UNRESOLVED
dinner_beam_above_shoot_right_01	dinner_dril_shoot	0	null	null	UNRESOLVED
dinner_beam_above_sprint_inertia_left_01	dinner_beam_above_inertia	0	null	null	UNRESOLVED
dinner_beam_above_walk_01	dinner_beam_above_walk	0	null	null	UNRESOLVED
dinner_beam_above_walk_inertia_left_01	dinner_beam_above_inertia	0	null	null	UNRESOLVED
dinner_beam_above_walk_inertia_right_01_battle	dinner_beam_above_inertia	0	null	null	UNRESOLVED
dinner_beam_below_idle_inertia_01	dinner_beam_below_inertia	0	null	null	UNRESOLVED
dinner_beam_below_idle_inertia_02	dinner_beam_below_inertia	0	null	null	UNRESOLVED
dinner_beam_below_idle_look_down_01	dinner_beam_below_idle	0	null	null	UNRESOLVED
dinner_beam_below_idle_look_down_02	dinner_beam_below_idle	0	null	null	UNRESOLVED
dinner_beam_below_idle_look_right_01	dinner_beam_below_idle	0	null	null	UNRESOLVED
dinner_beam_below_idle_switch12_right_01	dinner_beam_below_turn	0	null	null	UNRESOLVED
dinner_beam_below_idle_switch_left_01	dinner_beam_below_turn	0	null	null	UNRESOLVED
dinner_beam_below_idle_switch_right_01	dinner_beam_below_turn	0	null	null	UNRESOLVED
dinner_beam_below_move_01	dinner_beam_below_move	0	null	null	UNRESOLVED
dinner_beam_below_shoot_01	dinner_dril_shoot	0	null	null	UNRESOLVED
dinner_beam_below_shoot_02	dinner_dril_shoot	0	null	null	UNRESOLVED
dinner_beam_below_shoot_right_02	dinner_dril_shoot	0	null	null	UNRESOLVED
dinner_beam_below_swing_02	dinner_scene_grab	0	null	null	UNRESOLVED
dinner_beam_below_swing_to_beam_above_01	dinner_scene_grab	0	null	null	UNRESOLVED
dinner_beam_below_swing_to_beam_below_left_02	dinner_scene_grab	0	null	null	UNRESOLVED
dinner_beam_below_swing_to_beam_below_right_inertia_02	dinner_beam_below_swing_inertia	0	null	null	UNRESOLVED
dinner_beam_below_swing_to_climb_wall_02	dinner_scene_grab	0	null	null	UNRESOLVED
dinner_beam_below_to_climb_tree_01	dinner_climb_tree_in	0	null	null	UNRESOLVED
dinner_beam_below_to_climb_wall_01	dinner_hang_wall_in	0	null	null	UNRESOLVED
dinner_beam_below_to_hang_wall_01	dinner_hang_wall_in	0	null	null	UNRESOLVED
dinner_beam_switch_jump_out_01	dinner_jump_out_trigger	0	null	null	UNRESOLVED
dinner_beam_try_to_switch_ba_01	dinner_beam_below_idle	0	null	null	UNRESOLVED
dinner_beam_try_to_switch_ba_02	dinner_beam_below_idle	0	null	null	UNRESOLVED
dinner_becatched_by_hook_back_10	dinner_becatched_by_hook	0	null	null	UNRESOLVED
dinner_becatched_by_hook_back_15	dinner_becatched_by_hook	0	null	null	UNRESOLVED
dinner_becatched_by_hook_back_16	dinner_becatched_by_hook	0	null	null	UNRESOLVED
dinner_becatched_by_hook_back_17	dinner_becatched_by_hook	0	null	null	UNRESOLVED
dinner_becatched_by_hook_back_18	dinner_becatched_by_hook	0	null	null	UNRESOLVED
dinner_becatched_by_hook_back_20	dinner_becatched_by_hook	0	null	null	UNRESOLVED
dinner_becatched_by_hook_ineria_1	dinner_becatched_by_hook	0	null	null	UNRESOLVED
dinner_becatched_by_hook_ineria_10	dinner_becatched_by_hook	0	null	null	UNRESOLVED
dinner_becatched_by_hook_ineria_11	dinner_becatched_by_hook	0	null	null	UNRESOLVED
dinner_becatched_by_hook_ineria_12	dinner_becatched_by_hook	0	null	null	UNRESOLVED
dinner_becatched_by_hook_ineria_17	dinner_becatched_by_hook	0	null	null	UNRESOLVED
dinner_becatched_by_hook_ineria_18	dinner_becatched_by_hook	0	null	null	UNRESOLVED
dinner_becatched_by_hook_ineria_2	dinner_becatched_by_hook	0	null	null	UNRESOLVED
dinner_becatched_by_hook_ineria_20	dinner_becatched_by_hook	0	null	null	UNRESOLVED
dinner_becatched_by_hook_ineria_3	dinner_becatched_by_hook	0	null	null	UNRESOLVED
dinner_becatched_by_hook_ineria_4	dinner_becatched_by_hook	0	null	null	UNRESOLVED
dinner_becatched_by_hook_ineria_5	dinner_becatched_by_hook	0	null	null	UNRESOLVED
dinner_becatched_by_hook_ineria_6	dinner_becatched_by_hook	0	null	null	UNRESOLVED
dinner_becatched_by_hook_ineria_7	dinner_becatched_by_hook	0	null	null	UNRESOLVED
dinner_becatched_by_hook_ineria_8	dinner_becatched_by_hook	0	null	null	UNRESOLVED
dinner_becatched_by_hook_ineria_9	dinner_becatched_by_hook	0	null	null	UNRESOLVED
dinner_becatched_by_hook_out_1	dinner_becatched_by_hook_out	0	null	null	UNRESOLVED
dinner_becatched_by_hook_out_4	dinner_becatched_by_hook_out	0	null	null	UNRESOLVED
dinner_becatched_by_hook_out_6	dinner_becatched_by_hook_out	0	null	null	UNRESOLVED
dinner_becatched_by_hook_out_7	dinner_becatched_by_hook_out	0	null	null	UNRESOLVED
dinner_becatched_by_hook_out_9	dinner_becatched_by_hook_out	0	null	null	UNRESOLVED
dinner_becatched_by_zombie_out_01	dinner_becatched_by_zombie_out	0	null	null	UNRESOLVED
dinner_boost_evacuate_alchemy_01_loop	dinner_interaction_device	0	null	null	UNRESOLVED
dinner_boost_evacuate_alchemy_01_pre	dinner_interaction_device	0	null	null	UNRESOLVED
dinner_boost_evacuate_alchemy_01_recover	dinner_interaction_device	0	null	null	UNRESOLVED
dinner_bounce_01	dinner_bounce	0	null	null	UNRESOLVED
dinner_bounce_02	dinner_bounce	0	null	null	UNRESOLVED
dinner_bounce_04	dinner_bounce	0	null	null	UNRESOLVED
dinner_bounce_06	dinner_bounce	0	null	null	UNRESOLVED
dinner_bounce_07	dinner_bounce	0	null	null	UNRESOLVED
dinner_bounce_floating_01	dinner_bounce	0	null	null	UNRESOLVED
dinner_bow_hold_beam_idle_02	dinner_bow_beam_above_idle	0	null	null	UNRESOLVED
dinner_bow_hold_beam_idle_inertia_01	dinner_bow_beam_above_inertia	0	null	null	UNRESOLVED
dinner_bow_hold_beam_idle_switch12_left_01	dinner_bow_beam_above_idle_turn	0	null	null	UNRESOLVED
dinner_bow_hold_beam_idle_switch21_left_01	dinner_bow_beam_above_idle_turn	0	null	null	UNRESOLVED
dinner_bow_hold_beam_move_front_01	dinner_bow_beam_above_run	0	null	null	UNRESOLVED
dinner_bow_hold_beam_move_inertia_back_right_01	dinner_bow_beam_above_inertia	0	null	null	UNRESOLVED
dinner_bow_hold_beam_move_inertia_left_left_01	dinner_bow_beam_above_inertia	0	null	null	UNRESOLVED
dinner_bow_hold_beam_move_inertia_left_right_01	dinner_bow_beam_above_inertia	0	null	null	UNRESOLVED
dinner_bow_hold_beam_move_inertia_right_right_01	dinner_bow_beam_above_inertia	0	null	null	UNRESOLVED
dinner_bow_hold_beam_move_left_01	dinner_bow_beam_above_run	0	null	null	UNRESOLVED
dinner_bow_hold_crouch_idle	dinner_bow_hold_crouch_idle	0	null	null	UNRESOLVED
dinner_bow_hold_crouch_move	dinner_bow_hold_crouch_move	0	null	null	UNRESOLVED
dinner_bow_hold_crouch_move_inertia_back_left	dinner_bow_hold_crouch_move_inertia	0	null	null	UNRESOLVED
dinner_bow_hold_crouch_move_inertia_back_right	dinner_bow_hold_crouch_move_inertia	0	null	null	UNRESOLVED
dinner_bow_hold_crouch_move_inertia_left_right	dinner_bow_hold_crouch_move_inertia	0	null	null	UNRESOLVED
dinner_bow_hold_crouch_move_inertia_right_left	dinner_bow_hold_crouch_move_inertia	0	null	null	UNRESOLVED
dinner_bow_hold_dodge_right	dinner_bow_hold_dodge	0	null	null	UNRESOLVED
dinner_bow_hold_glide_01	dinner_bow_hold_glide	0	null	null	UNRESOLVED
dinner_bow_hold_idle	dinner_bow_hold_idle	0	null	null	UNRESOLVED
dinner_bow_hold_jump_back_up_01	dinner_bow_hold_jump	0	null	null	UNRESOLVED
dinner_bow_hold_jump_down_01	dinner_bow_hold_jump_down	0	null	null	UNRESOLVED
dinner_bow_hold_jump_front_down_01	dinner_bow_hold_jump_down	0	null	null	UNRESOLVED
dinner_bow_hold_jump_front_down_to_land_02	dinner_bow_hold_land	0	null	null	UNRESOLVED
dinner_bow_hold_jump_left_down_to_land_01	dinner_bow_hold_land	0	null	null	UNRESOLVED
dinner_bow_hold_jump_left_down_to_land_02	dinner_bow_hold_land	0	null	null	UNRESOLVED
dinner_bow_hold_jump_left_up_01	dinner_bow_hold_jump	0	null	null	UNRESOLVED
dinner_bow_hold_jump_right_down_to_land_02	dinner_bow_hold_land	0	null	null	UNRESOLVED
dinner_bow_hold_jump_right_up_01	dinner_bow_hold_jump	0	null	null	UNRESOLVED
dinner_bow_hold_move_2d	dinner_bow_hold_move	0	null	null	UNRESOLVED
dinner_bow_hold_move_inertia_back_right	dinner_bow_hold_move_inertia	0	null	null	UNRESOLVED
dinner_bow_hold_move_inertia_front_left	dinner_bow_hold_move_inertia	0	null	null	UNRESOLVED
dinner_bow_hold_stereo_dodge_back_double	dinner_bow_hold_stereo_dodge	0	null	null	UNRESOLVED
dinner_bow_hold_stereo_dodge_front	dinner_bow_hold_stereo_dodge	0	null	null	UNRESOLVED
dinner_bow_hold_stereo_dodge_left_double	dinner_bow_hold_stereo_dodge	0	null	null	UNRESOLVED
dinner_bow_hold_stereo_dodge_right	dinner_bow_hold_stereo_dodge	0	null	null	UNRESOLVED
dinner_bow_hold_turn	dinner_bow_hold_turn	0	null	null	UNRESOLVED
dinner_bronzegate_wave_snow_01	dinner_bronzegate_wave_snow	0	null	null	UNRESOLVED
dinner_capture_gain_sword_01	dinner_main_tomb_gain_sword	0	null	null	UNRESOLVED
dinner_carry_device_off_01	dinner_carry_device_off	0	null	null	UNRESOLVED
dinner_catapult_exit_right_01	dinner_catapult_exit	0	null	null	UNRESOLVED
dinner_catapult_interacting_01	dinner_catapult_interacting	0	null	null	UNRESOLVED
dinner_catapult_interacting_turn_right_01	dinner_catapult_interacting	0	null	null	UNRESOLVED
dinner_catapult_shoot_fly_to_down_01	dinner_catapult_shoot_fly_down	0	null	null	UNRESOLVED
dinner_catapult_shoot_fly_to_land_01	dinner_catapult_shoot_fly_land	0	null	null	UNRESOLVED
dinner_ceiling_dodge_back_01	dinner_scene_grab	0	null	null	UNRESOLVED
dinner_ceiling_dodge_right_01	dinner_scene_grab	0	null	null	UNRESOLVED
dinner_ceiling_dril_shoot_right_01	dinner_dril_shoot	0	null	null	UNRESOLVED
dinner_ceiling_idle_down_01	dinner_ceiling_down	0	null	null	UNRESOLVED
dinner_ceiling_idle_in_01	dinner_ceiling_idle	0	null	null	UNRESOLVED
dinner_ceiling_idle_jump_loop_01	dinner_ceiling_jump	0	null	null	UNRESOLVED
dinner_ceiling_idle_jump_right_01	dinner_scene_grab	0	null	null	UNRESOLVED
dinner_ceiling_idle_jump_up_01	dinner_ceiling_jump	0	null	null	UNRESOLVED
dinner_ceiling_idle_turn_back_01	dinner_ceiling_turn	0	null	null	UNRESOLVED
dinner_ceiling_idle_turn_left_01	dinner_ceiling_turn	0	null	null	UNRESOLVED
dinner_ceiling_move_inertia_right_01	dinner_ceiling_move	0	null	null	UNRESOLVED
dinner_chain_beam_above_hook_01_grapple_glide_01	dinner_chain_grappe	0	null	null	UNRESOLVED
dinner_chain_beam_above_hook_01_grapple_to_target_01	dinner_chain_grapple_to_target	0	null	null	UNRESOLVED
dinner_chain_beam_above_hook_01_grapple_to_target_02	dinner_chain_grapple_to_target	0	null	null	UNRESOLVED
dinner_chain_beam_above_hook_01_grapple_to_target_left_01	dinner_chain_grapple_to_target	0	null	null	UNRESOLVED
dinner_chain_beam_above_hook_01_grapple_to_target_left_02	dinner_chain_grapple_to_target	0	null	null	UNRESOLVED
dinner_chain_beam_above_hook_01_grapple_to_target_right_02	dinner_chain_grapple_to_target	0	null	null	UNRESOLVED
dinner_chain_beam_above_hook_01_recycle_01	dinner_chain_recycle	0	null	null	UNRESOLVED
dinner_chain_beam_above_hook_01_shoot_02	dinner_chain_shooting	0	null	null	UNRESOLVED
dinner_chain_beam_above_hook_01_shoot_left_01	dinner_chain_shooting	0	null	null	UNRESOLVED
dinner_chain_beam_above_hook_01_shoot_left_02	dinner_chain_shooting	0	null	null	UNRESOLVED
dinner_chain_beam_above_hook_01_shoot_right_01	dinner_chain_shooting	0	null	null	UNRESOLVED
dinner_chain_beam_above_hook_02_grapple_glide_01	dinner_chain_grappe	0	null	null	UNRESOLVED
dinner_chain_beam_above_hook_02_grapple_to_target_right_01	dinner_chain_grapple_to_target	0	null	null	UNRESOLVED
dinner_chain_beam_above_hook_02_recycle_01	dinner_chain_recycle	0	null	null	UNRESOLVED
dinner_chain_beam_above_hook_02_shoot_02	dinner_chain_shooting	0	null	null	UNRESOLVED
dinner_chain_beam_above_hook_02_shoot_right_01	dinner_chain_shooting	0	null	null	UNRESOLVED
dinner_chain_beam_above_hook_02_shoot_right_02	dinner_chain_shooting	0	null	null	UNRESOLVED
dinner_chain_beam_below_hook_01_grapple_glide_01	dinner_chain_grappe	0	null	null	UNRESOLVED
dinner_chain_beam_below_hook_01_grapple_to_target_02	dinner_chain_grapple_to_target	0	null	null	UNRESOLVED
dinner_chain_beam_below_hook_01_recycle_01	dinner_chain_recycle	0	null	null	UNRESOLVED
dinner_chain_beam_below_hook_01_recycle_02	dinner_chain_recycle	0	null	null	UNRESOLVED
dinner_chain_beam_below_hook_01_recycle_left_01	dinner_chain_recycle	0	null	null	UNRESOLVED
dinner_chain_beam_below_hook_01_recycle_left_02	dinner_chain_recycle	0	null	null	UNRESOLVED
dinner_chain_beam_below_hook_01_recycle_right_01	dinner_chain_recycle	0	null	null	UNRESOLVED
dinner_chain_beam_below_hook_01_recycle_right_02	dinner_chain_recycle	0	null	null	UNRESOLVED
dinner_chain_beam_below_hook_01_shoot_left_01	dinner_chain_shooting	0	null	null	UNRESOLVED
dinner_chain_beam_below_hook_01_shoot_left_02	dinner_chain_shooting	0	null	null	UNRESOLVED
dinner_chain_beam_below_hook_01_shoot_right_01	dinner_chain_shooting	0	null	null	UNRESOLVED
dinner_chain_beam_below_hook_02_grapple_glide_02	dinner_chain_grappe	0	null	null	UNRESOLVED
dinner_chain_beam_below_hook_02_recycle_01	dinner_chain_recycle	0	null	null	UNRESOLVED
dinner_chain_beam_below_hook_02_recycle_02	dinner_chain_recycle	0	null	null	UNRESOLVED
dinner_chain_beam_below_hook_02_recycle_left_01	dinner_chain_recycle	0	null	null	UNRESOLVED
dinner_chain_beam_below_hook_02_recycle_left_02	dinner_chain_recycle	0	null	null	UNRESOLVED
dinner_chain_beam_below_hook_02_recycle_right_02	dinner_chain_recycle	0	null	null	UNRESOLVED
dinner_chain_beam_below_hook_02_shoot_right_02	dinner_chain_shooting	0	null	null	UNRESOLVED
dinner_chain_ceiling_hook_grapple_glide_01	dinner_chain_grappe	0	null	null	UNRESOLVED
dinner_chain_ceiling_hook_grapple_glide_02	dinner_chain_grappe	0	null	null	UNRESOLVED
dinner_chain_ceiling_hook_grapple_jump_01	dinner_chain_grappe	0	null	null	UNRESOLVED
dinner_chain_ceiling_hook_grapple_jump_02	dinner_chain_grappe	0	null	null	UNRESOLVED
dinner_chain_ceiling_hook_grapple_to_target_02	dinner_chain_grapple_to_target	0	null	null	UNRESOLVED
dinner_chain_ceiling_hook_grapple_to_target_right_01	dinner_chain_grapple_to_target	0	null	null	UNRESOLVED
dinner_chain_ceiling_hook_recycle_02	dinner_chain_recycle	0	null	null	UNRESOLVED
dinner_chain_ceiling_hook_recycle_left_01	dinner_chain_recycle	0	null	null	UNRESOLVED
dinner_chain_ceiling_hook_recycle_left_02	dinner_chain_recycle	0	null	null	UNRESOLVED
dinner_chain_ceiling_hook_recycle_right_01	dinner_chain_recycle	0	null	null	UNRESOLVED
dinner_chain_ceiling_hook_recycle_right_02	dinner_chain_recycle	0	null	null	UNRESOLVED
dinner_chain_ceiling_hook_shoot_01	dinner_chain_shooting	0	null	null	UNRESOLVED
dinner_chain_ceiling_hook_shoot_02	dinner_chain_shooting	0	null	null	UNRESOLVED
dinner_chain_climb_tree_hook_grapple_glide_01	dinner_chain_grappe	0	null	null	UNRESOLVED
dinner_chain_climb_tree_hook_grapple_glide_02	dinner_chain_grappe	0	null	null	UNRESOLVED
dinner_chain_climb_tree_hook_grapple_jump_01	dinner_chain_grappe	0	null	null	UNRESOLVED
dinner_chain_climb_tree_hook_grapple_jump_02	dinner_chain_grappe	0	null	null	UNRESOLVED
dinner_chain_climb_tree_hook_recycle_right_01	dinner_chain_recycle	0	null	null	UNRESOLVED
dinner_chain_climb_tree_hook_recycle_right_02	dinner_chain_recycle	0	null	null	UNRESOLVED
dinner_chain_climb_tree_hook_shoot_01	dinner_chain_shooting	0	null	null	UNRESOLVED
dinner_chain_climb_tree_hook_shoot_02	dinner_chain_shooting	0	null	null	UNRESOLVED
dinner_chain_climb_tree_hook_shoot_right_01	dinner_chain_shooting	0	null	null	UNRESOLVED
dinner_chain_climb_tree_hook_shoot_right_02	dinner_chain_shooting	0	null	null	UNRESOLVED
dinner_chain_climb_wall_hook_grapple_jump_01	dinner_chain_grappe	0	null	null	UNRESOLVED
dinner_chain_climb_wall_hook_grapple_to_target_left_01	dinner_chain_grapple_to_target	0	null	null	UNRESOLVED
dinner_chain_climb_wall_hook_recycle_01	dinner_chain_recycle	0	null	null	UNRESOLVED
dinner_chain_climb_wall_hook_recycle_02	dinner_chain_recycle	0	null	null	UNRESOLVED
dinner_chain_climb_wall_hook_recycle_left_01	dinner_chain_recycle	0	null	null	UNRESOLVED
dinner_chain_climb_wall_hook_recycle_left_02	dinner_chain_recycle	0	null	null	UNRESOLVED
dinner_chain_climb_wall_hook_recycle_right_01	dinner_chain_recycle	0	null	null	UNRESOLVED
dinner_chain_climb_wall_hook_recycle_right_02	dinner_chain_recycle	0	null	null	UNRESOLVED
dinner_chain_crouch_grapple_jump_01	dinner_chain_grappe	0	null	null	UNRESOLVED
dinner_chain_crouch_grapple_jump_02	dinner_chain_grappe	0	null	null	UNRESOLVED
dinner_chain_crouch_grapple_to_target_left_01	dinner_chain_grapple_to_target	0	null	null	UNRESOLVED
dinner_chain_crouch_grapple_to_target_left_02	dinner_chain_grapple_to_target	0	null	null	UNRESOLVED
dinner_chain_crouch_grapple_to_target_right_01	dinner_chain_grapple_to_target	0	null	null	UNRESOLVED
dinner_chain_drag_back_01	dinner_chain_drag	0	null	null	UNRESOLVED
dinner_chain_grapple_glide	dinner_chain_grappe	0	null	null	UNRESOLVED
dinner_chain_grapple_jump	dinner_chain_grappe	0	null	null	UNRESOLVED
dinner_chain_grapple_to_target	dinner_chain_grapple_to_target	0	null	null	UNRESOLVED
dinner_chain_grapple_to_target_02	dinner_chain_grapple_to_target	0	null	null	UNRESOLVED
dinner_chain_grapple_to_target_left_02	dinner_chain_grapple_to_target	0	null	null	UNRESOLVED
dinner_chain_grapple_to_target_right_01	dinner_chain_grapple_to_target	0	null	null	UNRESOLVED
dinner_chain_grapple_to_target_right_02	dinner_chain_grapple_to_target	0	null	null	UNRESOLVED
dinner_chain_hang_wall_hook_grapple_glide_01	dinner_chain_grappe	0	null	null	UNRESOLVED
dinner_chain_hang_wall_hook_grapple_glide_02	dinner_chain_grappe	0	null	null	UNRESOLVED
dinner_chain_hang_wall_hook_grapple_jump_01	dinner_chain_grappe	0	null	null	UNRESOLVED
dinner_chain_hang_wall_hook_grapple_jump_02	dinner_chain_grappe	0	null	null	UNRESOLVED
dinner_chain_hang_wall_hook_grapple_to_target_01	dinner_chain_grapple_to_target	0	null	null	UNRESOLVED
dinner_chain_hang_wall_hook_grapple_to_target_left_01	dinner_chain_grapple_to_target	0	null	null	UNRESOLVED
dinner_chain_hang_wall_hook_grapple_to_target_left_02	dinner_chain_grapple_to_target	0	null	null	UNRESOLVED
dinner_chain_hang_wall_hook_grapple_to_target_right_01	dinner_chain_grapple_to_target	0	null	null	UNRESOLVED
dinner_chain_hang_wall_hook_recycle_02	dinner_chain_recycle	0	null	null	UNRESOLVED
dinner_chain_hang_wall_hook_recycle_right_01	dinner_chain_recycle	0	null	null	UNRESOLVED
dinner_chain_hang_wall_hook_recycle_right_02	dinner_chain_recycle	0	null	null	UNRESOLVED
dinner_chain_hang_wall_hook_shoot_01	dinner_chain_shooting	0	null	null	UNRESOLVED
dinner_chain_hang_wall_hook_shoot_02	dinner_chain_shooting	0	null	null	UNRESOLVED
dinner_chain_hang_wall_hook_shoot_left_01	dinner_chain_shooting	0	null	null	UNRESOLVED
dinner_chain_hang_wall_hook_shoot_left_02	dinner_chain_shooting	0	null	null	UNRESOLVED
dinner_chain_hold	dinner_chain_shooting	1	null	null	UNRESOLVED
dinner_chain_hug_wall_grapple_jump_01	dinner_chain_grappe	0	null	null	UNRESOLVED
dinner_chain_hug_wall_grapple_jump_02	dinner_chain_grappe	0	null	null	UNRESOLVED
dinner_chain_hug_wall_grapple_to_target_01	dinner_chain_grapple_to_target	0	null	null	UNRESOLVED
dinner_chain_hug_wall_grapple_to_target_left_01	dinner_chain_grapple_to_target	0	null	null	UNRESOLVED
dinner_chain_hug_wall_grapple_to_target_left_02	dinner_chain_grapple_to_target	0	null	null	UNRESOLVED
dinner_chain_hug_wall_hook_recycle_01	dinner_chain_recycle	0	null	null	UNRESOLVED
dinner_chain_hug_wall_hook_recycle_02	dinner_chain_recycle	0	null	null	UNRESOLVED
dinner_chain_hug_wall_hook_recycle_left_01	dinner_chain_recycle	0	null	null	UNRESOLVED
dinner_chain_hug_wall_hook_recycle_left_02	dinner_chain_recycle	0	null	null	UNRESOLVED
dinner_chain_hug_wall_hook_recycle_right_01	dinner_chain_recycle	0	null	null	UNRESOLVED
dinner_chain_hug_wall_hook_recycle_right_02	dinner_chain_recycle	0	null	null	UNRESOLVED
dinner_chain_hug_wall_hook_shoot_01	dinner_chain_shooting	0	null	null	UNRESOLVED
dinner_chain_hug_wall_hook_shoot_02	dinner_chain_shooting	0	null	null	UNRESOLVED
dinner_chain_jump_hook_grapple_jump_02	dinner_chain_grappe	0	null	null	UNRESOLVED
dinner_chain_jump_hook_grapple_to_target_01	dinner_chain_grapple_to_target	0	null	null	UNRESOLVED
dinner_chain_jump_hook_grapple_to_target_02	dinner_chain_grapple_to_target	0	null	null	UNRESOLVED
dinner_chain_jump_hook_grapple_to_target_left_02	dinner_chain_grapple_to_target	0	null	null	UNRESOLVED
dinner_chain_jump_hook_grapple_to_target_right_01	dinner_chain_grapple_to_target	0	null	null	UNRESOLVED
dinner_chain_jump_hook_grapple_to_target_right_02	dinner_chain_grapple_to_target	0	null	null	UNRESOLVED
dinner_chain_jump_hook_recycle_left_02	dinner_chain_recycle	0	null	null	UNRESOLVED
dinner_chain_jump_hook_recycle_right_01	dinner_chain_recycle	0	null	null	UNRESOLVED
dinner_chain_jump_hook_recycle_right_02	dinner_chain_recycle	0	null	null	UNRESOLVED
dinner_chain_jump_hook_shoot_01	dinner_chain_shooting	0	null	null	UNRESOLVED
dinner_chain_jump_hook_shoot_02	dinner_chain_shooting	0	null	null	UNRESOLVED
dinner_chain_jump_hook_shoot_right_01	dinner_chain_shooting	0	null	null	UNRESOLVED
dinner_chain_jump_hook_shoot_right_02	dinner_chain_shooting	0	null	null	UNRESOLVED
dinner_chain_recycle_02	dinner_chain_recycle	0	null	null	UNRESOLVED
dinner_chain_recycle_left_01	dinner_chain_recycle	0	null	null	UNRESOLVED
dinner_chain_recycle_left_02	dinner_chain_recycle	0	null	null	UNRESOLVED
dinner_chain_shoot_02	dinner_chain_shooting	0	null	null	UNRESOLVED
dinner_chain_shoot_left_01	dinner_chain_shooting	0	null	null	UNRESOLVED
dinner_chain_shoot_left_02	dinner_chain_shooting	0	null	null	UNRESOLVED
dinner_chain_slide_track_grapple_to_target_01	dinner_chain_grapple_to_target	0	null	null	UNRESOLVED
dinner_chain_slide_track_grapple_to_target_right_01	dinner_chain_grapple_to_target	0	null	null	UNRESOLVED
dinner_chain_sprint_hook_grapple_glide_01	dinner_chain_grappe	0	null	null	UNRESOLVED
dinner_chain_sprint_hook_grapple_glide_02	dinner_chain_grappe	0	null	null	UNRESOLVED
dinner_chain_sprint_hook_grapple_jump_02	dinner_chain_grappe	0	null	null	UNRESOLVED
dinner_chain_sprint_hook_grapple_to_target_01	dinner_chain_grapple_to_target	0	null	null	UNRESOLVED
dinner_chain_sprint_hook_grapple_to_target_02	dinner_chain_grapple_to_target	0	null	null	UNRESOLVED
dinner_chain_sprint_hook_grapple_to_target_left_01	dinner_chain_grapple_to_target	0	null	null	UNRESOLVED
dinner_chain_sprint_hook_recycle_01	dinner_chain_recycle	0	null	null	UNRESOLVED
dinner_chain_sprint_hook_recycle_02	dinner_chain_recycle	0	null	null	UNRESOLVED
dinner_chain_sprint_hook_recycle_left_01	dinner_chain_recycle	0	null	null	UNRESOLVED
dinner_chain_sprint_hook_recycle_left_02	dinner_chain_recycle	0	null	null	UNRESOLVED
dinner_chain_sprint_hook_recycle_right_01	dinner_chain_recycle	0	null	null	UNRESOLVED
dinner_chain_sprint_hook_recycle_right_02	dinner_chain_recycle	0	null	null	UNRESOLVED
dinner_chain_sprint_hook_shoot_01	dinner_chain_shooting	0	null	null	UNRESOLVED
dinner_chain_sprint_hook_shoot_02	dinner_chain_shooting	0	null	null	UNRESOLVED
dinner_chain_sprint_hook_shoot_left_02	dinner_chain_shooting	0	null	null	UNRESOLVED
dinner_chain_surfacewater_grapple_glide_02	dinner_chain_grappe	0	null	null	UNRESOLVED
dinner_chain_surfacewater_grapple_jump_01	dinner_chain_grappe	0	null	null	UNRESOLVED
dinner_chain_surfacewater_grapple_to_target_left_01	dinner_chain_grapple_to_target	0	null	null	UNRESOLVED
dinner_chain_surfacewater_grapple_to_target_right_01	dinner_chain_grapple_to_target	0	null	null	UNRESOLVED
dinner_chain_underwater_grapple_glide_01	dinner_chain_grappe	0	null	null	UNRESOLVED
dinner_chain_underwater_grapple_glide_02	dinner_chain_grappe	0	null	null	UNRESOLVED
dinner_chain_underwater_grapple_jump_01	dinner_chain_grappe	0	null	null	UNRESOLVED
dinner_chain_underwater_grapple_to_air_01	dinner_chain_grappe	0	null	null	UNRESOLVED
dinner_chain_underwater_grapple_to_target_01	dinner_chain_grapple_to_target	0	null	null	UNRESOLVED
dinner_chain_underwater_grapple_to_target_left_01	dinner_chain_grapple_to_target	0	null	null	UNRESOLVED
dinner_chain_underwater_grapple_to_target_right_01	dinner_chain_grapple_to_target	0	null	null	UNRESOLVED
dinner_chain_walk_wall_grapple_glide_01	dinner_chain_grappe	0	null	null	UNRESOLVED
dinner_chain_walk_wall_grapple_glide_02	dinner_chain_grappe	0	null	null	UNRESOLVED
dinner_chain_walk_wall_grapple_jump_02	dinner_chain_grappe	0	null	null	UNRESOLVED
dinner_chain_walk_wall_grapple_to_target_01	dinner_chain_grapple_to_target	0	null	null	UNRESOLVED
dinner_chain_walk_wall_grapple_to_target_02	dinner_chain_grapple_to_target	0	null	null	UNRESOLVED
dinner_chain_walk_wall_grapple_to_target_left_01	dinner_chain_grapple_to_target	0	null	null	UNRESOLVED
dinner_chain_walk_wall_grapple_to_target_left_02	dinner_chain_grapple_to_target	0	null	null	UNRESOLVED
dinner_chain_walk_wall_hook_recycle_right_02	dinner_chain_recycle	0	null	null	UNRESOLVED
dinner_chain_walk_wall_hook_shoot_left_01	dinner_chain_shooting	0	null	null	UNRESOLVED
dinner_chain_walk_wall_hook_shoot_left_02	dinner_chain_shooting	0	null	null	UNRESOLVED
dinner_chain_walk_wall_hook_shoot_right_01	dinner_chain_shooting	0	null	null	UNRESOLVED
dinner_charge_down_to_land_01	dinner_charge_land	0	null	null	UNRESOLVED
dinner_charge_down_to_land_01_05	dinner_charge_land	0	null	null	UNRESOLVED
dinner_charge_down_to_land_01_06	dinner_charge_land	0	null	null	UNRESOLVED
dinner_charge_down_to_land_01_07	dinner_charge_land	0	null	null	UNRESOLVED
dinner_charge_down_to_land_01_08	dinner_charge_land	0	null	null	UNRESOLVED
dinner_charge_down_to_land_01_10	dinner_charge_land	0	null	null	UNRESOLVED
dinner_charge_down_to_land_01_15	dinner_charge_land	0	null	null	UNRESOLVED
dinner_charge_down_to_land_01_16	dinner_charge_land	0	null	null	UNRESOLVED
dinner_charge_down_to_land_01_17	dinner_charge_land	0	null	null	UNRESOLVED
dinner_charge_down_to_land_01_18	dinner_charge_land	0	null	null	UNRESOLVED
dinner_charge_down_to_land_01_20	dinner_charge_land	0	null	null	UNRESOLVED
dinner_charge_down_to_land_02	dinner_charge_land	0	null	null	UNRESOLVED
dinner_charge_down_to_land_02_05	dinner_charge_land	0	null	null	UNRESOLVED
dinner_charge_down_to_land_02_06	dinner_charge_land	0	null	null	UNRESOLVED
dinner_charge_down_to_land_02_07	dinner_charge_land	0	null	null	UNRESOLVED
dinner_charge_down_to_land_02_08	dinner_charge_land	0	null	null	UNRESOLVED
dinner_charge_down_to_land_02_10	dinner_charge_land	0	null	null	UNRESOLVED
dinner_charge_down_to_land_02_15	dinner_charge_land	0	null	null	UNRESOLVED
dinner_charge_down_to_land_02_16	dinner_charge_land	0	null	null	UNRESOLVED
dinner_charge_down_to_land_02_17	dinner_charge_land	0	null	null	UNRESOLVED
dinner_charge_down_to_land_02_18	dinner_charge_land	0	null	null	UNRESOLVED
dinner_charge_down_to_land_02_20	dinner_charge_land	0	null	null	UNRESOLVED
dinner_charge_enter_idle_10	dinner_charge_idle	0	null	null	UNRESOLVED
dinner_charge_enter_idle_11	dinner_charge_idle	0	null	null	UNRESOLVED
dinner_charge_enter_idle_12	dinner_charge_idle	0	null	null	UNRESOLVED
dinner_charge_enter_idle_13	dinner_charge_idle	0	null	null	UNRESOLVED
dinner_charge_enter_idle_14	dinner_charge_idle	0	null	null	UNRESOLVED
dinner_charge_enter_idle_15	dinner_charge_idle	0	null	null	UNRESOLVED
dinner_charge_enter_idle_16	dinner_charge_idle	0	null	null	UNRESOLVED
dinner_charge_enter_idle_17	dinner_charge_idle	0	null	null	UNRESOLVED
dinner_charge_enter_idle_18	dinner_charge_idle	0	null	null	UNRESOLVED
dinner_charge_enter_idle_19	dinner_charge_idle	0	null	null	UNRESOLVED
dinner_charge_enter_jump_01	dinner_charge_enter_jump	0	null	null	UNRESOLVED
dinner_charge_enter_jump_02	dinner_charge_enter_jump	0	null	null	UNRESOLVED
dinner_charge_enter_jump_03	dinner_charge_enter_jump	0	null	null	UNRESOLVED
dinner_charge_enter_jump_04	dinner_charge_enter_jump	0	null	null	UNRESOLVED
dinner_charge_enter_jump_05	dinner_charge_enter_jump	0	null	null	UNRESOLVED
dinner_charge_enter_jump_06	dinner_charge_enter_jump	0	null	null	UNRESOLVED
dinner_charge_enter_jump_07	dinner_charge_enter_jump	0	null	null	UNRESOLVED
dinner_charge_enter_jump_08	dinner_charge_enter_jump	0	null	null	UNRESOLVED
dinner_charge_enter_jump_09	dinner_charge_enter_jump	0	null	null	UNRESOLVED
dinner_charge_enter_jump_down_loop_01	dinner_charge_enter_down_loop	0	null	null	UNRESOLVED
dinner_charge_enter_jump_down_loop_02	dinner_charge_enter_down_loop	0	null	null	UNRESOLVED
dinner_charge_enter_jump_down_loop_03	dinner_charge_enter_down_loop	0	null	null	UNRESOLVED
dinner_charge_enter_jump_down_loop_04	dinner_charge_enter_down_loop	0	null	null	UNRESOLVED
dinner_charge_enter_jump_down_loop_05	dinner_charge_enter_down_loop	0	null	null	UNRESOLVED
dinner_charge_enter_jump_down_loop_06	dinner_charge_enter_down_loop	0	null	null	UNRESOLVED
dinner_charge_enter_jump_down_loop_07	dinner_charge_enter_down_loop	0	null	null	UNRESOLVED
dinner_charge_enter_jump_down_loop_08	dinner_charge_enter_down_loop	0	null	null	UNRESOLVED
dinner_charge_enter_jump_down_loop_09	dinner_charge_enter_down_loop	0	null	null	UNRESOLVED
dinner_charge_enter_jump_down_loop_10	dinner_charge_enter_down_loop	0	null	null	UNRESOLVED
dinner_charge_enter_jump_down_loop_11	dinner_charge_enter_down_loop	0	null	null	UNRESOLVED
dinner_charge_enter_jump_down_loop_12	dinner_charge_enter_down_loop	0	null	null	UNRESOLVED
dinner_charge_enter_jump_down_loop_13	dinner_charge_enter_down_loop	0	null	null	UNRESOLVED
dinner_charge_enter_jump_down_loop_14	dinner_charge_enter_down_loop	0	null	null	UNRESOLVED
dinner_charge_enter_jump_down_loop_15	dinner_charge_enter_down_loop	0	null	null	UNRESOLVED
dinner_charge_enter_jump_down_loop_16	dinner_charge_enter_down_loop	0	null	null	UNRESOLVED
dinner_charge_enter_jump_down_loop_17	dinner_charge_enter_down_loop	0	null	null	UNRESOLVED
dinner_charge_enter_jump_down_loop_18	dinner_charge_enter_down_loop	0	null	null	UNRESOLVED
dinner_charge_enter_jump_down_loop_19	dinner_charge_enter_down_loop	0	null	null	UNRESOLVED
dinner_charge_idle_10	dinner_charge_idle	0	null	null	UNRESOLVED
dinner_charge_idle_11	dinner_charge_idle	0	null	null	UNRESOLVED
dinner_charge_idle_12	dinner_charge_idle	0	null	null	UNRESOLVED
dinner_charge_idle_13	dinner_charge_idle	0	null	null	UNRESOLVED
dinner_charge_idle_14	dinner_charge_idle	0	null	null	UNRESOLVED
dinner_charge_idle_15	dinner_charge_idle	0	null	null	UNRESOLVED
dinner_charge_idle_16	dinner_charge_idle	0	null	null	UNRESOLVED
dinner_charge_idle_17	dinner_charge_idle	0	null	null	UNRESOLVED
dinner_charge_idle_18	dinner_charge_idle	0	null	null	UNRESOLVED
dinner_charge_idle_19	dinner_charge_idle	0	null	null	UNRESOLVED
dinner_charge_idle_turn_back_left_03	dinner_charge_turn	0	null	null	UNRESOLVED
dinner_charge_idle_turn_back_left_05	dinner_charge_turn	0	null	null	UNRESOLVED
dinner_charge_idle_turn_back_left_06	dinner_charge_turn	0	null	null	UNRESOLVED
dinner_charge_idle_turn_back_left_08	dinner_charge_turn	0	null	null	UNRESOLVED
dinner_charge_idle_turn_back_left_13	dinner_charge_turn	0	null	null	UNRESOLVED
dinner_charge_idle_turn_back_left_15	dinner_charge_turn	0	null	null	UNRESOLVED
dinner_charge_idle_turn_back_left_16	dinner_charge_turn	0	null	null	UNRESOLVED
dinner_charge_idle_turn_back_left_18	dinner_charge_turn	0	null	null	UNRESOLVED
dinner_charge_idle_turn_back_right_01	dinner_charge_turn	0	null	null	UNRESOLVED
dinner_charge_idle_turn_back_right_02	dinner_charge_turn	0	null	null	UNRESOLVED
dinner_charge_idle_turn_back_right_03	dinner_charge_turn	0	null	null	UNRESOLVED
dinner_charge_idle_turn_back_right_04	dinner_charge_turn	0	null	null	UNRESOLVED
dinner_charge_idle_turn_back_right_05	dinner_charge_turn	0	null	null	UNRESOLVED
dinner_charge_idle_turn_back_right_06	dinner_charge_turn	0	null	null	UNRESOLVED
dinner_charge_idle_turn_back_right_07	dinner_charge_turn	0	null	null	UNRESOLVED
dinner_charge_idle_turn_back_right_08	dinner_charge_turn	0	null	null	UNRESOLVED
dinner_charge_idle_turn_back_right_09	dinner_charge_turn	0	null	null	UNRESOLVED
dinner_charge_idle_turn_square_left_03	dinner_charge_turn	0	null	null	UNRESOLVED
dinner_charge_idle_turn_square_left_04	dinner_charge_turn	0	null	null	UNRESOLVED
dinner_charge_idle_turn_square_left_05	dinner_charge_turn	0	null	null	UNRESOLVED
dinner_charge_idle_turn_square_left_06	dinner_charge_turn	0	null	null	UNRESOLVED
dinner_charge_idle_turn_square_left_08	dinner_charge_turn	0	null	null	UNRESOLVED
dinner_charge_idle_turn_square_left_13	dinner_charge_turn	0	null	null	UNRESOLVED
dinner_charge_idle_turn_square_left_14	dinner_charge_turn	0	null	null	UNRESOLVED
dinner_charge_idle_turn_square_left_15	dinner_charge_turn	0	null	null	UNRESOLVED
dinner_charge_idle_turn_square_left_16	dinner_charge_turn	0	null	null	UNRESOLVED
dinner_charge_idle_turn_square_left_18	dinner_charge_turn	0	null	null	UNRESOLVED
dinner_charge_idle_turn_square_right_01	dinner_charge_turn	0	null	null	UNRESOLVED
dinner_charge_idle_turn_square_right_02	dinner_charge_turn	0	null	null	UNRESOLVED
dinner_charge_idle_turn_square_right_03	dinner_charge_turn	0	null	null	UNRESOLVED
dinner_charge_idle_turn_square_right_04	dinner_charge_turn	0	null	null	UNRESOLVED
dinner_charge_idle_turn_square_right_05	dinner_charge_turn	0	null	null	UNRESOLVED
dinner_charge_idle_turn_square_right_06	dinner_charge_turn	0	null	null	UNRESOLVED
dinner_charge_idle_turn_square_right_07	dinner_charge_turn	0	null	null	UNRESOLVED
dinner_charge_idle_turn_square_right_08	dinner_charge_turn	0	null	null	UNRESOLVED
dinner_charge_idle_turn_square_right_09	dinner_charge_turn	0	null	null	UNRESOLVED
dinner_charge_jump_down_loop_01	dinner_charge_down_loop	0	null	null	UNRESOLVED
dinner_charge_jump_down_loop_02	dinner_charge_down_loop	0	null	null	UNRESOLVED
dinner_charge_jump_down_loop_03	dinner_charge_down_loop	0	null	null	UNRESOLVED
dinner_charge_jump_down_loop_04	dinner_charge_down_loop	0	null	null	UNRESOLVED
dinner_charge_jump_down_loop_05	dinner_charge_down_loop	0	null	null	UNRESOLVED
dinner_charge_jump_down_loop_06	dinner_charge_down_loop	0	null	null	UNRESOLVED
dinner_charge_jump_down_loop_07	dinner_charge_down_loop	0	null	null	UNRESOLVED
dinner_charge_jump_down_loop_08	dinner_charge_down_loop	0	null	null	UNRESOLVED
dinner_charge_jump_down_loop_09	dinner_charge_down_loop	0	null	null	UNRESOLVED
dinner_charge_jump_down_loop_20	dinner_charge_down_loop	0	null	null	UNRESOLVED
dinner_charge_jump_forward_down_01	dinner_charge_jump_down	0	null	null	UNRESOLVED
dinner_charge_jump_forward_down_02	dinner_charge_jump_down	0	null	null	UNRESOLVED
dinner_charge_jump_forward_down_07	dinner_charge_jump_down	0	null	null	UNRESOLVED
dinner_charge_jump_forward_down_08	dinner_charge_jump_down	0	null	null	UNRESOLVED
dinner_charge_jump_forward_down_09	dinner_charge_jump_down	0	null	null	UNRESOLVED
dinner_charge_jump_forward_down_10	dinner_charge_jump_down	0	null	null	UNRESOLVED
dinner_charge_jump_forward_down_11	dinner_charge_jump_down	0	null	null	UNRESOLVED
dinner_charge_jump_forward_down_12	dinner_charge_jump_down	0	null	null	UNRESOLVED
dinner_charge_jump_forward_down_17	dinner_charge_jump_down	0	null	null	UNRESOLVED
dinner_charge_jump_forward_down_18	dinner_charge_jump_down	0	null	null	UNRESOLVED
dinner_charge_jump_forward_down_19	dinner_charge_jump_down	0	null	null	UNRESOLVED
dinner_charge_jump_forward_down_20	dinner_charge_jump_down	0	null	null	UNRESOLVED
dinner_charge_jump_forward_up_02	dinner_charge_jump	0	null	null	UNRESOLVED
dinner_charge_jump_forward_up_04	dinner_charge_jump	0	null	null	UNRESOLVED
dinner_charge_jump_forward_up_07	dinner_charge_jump	0	null	null	UNRESOLVED
dinner_charge_jump_forward_up_12	dinner_charge_jump	0	null	null	UNRESOLVED
dinner_charge_jump_forward_up_14	dinner_charge_jump	0	null	null	UNRESOLVED
dinner_charge_jump_forward_up_17	dinner_charge_jump	0	null	null	UNRESOLVED
dinner_charge_jump_inplace_down_01	dinner_charge_jump_down	0	null	null	UNRESOLVED
dinner_charge_jump_inplace_down_02	dinner_charge_jump_down	0	null	null	UNRESOLVED
dinner_charge_jump_inplace_down_05	dinner_charge_jump_down	0	null	null	UNRESOLVED
dinner_charge_jump_inplace_down_07	dinner_charge_jump_down	0	null	null	UNRESOLVED
dinner_charge_jump_inplace_down_08	dinner_charge_jump_down	0	null	null	UNRESOLVED
dinner_charge_jump_inplace_down_10	dinner_charge_jump_down	0	null	null	UNRESOLVED
dinner_charge_jump_inplace_down_11	dinner_charge_jump_down	0	null	null	UNRESOLVED
dinner_charge_jump_inplace_down_12	dinner_charge_jump_down	0	null	null	UNRESOLVED
dinner_charge_jump_inplace_down_15	dinner_charge_jump_down	0	null	null	UNRESOLVED
dinner_charge_jump_inplace_down_17	dinner_charge_jump_down	0	null	null	UNRESOLVED
dinner_charge_jump_inplace_down_18	dinner_charge_jump_down	0	null	null	UNRESOLVED
dinner_charge_jump_inplace_down_20	dinner_charge_jump_down	0	null	null	UNRESOLVED
dinner_charge_jump_inplace_up_01	dinner_charge_jump	0	null	null	UNRESOLVED
dinner_charge_jump_inplace_up_02	dinner_charge_jump	0	null	null	UNRESOLVED
dinner_charge_jump_inplace_up_04	dinner_charge_jump	0	null	null	UNRESOLVED
dinner_charge_jump_inplace_up_07	dinner_charge_jump	0	null	null	UNRESOLVED
dinner_charge_jump_inplace_up_09	dinner_charge_jump	0	null	null	UNRESOLVED
dinner_charge_jump_inplace_up_11	dinner_charge_jump	0	null	null	UNRESOLVED
dinner_charge_jump_inplace_up_12	dinner_charge_jump	0	null	null	UNRESOLVED
dinner_charge_jump_inplace_up_14	dinner_charge_jump	0	null	null	UNRESOLVED
dinner_charge_jump_inplace_up_17	dinner_charge_jump	0	null	null	UNRESOLVED
dinner_charge_jump_inplace_up_19	dinner_charge_jump	0	null	null	UNRESOLVED
dinner_charge_run_01	dinner_charge_run	0	null	null	UNRESOLVED
dinner_charge_run_03	dinner_charge_run	0	null	null	UNRESOLVED
dinner_charge_run_04	dinner_charge_run	0	null	null	UNRESOLVED
dinner_charge_run_06	dinner_charge_run	0	null	null	UNRESOLVED
dinner_charge_run_07	dinner_charge_run	0	null	null	UNRESOLVED
dinner_charge_run_09	dinner_charge_run	0	null	null	UNRESOLVED
dinner_charge_run_11	dinner_charge_run	0	null	null	UNRESOLVED
dinner_charge_run_13	dinner_charge_run	0	null	null	UNRESOLVED
dinner_charge_run_14	dinner_charge_run	0	null	null	UNRESOLVED
dinner_charge_run_16	dinner_charge_run	0	null	null	UNRESOLVED
dinner_charge_run_17	dinner_charge_run	0	null	null	UNRESOLVED
dinner_charge_run_19	dinner_charge_run	0	null	null	UNRESOLVED
dinner_charge_run_inertia_left_10	dinner_charge_run_inertia	0	null	null	UNRESOLVED
dinner_charge_run_inertia_left_11	dinner_charge_run_inertia	0	null	null	UNRESOLVED
dinner_charge_run_inertia_left_12	dinner_charge_run_inertia	0	null	null	UNRESOLVED
dinner_charge_run_inertia_left_13	dinner_charge_run_inertia	0	null	null	UNRESOLVED
dinner_charge_run_inertia_left_14	dinner_charge_run_inertia	0	null	null	UNRESOLVED
dinner_charge_run_inertia_left_15	dinner_charge_run_inertia	0	null	null	UNRESOLVED
dinner_charge_run_inertia_left_16	dinner_charge_run_inertia	0	null	null	UNRESOLVED
dinner_charge_run_inertia_left_17	dinner_charge_run_inertia	0	null	null	UNRESOLVED
dinner_charge_run_inertia_left_18	dinner_charge_run_inertia	0	null	null	UNRESOLVED
dinner_charge_run_inertia_left_19	dinner_charge_run_inertia	0	null	null	UNRESOLVED
dinner_charge_run_inertia_right_01	dinner_charge_run_inertia	0	null	null	UNRESOLVED
dinner_charge_run_inertia_right_03	dinner_charge_run_inertia	0	null	null	UNRESOLVED
dinner_charge_run_inertia_right_06	dinner_charge_run_inertia	0	null	null	UNRESOLVED
dinner_charge_run_inertia_right_08	dinner_charge_run_inertia	0	null	null	UNRESOLVED
dinner_charge_run_inertia_right_09	dinner_charge_run_inertia	0	null	null	UNRESOLVED
dinner_charge_run_inertia_right_10	dinner_charge_run_inertia	0	null	null	UNRESOLVED
dinner_charge_run_inertia_right_11	dinner_charge_run_inertia	0	null	null	UNRESOLVED
dinner_charge_run_inertia_right_13	dinner_charge_run_inertia	0	null	null	UNRESOLVED
dinner_charge_run_inertia_right_16	dinner_charge_run_inertia	0	null	null	UNRESOLVED
dinner_charge_run_inertia_right_18	dinner_charge_run_inertia	0	null	null	UNRESOLVED
dinner_charge_run_inertia_right_19	dinner_charge_run_inertia	0	null	null	UNRESOLVED
dinner_charge_run_inertia_right_20	dinner_charge_run_inertia	0	null	null	UNRESOLVED
dinner_charge_run_start_03	dinner_charge_run	0	null	null	UNRESOLVED
dinner_charge_run_start_04	dinner_charge_run	0	null	null	UNRESOLVED
dinner_charge_run_start_05	dinner_charge_run	0	null	null	UNRESOLVED
dinner_charge_run_start_06	dinner_charge_run	0	null	null	UNRESOLVED
dinner_charge_run_start_08	dinner_charge_run	0	null	null	UNRESOLVED
dinner_charge_run_start_13	dinner_charge_run	0	null	null	UNRESOLVED
dinner_charge_run_start_14	dinner_charge_run	0	null	null	UNRESOLVED
dinner_charge_run_start_15	dinner_charge_run	0	null	null	UNRESOLVED
dinner_charge_run_start_16	dinner_charge_run	0	null	null	UNRESOLVED
dinner_charge_run_start_18	dinner_charge_run	0	null	null	UNRESOLVED
dinner_charge_run_start_half_left_01	dinner_charge_run	0	null	null	UNRESOLVED
dinner_charge_run_start_half_left_04	dinner_charge_run	0	null	null	UNRESOLVED
dinner_charge_run_start_half_left_06	dinner_charge_run	0	null	null	UNRESOLVED
dinner_charge_run_start_half_left_07	dinner_charge_run	0	null	null	UNRESOLVED
dinner_charge_run_start_half_left_09	dinner_charge_run	0	null	null	UNRESOLVED
dinner_charge_run_start_half_left_11	dinner_charge_run	0	null	null	UNRESOLVED
dinner_charge_run_start_half_left_14	dinner_charge_run	0	null	null	UNRESOLVED
dinner_charge_run_start_half_left_16	dinner_charge_run	0	null	null	UNRESOLVED
dinner_charge_run_start_half_left_17	dinner_charge_run	0	null	null	UNRESOLVED
dinner_charge_run_start_half_left_19	dinner_charge_run	0	null	null	UNRESOLVED
dinner_charge_run_start_half_right_10	dinner_charge_run	0	null	null	UNRESOLVED
dinner_charge_run_start_half_right_11	dinner_charge_run	0	null	null	UNRESOLVED
dinner_charge_run_start_half_right_12	dinner_charge_run	0	null	null	UNRESOLVED
dinner_charge_run_start_half_right_13	dinner_charge_run	0	null	null	UNRESOLVED
dinner_charge_run_start_half_right_14	dinner_charge_run	0	null	null	UNRESOLVED
dinner_charge_run_start_half_right_15	dinner_charge_run	0	null	null	UNRESOLVED
dinner_charge_run_start_half_right_16	dinner_charge_run	0	null	null	UNRESOLVED
dinner_charge_run_start_half_right_17	dinner_charge_run	0	null	null	UNRESOLVED
dinner_charge_run_start_half_right_18	dinner_charge_run	0	null	null	UNRESOLVED
dinner_charge_run_start_half_right_19	dinner_charge_run	0	null	null	UNRESOLVED
dinner_charge_run_start_half_right_20	dinner_charge_run	0	null	null	UNRESOLVED
dinner_charge_run_start_square_left_03	dinner_charge_run	0	null	null	UNRESOLVED
dinner_charge_run_start_square_left_05	dinner_charge_run	0	null	null	UNRESOLVED
dinner_charge_run_start_square_left_06	dinner_charge_run	0	null	null	UNRESOLVED
dinner_charge_run_start_square_left_08	dinner_charge_run	0	null	null	UNRESOLVED
dinner_charge_run_start_square_left_10	dinner_charge_run	0	null	null	UNRESOLVED
dinner_charge_run_start_square_left_13	dinner_charge_run	0	null	null	UNRESOLVED
dinner_charge_run_start_square_left_15	dinner_charge_run	0	null	null	UNRESOLVED
dinner_charge_run_start_square_left_16	dinner_charge_run	0	null	null	UNRESOLVED
dinner_charge_run_start_square_left_18	dinner_charge_run	0	null	null	UNRESOLVED
dinner_charge_run_start_square_left_20	dinner_charge_run	0	null	null	UNRESOLVED
dinner_charge_run_start_square_right_10	dinner_charge_run	0	null	null	UNRESOLVED
dinner_charge_run_start_square_right_11	dinner_charge_run	0	null	null	UNRESOLVED
dinner_charge_run_start_square_right_12	dinner_charge_run	0	null	null	UNRESOLVED
dinner_charge_run_start_square_right_13	dinner_charge_run	0	null	null	UNRESOLVED
dinner_charge_run_start_square_right_14	dinner_charge_run	0	null	null	UNRESOLVED
dinner_charge_run_start_square_right_15	dinner_charge_run	0	null	null	UNRESOLVED
dinner_charge_run_start_square_right_16	dinner_charge_run	0	null	null	UNRESOLVED
dinner_charge_run_start_square_right_17	dinner_charge_run	0	null	null	UNRESOLVED
dinner_charge_run_start_square_right_18	dinner_charge_run	0	null	null	UNRESOLVED
dinner_charge_run_start_square_right_19	dinner_charge_run	0	null	null	UNRESOLVED
dinner_charge_run_transform_03	dinner_charge_run	0	null	null	UNRESOLVED
dinner_charge_run_transform_06	dinner_charge_run	0	null	null	UNRESOLVED
dinner_charge_run_transform_08	dinner_charge_run	0	null	null	UNRESOLVED
dinner_charge_run_transform_10	dinner_charge_run	0	null	null	UNRESOLVED
dinner_charge_run_transform_13	dinner_charge_run	0	null	null	UNRESOLVED
dinner_charge_run_transform_16	dinner_charge_run	0	null	null	UNRESOLVED
dinner_charge_run_transform_18	dinner_charge_run	0	null	null	UNRESOLVED
dinner_charge_run_transform_20	dinner_charge_run	0	null	null	UNRESOLVED
dinner_charge_run_turn_back_left_10	dinner_charge_turn	0	null	null	UNRESOLVED
dinner_charge_run_turn_back_left_11	dinner_charge_turn	0	null	null	UNRESOLVED
dinner_charge_run_turn_back_left_12	dinner_charge_turn	0	null	null	UNRESOLVED
dinner_charge_run_turn_back_left_13	dinner_charge_turn	0	null	null	UNRESOLVED
dinner_charge_run_turn_back_left_14	dinner_charge_turn	0	null	null	UNRESOLVED
dinner_charge_run_turn_back_left_15	dinner_charge_turn	0	null	null	UNRESOLVED
dinner_charge_run_turn_back_left_16	dinner_charge_turn	0	null	null	UNRESOLVED
dinner_charge_run_turn_back_left_17	dinner_charge_turn	0	null	null	UNRESOLVED
dinner_charge_run_turn_back_left_18	dinner_charge_turn	0	null	null	UNRESOLVED
dinner_charge_run_turn_back_left_19	dinner_charge_turn	0	null	null	UNRESOLVED
dinner_charge_run_turn_back_left_20	dinner_charge_turn	0	null	null	UNRESOLVED
dinner_charge_run_turn_back_right_02	dinner_charge_turn	0	null	null	UNRESOLVED
dinner_charge_run_turn_back_right_04	dinner_charge_turn	0	null	null	UNRESOLVED
dinner_charge_run_turn_back_right_05	dinner_charge_turn	0	null	null	UNRESOLVED
dinner_charge_run_turn_back_right_07	dinner_charge_turn	0	null	null	UNRESOLVED
dinner_charge_run_turn_back_right_08	dinner_charge_turn	0	null	null	UNRESOLVED
dinner_charge_run_turn_back_right_12	dinner_charge_turn	0	null	null	UNRESOLVED
dinner_charge_run_turn_back_right_14	dinner_charge_turn	0	null	null	UNRESOLVED
dinner_charge_run_turn_back_right_15	dinner_charge_turn	0	null	null	UNRESOLVED
dinner_charge_run_turn_back_right_17	dinner_charge_turn	0	null	null	UNRESOLVED
dinner_charge_run_turn_back_right_18	dinner_charge_turn	0	null	null	UNRESOLVED
dinner_charge_sprint_transform_10	dinner_charge_run	0	null	null	UNRESOLVED
dinner_charge_sprint_transform_11	dinner_charge_run	0	null	null	UNRESOLVED
dinner_charge_sprint_transform_12	dinner_charge_run	0	null	null	UNRESOLVED
dinner_charge_sprint_transform_13	dinner_charge_run	0	null	null	UNRESOLVED
dinner_charge_sprint_transform_14	dinner_charge_run	0	null	null	UNRESOLVED
dinner_charge_sprint_transform_15	dinner_charge_run	0	null	null	UNRESOLVED
dinner_charge_sprint_transform_16	dinner_charge_run	0	null	null	UNRESOLVED
dinner_charge_sprint_transform_17	dinner_charge_run	0	null	null	UNRESOLVED
dinner_charge_sprint_transform_18	dinner_charge_run	0	null	null	UNRESOLVED
dinner_charge_sprint_transform_19	dinner_charge_run	0	null	null	UNRESOLVED
dinner_charge_sprint_transform_20	dinner_charge_run	0	null	null	UNRESOLVED
dinner_charge_underwater_idle_01	dinner_charge_underwater_idle	0	null	null	UNRESOLVED
dinner_charge_underwater_move_01	dinner_charge_underwater_move	0	null	null	UNRESOLVED
dinner_charge_underwater_turn_back_left_01	dinner_charge_underwater_move	0	null	null	UNRESOLVED
dinner_charge_wing_fly_move_01	dinner_charge_wing_fly_move	0	null	null	UNRESOLVED
dinner_charge_wing_fly_move_start_01	dinner_charge_wing_fly_move	0	null	null	UNRESOLVED
dinner_charge_wing_fly_turn_back_left_01	dinner_charge_wing_fly_move	0	null	null	UNRESOLVED
dinner_chariot_attack_30	dinner_chariot_attack	0	null	null	UNRESOLVED
dinner_chariot_attack_30_prepare	dinner_chariot_attack	0	null	null	UNRESOLVED
dinner_chariot_attack_32_charge	dinner_chariot_attack	0	null	null	UNRESOLVED
dinner_chariot_attack_33_charge	dinner_chariot_attack	0	null	null	UNRESOLVED
dinner_chariot_attack_33_prepare	dinner_chariot_attack	0	null	null	UNRESOLVED
dinner_chariot_attack_33_recover	dinner_chariot_attack	0	null	null	UNRESOLVED
dinner_chariot_attack_34_recover	dinner_chariot_attack	0	null	null	UNRESOLVED
dinner_chariot_attack_35	dinner_chariot_attack	0	null	null	UNRESOLVED
dinner_chariot_attack_35_prepare	dinner_chariot_attack	0	null	null	UNRESOLVED
dinner_chariot_attack_36	dinner_chariot_attack	0	null	null	UNRESOLVED
dinner_chariot_attack_36_charge	dinner_chariot_attack	0	null	null	UNRESOLVED
dinner_chariot_attack_36_prepare	dinner_chariot_attack	0	null	null	UNRESOLVED
dinner_chariot_attack_37_charge	dinner_chariot_attack	0	null	null	UNRESOLVED
dinner_chariot_attack_37_prepare	dinner_chariot_attack	0	null	null	UNRESOLVED
dinner_chariot_attack_37_recover	dinner_chariot_attack	0	null	null	UNRESOLVED
dinner_chariot_attack_38	dinner_chariot_attack	0	null	null	UNRESOLVED
dinner_chariot_attack_38_charge	dinner_chariot_attack	0	null	null	UNRESOLVED
dinner_chariot_attack_39_charge	dinner_chariot_attack	0	null	null	UNRESOLVED
dinner_chariot_attack_39_prepare	dinner_chariot_attack	0	null	null	UNRESOLVED
dinner_chariot_attack_39_recover	dinner_chariot_attack	0	null	null	UNRESOLVED
dinner_chariot_driver_enter_02	dinner_chariot_interact_enter	0	null	null	UNRESOLVED
dinner_chariot_driver_hurt_01	dinner_chariot_hurt	0	null	null	UNRESOLVED
dinner_chariot_driver_jump_back_down_loop_01	dinner_chariot_driver_jump	0	null	null	UNRESOLVED
dinner_chariot_driver_jump_down_loop_01	dinner_chariot_driver_jump	0	null	null	UNRESOLVED
dinner_chariot_driver_jump_down_to_land_01	dinner_chariot_driver_land	0	null	null	UNRESOLVED
dinner_chariot_driver_jump_down_to_land_02	dinner_chariot_driver_land	0	null	null	UNRESOLVED
dinner_chariot_driver_jump_forword_down_01	dinner_chariot_driver_jump	0	null	null	UNRESOLVED
dinner_chariot_driver_jump_inplace_down_01	dinner_chariot_driver_jump	0	null	null	UNRESOLVED
dinner_chariot_driver_run_back_01	dinner_chariot_driver_run	0	null	null	UNRESOLVED
dinner_chariot_driver_run_back_inertia_01	dinner_chariot_driver_run_inertia	0	null	null	UNRESOLVED
dinner_chariot_driver_run_back_shuffle_01	dinner_chariot_driver_run_shuffle	0	null	null	UNRESOLVED
dinner_chariot_driver_run_inertia_01	dinner_chariot_driver_run_inertia	0	null	null	UNRESOLVED
dinner_chariot_driver_run_left_tap_01	dinner_chariot_driver_tap	0	null	null	UNRESOLVED
dinner_chariot_driver_run_right_tap_01	dinner_chariot_driver_tap	0	null	null	UNRESOLVED
dinner_chariot_driver_run_shuffle_01	dinner_chariot_driver_run_shuffle	0	null	null	UNRESOLVED
dinner_chariot_driver_run_start_01	dinner_chariot_driver_run_start	0	null	null	UNRESOLVED
dinner_chariot_passenger_enter_left_03	dinner_chariot_interact_enter	0	null	null	UNRESOLVED
dinner_chariot_passenger_exit_left_01	dinner_chariot_interact_exit	0	null	null	UNRESOLVED
dinner_chariot_reload_01	dinner_chariot_reload	0	null	null	UNRESOLVED
dinner_chariot_switch_to_driver_02	dinner_chariot_interact_switch	0	null	null	UNRESOLVED
dinner_chariot_switch_to_passenger_01	dinner_chariot_interact_switch	0	null	null	UNRESOLVED
dinner_chariot_switch_to_passenger_02	dinner_chariot_interact_switch	0	null	null	UNRESOLVED
dinner_chariot_switch_to_passenger_03	dinner_chariot_interact_switch	0	null	null	UNRESOLVED
dinner_chariot_switch_to_passenger_04	dinner_chariot_interact_switch	0	null	null	UNRESOLVED
dinner_climb_tree_dodge_down_01	dinner_climb_tree_dodge	0	null	null	UNRESOLVED
dinner_climb_tree_dodge_left_01	dinner_climb_tree_dodge	0	null	null	UNRESOLVED
dinner_climb_tree_dodge_right_01	dinner_climb_tree_dodge	0	null	null	UNRESOLVED
dinner_climb_tree_dril_shoot_right_01	dinner_dril_shoot	0	null	null	UNRESOLVED
dinner_climb_tree_idle_front_01	dinner_climb_tree_idle	0	null	null	UNRESOLVED
dinner_climb_tree_idle_left_01	dinner_climb_tree_idle	0	null	null	UNRESOLVED
dinner_climb_tree_idle_right_01	dinner_climb_tree_idle	0	null	null	UNRESOLVED
dinner_climb_tree_jump_left_01	dinner_scene_grab	0	null	null	UNRESOLVED
dinner_climb_tree_jump_to_beam_above_01	dinner_scene_grab	0	null	null	UNRESOLVED
dinner_climb_tree_jump_up_01	dinner_scene_grab	0	null	null	UNRESOLVED
dinner_climb_tree_jump_up_02	dinner_airhike	0	null	null	UNRESOLVED
dinner_climb_tree_move_01	dinner_climb_tree_move	0	null	null	UNRESOLVED
dinner_climb_tree_move_down_inertia_left_01	dinner_climb_tree_inertia	0	null	null	UNRESOLVED
dinner_climb_tree_move_left_inertia_left_01	dinner_climb_tree_inertia	0	null	null	UNRESOLVED
dinner_climb_tree_move_left_inertia_right_01	dinner_climb_tree_inertia	0	null	null	UNRESOLVED
dinner_climb_tree_move_right_inertia_left_01	dinner_climb_tree_inertia	0	null	null	UNRESOLVED
dinner_climb_tree_move_right_inertia_right_01	dinner_climb_tree_inertia	0	null	null	UNRESOLVED
dinner_climb_tree_move_up_inertia_left_01	dinner_climb_tree_inertia	0	null	null	UNRESOLVED
dinner_climb_tree_move_up_inertia_right_01	dinner_climb_tree_inertia	0	null	null	UNRESOLVED
dinner_climb_tree_try_to_idle_up_01	dinner_climb_tree_idle	0	null	null	UNRESOLVED
dinner_climb_wall_climb_up_01	dinner_hang_wall_out	0	null	null	UNRESOLVED
dinner_climb_wall_dril_grapple_glide_01	dinner_dril_grappe	0	null	null	UNRESOLVED
dinner_climb_wall_dril_shoot_right_01	dinner_dril_shoot	0	null	null	UNRESOLVED
dinner_climb_wall_flash_left_01	dinner_hang_wall_flash	0	null	null	UNRESOLVED
dinner_climb_wall_flash_right_01	dinner_hang_wall_flash	0	null	null	UNRESOLVED
dinner_climb_wall_idle_01	dinner_hang_wall_idle	0	null	null	UNRESOLVED
dinner_climb_wall_idle_back_01	dinner_hang_wall_idle	0	null	null	UNRESOLVED
dinner_climb_wall_idle_down_01	dinner_hang_wall_in	0	null	null	UNRESOLVED
dinner_climb_wall_idle_look_right_01	dinner_hang_wall_idle	0	null	null	UNRESOLVED
dinner_climb_wall_idle_right_01	dinner_hang_wall_idle	0	null	null	UNRESOLVED
dinner_climb_wall_idle_up_01	dinner_hang_wall_out	0	null	null	UNRESOLVED
dinner_climb_wall_jump_back_01	dinner_scene_grab	0	null	null	UNRESOLVED
dinner_climb_wall_jump_left_02	dinner_scene_grab	0	null	null	UNRESOLVED
dinner_climb_wall_jump_left_inertia_01	dinner_hang_wall_idle	0	null	null	UNRESOLVED
dinner_climb_wall_jump_loop_01	dinner_scene_grab	0	null	null	UNRESOLVED
dinner_climb_wall_jump_loop_02	dinner_scene_grab	0	null	null	UNRESOLVED
dinner_climb_wall_jump_out_01	dinner_jump_out_trigger	0	null	null	UNRESOLVED
dinner_climb_wall_jump_right_inertia_01	dinner_hang_wall_idle	0	null	null	UNRESOLVED
dinner_climb_wall_jump_up_01	dinner_scene_grab	0	null	null	UNRESOLVED
dinner_climb_wall_jump_up_inertia_01	dinner_hang_wall_idle	0	null	null	UNRESOLVED
dinner_climb_wall_move_left_inertia_01	dinner_hang_wall_move	0	null	null	UNRESOLVED
dinner_climb_wall_move_right_01	dinner_hang_wall_move	0	null	null	UNRESOLVED
dinner_climb_wall_move_right_inertia_01	dinner_hang_wall_move	0	null	null	UNRESOLVED
dinner_climb_wall_to_beam_below_01	dinner_beam_below_flash	0	null	null	UNRESOLVED
dinner_combine_performance_01_recover	dinner_combine_performance_recover	0	null	null	UNRESOLVED
dinner_combine_performance_02_recover	dinner_combine_performance_recover	0	null	null	UNRESOLVED
dinner_combine_performance_03_recover	dinner_combine_performance_recover	0	null	null	UNRESOLVED
dinner_combine_performance_04_recover	dinner_combine_performance_recover	0	null	null	UNRESOLVED
dinner_combine_performance_05_recover	dinner_combine_performance_recover	0	null	null	UNRESOLVED
dinner_combine_performance_06_recover	dinner_combine_performance_recover	0	null	null	UNRESOLVED
dinner_combine_request_01	dinner_combine_request	0	null	null	UNRESOLVED
dinner_combine_single_performance_01	dinner_combine_single_performance	0	null	null	UNRESOLVED
dinner_counter_dodge_10	dinner_counter_dodge	0	null	null	UNRESOLVED
dinner_counter_step_01	dinner_counter_step	0	null	null	UNRESOLVED
dinner_counter_step_02	dinner_counter_step	0	null	null	UNRESOLVED
dinner_counter_step_03	dinner_counter_step	0	null	null	UNRESOLVED
dinner_counter_step_04	dinner_counter_step	0	null	null	UNRESOLVED
dinner_counter_step_dodge_back	dinner_counter_step_dodge	0	null	null	UNRESOLVED
dinner_counter_step_dodge_recover	dinner_counter_step_dodge_recover	0	null	null	UNRESOLVED
dinner_cross_doghole_kneel_01	dinner_doghole_kneel	0	null	null	UNRESOLVED
dinner_cross_window_climb_01	dinner_windows_climb	0	null	null	UNRESOLVED
dinner_cross_window_crouch_hug_wall_right_01	dinner_windows_climb	0	null	null	UNRESOLVED
dinner_cross_window_leap_01	dinner_windows_leap	0	null	null	UNRESOLVED
dinner_cross_window_left_walk_wall_down_01	dinner_window_walk	0	null	null	UNRESOLVED
dinner_cross_window_left_walk_wall_right_01	dinner_window_walk	0	null	null	UNRESOLVED
dinner_cross_window_right_walk_wall_down_01	dinner_window_walk	0	null	null	UNRESOLVED
dinner_crouch_dodge_front	dinner_crouch_dodge	0	null	null	UNRESOLVED
dinner_crouch_dodge_right	dinner_crouch_dodge	0	null	null	UNRESOLVED
dinner_crouch_dril_grapple_glide_01	dinner_dril_grappe	0	null	null	UNRESOLVED
dinner_crouch_dril_shoot_right_01	dinner_dril_shoot	0	null	null	UNRESOLVED
dinner_crouch_hug_wall_idle_look_front	dinner_crouch_hug_wall	0	null	null	UNRESOLVED
dinner_crouch_hug_wall_idle_look_right_back	dinner_crouch_hug_wall	0	null	null	UNRESOLVED
dinner_crouch_hug_wall_idle_switch_lr_01	dinner_crouch_hug_wall	0	null	null	UNRESOLVED
dinner_crouch_hug_wall_idle_switch_rl_01	dinner_crouch_hug_wall	0	null	null	UNRESOLVED
dinner_crouch_hug_wall_move_left	dinner_crouch_hug_wall	0	null	null	UNRESOLVED
dinner_crouch_hug_wall_move_right	dinner_crouch_hug_wall	0	null	null	UNRESOLVED
dinner_crouch_idle	dinner_crouch_idle	0	null	null	UNRESOLVED
dinner_crouch_idle_turn_half_left_01	dinner_crouch_turn	0	null	null	UNRESOLVED
dinner_crouch_idle_turn_half_right_01	dinner_crouch_turn	0	null	null	UNRESOLVED
dinner_crouch_idle_turn_half_right_01_battle	dinner_crouch_turn	0	null	null	UNRESOLVED
dinner_crouch_idle_turn_square_left_01_battle	dinner_crouch_turn	0	null	null	UNRESOLVED
dinner_crouch_idle_turn_square_right_01	dinner_crouch_turn	0	null	null	UNRESOLVED
dinner_crouch_promenade_battle	dinner_crouch_promenade	0	null	null	UNRESOLVED
dinner_crouch_promenade_inertia_left_01	dinner_crouch_inertia	0	null	null	UNRESOLVED
dinner_crouch_promenade_inertia_left_01_battle	dinner_crouch_inertia	0	null	null	UNRESOLVED
dinner_crouch_promenade_turn_half_left_01_battle	dinner_crouch_turn	0	null	null	UNRESOLVED
dinner_crouch_river_idle	dinner_crouch_river_idle	0	null	null	UNRESOLVED
dinner_crouch_river_idle_turn_square_left_01	dinner_crouch_river_turn	0	null	null	UNRESOLVED
dinner_crouch_river_out_01	dinner_crouch_river_out	0	null	null	UNRESOLVED
dinner_crouch_river_promenade_inertia_left_01	dinner_crouch_river_inertia	0	null	null	UNRESOLVED
dinner_crouch_river_promenade_inertia_right_01	dinner_crouch_river_inertia	0	null	null	UNRESOLVED
dinner_crouch_river_run	dinner_crouch_river_run	0	null	null	UNRESOLVED
dinner_crouch_river_run_inertia_left_01	dinner_crouch_river_inertia	0	null	null	UNRESOLVED
dinner_crouch_river_run_inertia_right_01	dinner_crouch_river_inertia	0	null	null	UNRESOLVED
dinner_crouch_river_run_turn_half_left_01	dinner_crouch_river_turn	0	null	null	UNRESOLVED
dinner_crouch_river_run_turn_half_right_01	dinner_crouch_river_turn	0	null	null	UNRESOLVED
dinner_crouch_run_battle	dinner_crouch_run	0	null	null	UNRESOLVED
dinner_crouch_run_inertia_left_01	dinner_crouch_inertia	0	null	null	UNRESOLVED
dinner_crouch_run_inertia_left_01_battle	dinner_crouch_inertia	0	null	null	UNRESOLVED
dinner_crouch_run_turn_half_left_01	dinner_crouch_turn	0	null	null	UNRESOLVED
dinner_custom_hurt_performance_01	dinner_custom_hurt_performance	0	null	null	UNRESOLVED
dinner_custom_hurt_performance_02	dinner_custom_hurt_performance	0	null	null	UNRESOLVED
dinner_custom_hurt_performance_03	dinner_custom_hurt_performance	0	null	null	UNRESOLVED
dinner_custom_hurt_performance_04	dinner_custom_hurt_performance	0	null	null	UNRESOLVED
dinner_custom_hurt_performance_05	dinner_custom_hurt_performance	0	null	null	UNRESOLVED
dinner_custom_hurt_performance_06	dinner_custom_hurt_performance	0	null	null	UNRESOLVED
dinner_custom_hurt_performance_07	dinner_custom_hurt_performance	0	null	null	UNRESOLVED
dinner_custom_hurt_performance_08	dinner_custom_hurt_performance	0	null	null	UNRESOLVED
dinner_custom_hurt_performance_09	dinner_custom_hurt_performance	0	null	null	UNRESOLVED
dinner_custom_hurt_performance_10	dinner_custom_hurt_performance	0	null	null	UNRESOLVED
dinner_custom_hurt_performance_10_loop	dinner_custom_hurt_performance	0	null	null	UNRESOLVED
dinner_custom_item_30	dinner_custom_item	0	null	null	UNRESOLVED
dinner_custom_item_31	dinner_custom_item	0	null	null	UNRESOLVED
dinner_custom_item_32	dinner_custom_item	0	null	null	UNRESOLVED
dinner_custom_item_33	dinner_custom_item	0	null	null	UNRESOLVED
dinner_custom_item_34	dinner_custom_item	0	null	null	UNRESOLVED
dinner_custom_item_35	dinner_custom_item	0	null	null	UNRESOLVED
dinner_custom_item_36	dinner_custom_item	0	null	null	UNRESOLVED
dinner_custom_item_37	dinner_custom_item	0	null	null	UNRESOLVED
dinner_custom_item_38	dinner_custom_item	0	null	null	UNRESOLVED
dinner_custom_item_39	dinner_custom_item	0	null	null	UNRESOLVED
dinner_custom_item_40	dinner_custom_item	0	null	null	UNRESOLVED
dinner_custom_item_41	dinner_custom_item	0	null	null	UNRESOLVED
dinner_custom_item_42	dinner_custom_item	0	null	null	UNRESOLVED
dinner_custom_item_43	dinner_custom_item	0	null	null	UNRESOLVED
dinner_custom_item_44	dinner_custom_item	0	null	null	UNRESOLVED
dinner_custom_item_45	dinner_custom_item	0	null	null	UNRESOLVED
dinner_custom_item_46	dinner_custom_item	0	null	null	UNRESOLVED
dinner_custom_item_47	dinner_custom_item	0	null	null	UNRESOLVED
dinner_custom_item_48	dinner_custom_item	0	null	null	UNRESOLVED
dinner_custom_item_49	dinner_custom_item	0	null	null	UNRESOLVED
dinner_custom_item_50	dinner_custom_item	0	null	null	UNRESOLVED
dinner_custom_item_51	dinner_custom_item	0	null	null	UNRESOLVED
dinner_custom_item_52	dinner_custom_item	0	null	null	UNRESOLVED
dinner_custom_item_53	dinner_custom_item	0	null	null	UNRESOLVED
dinner_custom_item_54	dinner_custom_item	0	null	null	UNRESOLVED
dinner_custom_item_55	dinner_custom_item	0	null	null	UNRESOLVED
dinner_custom_item_56	dinner_custom_item	0	null	null	UNRESOLVED
dinner_custom_item_57	dinner_custom_item	0	null	null	UNRESOLVED
dinner_custom_item_58	dinner_custom_item	0	null	null	UNRESOLVED
dinner_custom_item_59	dinner_custom_item	0	null	null	UNRESOLVED
dinner_custom_item_60	dinner_custom_item	0	null	null	UNRESOLVED
dinner_custom_item_61	dinner_custom_item	0	null	null	UNRESOLVED
dinner_custom_item_62	dinner_custom_item	0	null	null	UNRESOLVED
dinner_custom_item_63	dinner_custom_item	0	null	null	UNRESOLVED
dinner_custom_item_64	dinner_custom_item	0	null	null	UNRESOLVED
dinner_custom_item_65	dinner_custom_item	0	null	null	UNRESOLVED
dinner_custom_item_66	dinner_custom_item	0	null	null	UNRESOLVED
dinner_custom_item_67	dinner_custom_item	0	null	null	UNRESOLVED
dinner_custom_item_68	dinner_custom_item	0	null	null	UNRESOLVED
dinner_custom_item_69	dinner_custom_item	0	null	null	UNRESOLVED
dinner_custom_item_80	dinner_custom_item	0	null	null	UNRESOLVED
dinner_custom_item_81	dinner_custom_item	0	null	null	UNRESOLVED
dinner_custom_item_82	dinner_custom_item	0	null	null	UNRESOLVED
dinner_custom_item_83	dinner_custom_item	0	null	null	UNRESOLVED
dinner_custom_item_84	dinner_custom_item	0	null	null	UNRESOLVED
dinner_custom_item_85	dinner_custom_item	0	null	null	UNRESOLVED
dinner_custom_item_86	dinner_custom_item	0	null	null	UNRESOLVED
dinner_custom_item_87	dinner_custom_item	0	null	null	UNRESOLVED
dinner_custom_item_88	dinner_custom_item	0	null	null	UNRESOLVED
dinner_custom_item_89	dinner_custom_item	0	null	null	UNRESOLVED
dinner_dance_dodge_back_01	dinner_dance_dodge	0	null	null	UNRESOLVED
dinner_dance_dodge_front_01	dinner_dance_dodge	0	null	null	UNRESOLVED
dinner_dance_dodge_front_02	dinner_dance_dodge	0	null	null	UNRESOLVED
dinner_dance_dodge_left_02	dinner_dance_dodge	0	null	null	UNRESOLVED
dinner_dance_dodge_right_01	dinner_dance_dodge	0	null	null	UNRESOLVED
dinner_dance_dodge_right_02	dinner_dance_dodge	0	null	null	UNRESOLVED
dinner_defuse_dodge_front_01	dinner_defuse_dodge	0	null	null	UNRESOLVED
dinner_defuse_dodge_left_01	dinner_defuse_dodge	0	null	null	UNRESOLVED
dinner_defuse_dodge_right_double_01	dinner_defuse_dodge	0	null	null	UNRESOLVED
dinner_device_cannon_enter_01	dinner_device_cannon_enter	0	null	null	UNRESOLVED
dinner_device_cannon_idle_01	dinner_device_cannon_idle	0	null	null	UNRESOLVED
dinner_device_mound_enter_01	dinner_device_mound_enter	0	null	null	UNRESOLVED
dinner_device_mound_enter_02	dinner_device_mound_enter	0	null	null	UNRESOLVED
dinner_device_mound_enter_04	dinner_device_mound_enter	0	null	null	UNRESOLVED
dinner_device_mound_recover_01	dinner_device_mound_recover	0	null	null	UNRESOLVED
dinner_device_mound_recover_02	dinner_device_mound_recover	0	null	null	UNRESOLVED
dinner_device_mound_recover_04	dinner_device_mound_recover	0	null	null	UNRESOLVED
dinner_dinner_knife_aim_end_01	dinner_knife_aim_end	0	null	null	UNRESOLVED
dinner_dirl_cross_window_leap_01	dinner_windows_leap	0	null	null	UNRESOLVED
dinner_dirl_dodge_back	dinner_dirl_dodge	0	null	null	UNRESOLVED
dinner_dirl_dodge_front	dinner_dirl_dodge	0	null	null	UNRESOLVED
dinner_dirl_dodge_left	dinner_dirl_dodge	0	null	null	UNRESOLVED
dinner_dirl_dodge_right	dinner_dirl_dodge	0	null	null	UNRESOLVED
dinner_dirl_evacuate_ore_01_pre	dinner_evacuate_ore_pre	0	null	null	UNRESOLVED
dinner_dirl_evacuate_ore_02_pre	dinner_evacuate_ore_pre	0	null	null	UNRESOLVED
dinner_dirl_evacuate_ore_03_pre	dinner_evacuate_ore_pre	0	null	null	UNRESOLVED
dinner_dirl_evacuate_treasure_01_pre	dinner_evacuate_treasure_pre	0	null	null	UNRESOLVED
dinner_dirl_evacuate_treasure_01_recover	dinner_evacuate_treasure_recover	0	null	null	UNRESOLVED
dinner_dirl_evacuate_treasure_01_unlock_to_pre	dinner_evacuate_treasure_pre	0	null	null	UNRESOLVED
dinner_dirl_evacuate_treasure_02_unlock_to_pre	dinner_evacuate_treasure_pre	0	null	null	UNRESOLVED
dinner_dirl_evacuate_treasure_03_loop	dinner_evacuate_treasure_loop	0	null	null	UNRESOLVED
dinner_dirl_evacuate_treasure_03_pre	dinner_evacuate_treasure_pre	0	null	null	UNRESOLVED
dinner_dirl_evacuate_treasure_04_loop	dinner_evacuate_treasure_loop	0	null	null	UNRESOLVED
dinner_dirl_evacuate_treasure_04_pre	dinner_evacuate_treasure_pre	0	null	null	UNRESOLVED
dinner_dirl_evacuate_treasure_04_recover	dinner_evacuate_treasure_recover	0	null	null	UNRESOLVED
dinner_dirl_evacuate_treasure_04_unlock_to_pre	dinner_evacuate_treasure_pre	0	null	null	UNRESOLVED
dinner_dirl_evacuate_treasure_05_loop	dinner_evacuate_treasure_loop	0	null	null	UNRESOLVED
dinner_dirl_evacuate_treasure_05_unlock_to_pre	dinner_evacuate_treasure_pre	0	null	null	UNRESOLVED
dinner_dirl_evacuate_treasure_06_pre	dinner_evacuate_treasure_pre	0	null	null	UNRESOLVED
dinner_dirl_evacuate_treasure_06_unlock_to_pre	dinner_evacuate_treasure_pre	0	null	null	UNRESOLVED
dinner_dirl_evacuate_treasure_unlock_01_loop	dinner_evacuate_treasure_unlock_loop	0	null	null	UNRESOLVED
dinner_dirl_evacuate_treasure_unlock_01_recover	dinner_evacuate_treasure_unlock_recover	0	null	null	UNRESOLVED
dinner_dirl_evacuate_treasure_unlock_02_loop	dinner_evacuate_treasure_unlock_loop	0	null	null	UNRESOLVED
dinner_dirl_evacuate_treasure_unlock_02_recover	dinner_evacuate_treasure_unlock_recover	0	null	null	UNRESOLVED
dinner_dirl_evacuate_treasure_unlock_03_loop	dinner_evacuate_treasure_unlock_loop	0	null	null	UNRESOLVED
dinner_dirl_evacuate_treasure_unlock_03_recover	dinner_evacuate_treasure_unlock_recover	0	null	null	UNRESOLVED
dinner_dirl_hide_idle	dinner_dirl_hide_idle	0	null	null	UNRESOLVED
dinner_dirl_hide_out_01	dinner_dirl_hide_out	0	null	null	UNRESOLVED
dinner_dirl_hide_out_02	dinner_dirl_hide_out	0	null	null	UNRESOLVED
dinner_dirl_hide_run	dinner_dirl_hide_run	0	null	null	UNRESOLVED
dinner_dirl_hide_run_left_step_down_01	dinner_dirl_hide_run_step_down	0	null	null	UNRESOLVED
dinner_dirl_hide_run_right_tap_01	dinner_dirl_hide_run_tap	0	null	null	UNRESOLVED
dinner_dirl_hide_run_start	dinner_dirl_hide_run_start	0	null	null	UNRESOLVED
dinner_dirl_hide_run_start_half_right	dinner_dirl_hide_run_start	0	null	null	UNRESOLVED
dinner_dirl_hide_run_start_square_left	dinner_dirl_hide_run_start	0	null	null	UNRESOLVED
dinner_dirl_hide_run_start_square_right	dinner_dirl_hide_run_start	0	null	null	UNRESOLVED
dinner_dirl_hide_run_turn_back_right	dinner_dirl_hide_turn	0	null	null	UNRESOLVED
dinner_dirl_hide_slide_down_01	dinner_dirl_hide_slide_down	0	null	null	UNRESOLVED
dinner_dirl_hide_slide_down_out_01	dinner_dirl_hide_slide_down	0	null	null	UNRESOLVED
dinner_dirl_mount_evacuate_gem_01	dinner_mount_evacuate_rune	0	null	null	UNRESOLVED
dinner_dirl_slow_run_inertia_left	dinner_dirl_inertia	0	null	null	UNRESOLVED
dinner_dirl_slow_run_inertia_right	dinner_dirl_inertia	0	null	null	UNRESOLVED
dinner_dirl_unmount_evacuate_gem_01	dinner_unmount_evacuate_rune	0	null	null	UNRESOLVED
dinner_diss_female_chair_exit_01	dinner_diss_chair_exit	0	null	null	UNRESOLVED
dinner_dj_emote_100_loop	dinner_dj_emote	0	null	null	UNRESOLVED
dinner_dj_emote_100_pre	dinner_dj_emote	0	null	null	UNRESOLVED
dinner_dj_emote_100_recover	dinner_dj_emote_recover	0	null	null	UNRESOLVED
dinner_dj_emote_101_loop	dinner_dj_emote	0	null	null	UNRESOLVED
dinner_dj_emote_101_pre	dinner_dj_emote	0	null	null	UNRESOLVED
dinner_dj_emote_101_recover	dinner_dj_emote_recover	0	null	null	UNRESOLVED
dinner_dj_emote_102_loop	dinner_dj_emote	0	null	null	UNRESOLVED
dinner_dj_emote_102_pre	dinner_dj_emote	0	null	null	UNRESOLVED
dinner_dj_emote_102_recover	dinner_dj_emote_recover	0	null	null	UNRESOLVED
dinner_dj_emote_103_loop	dinner_dj_emote	0	null	null	UNRESOLVED
dinner_dj_emote_103_pre	dinner_dj_emote	0	null	null	UNRESOLVED
dinner_dj_emote_103_recover	dinner_dj_emote_recover	0	null	null	UNRESOLVED
dinner_dj_emote_104_loop	dinner_dj_emote	0	null	null	UNRESOLVED
dinner_dj_emote_104_pre	dinner_dj_emote	0	null	null	UNRESOLVED
dinner_dj_emote_104_recover	dinner_dj_emote_recover	0	null	null	UNRESOLVED
dinner_dj_instrument_active_show_01	dinner_dj_instrument_active_show	0	null	null	UNRESOLVED
dinner_dj_instrument_active_show_02	dinner_dj_instrument_active_show	0	null	null	UNRESOLVED
dinner_dj_instrument_active_show_03	dinner_dj_instrument_active_show	0	null	null	UNRESOLVED
dinner_dj_instrument_exit_01	dinner_dj_instrument_exit	0	null	null	UNRESOLVED
dinner_dj_instrument_exit_02	dinner_dj_instrument_exit	0	null	null	UNRESOLVED
dinner_dj_instrument_exit_03	dinner_dj_instrument_exit	0	null	null	UNRESOLVED
dinner_dj_instrument_show_01	dinner_dj_instrument_show	0	null	null	UNRESOLVED
dinner_dj_instrument_show_02	dinner_dj_instrument_show	0	null	null	UNRESOLVED
dinner_dj_instrument_show_03	dinner_dj_instrument_show	0	null	null	UNRESOLVED
dinner_dodge_back	dinner_dodge	0	null	null	UNRESOLVED
dinner_dodge_front	dinner_dodge	0	null	null	UNRESOLVED
dinner_dodge_front_double_battle	dinner_dodge	0	null	null	UNRESOLVED
dinner_dodge_left	dinner_dodge	0	null	null	UNRESOLVED
dinner_dodge_left_double	dinner_dodge	0	null	null	UNRESOLVED
dinner_dodge_left_double_battle	dinner_dodge	0	null	null	UNRESOLVED
dinner_dodge_right	dinner_dodge	0	null	null	UNRESOLVED
dinner_dodge_right_battle	dinner_dodge	0	null	null	UNRESOLVED
dinner_dodge_right_double	dinner_dodge	0	null	null	UNRESOLVED
dinner_dodge_to_sprint_back_01	dinner_dodge_to_sprint	0	null	null	UNRESOLVED
dinner_down_to_land_01_battle	dinner_land	0	null	null	UNRESOLVED
dinner_down_to_land_05	dinner_land	0	null	null	UNRESOLVED
dinner_down_to_land_06	dinner_land	0	null	null	UNRESOLVED
dinner_dragon_palace_gain_sword_01	dinner_main_tomb_gain_sword	0	null	null	UNRESOLVED
dinner_drift_bottle_interaction_01_loop	dinner_interaction_device	0	null	null	UNRESOLVED
dinner_drift_bottle_interaction_01_recover	dinner_interaction_device	0	null	null	UNRESOLVED
dinner_dril_glide_to_hang_wall_above_back_left_01	dinner_dril_grappe	0	null	null	UNRESOLVED
dinner_dril_glide_to_hang_wall_above_front_left_01	dinner_dril_grappe	0	null	null	UNRESOLVED
dinner_dril_glide_to_hang_wall_below_back_left_01	dinner_dril_grappe	0	null	null	UNRESOLVED
dinner_dril_glide_to_hang_wall_below_front_left_01	dinner_dril_grappe	0	null	null	UNRESOLVED
dinner_dril_glide_to_hang_wall_below_front_left_02	dinner_dril_grappe	0	null	null	UNRESOLVED
dinner_dril_glide_to_hang_wall_below_front_mid_01	dinner_dril_grappe	0	null	null	UNRESOLVED
dinner_dril_glide_to_hang_wall_below_front_mid_02	dinner_dril_grappe	0	null	null	UNRESOLVED
dinner_dril_glide_to_hang_wall_below_front_right_01	dinner_dril_grappe	0	null	null	UNRESOLVED
dinner_dril_glide_to_hang_wall_below_front_right_02	dinner_dril_grappe	0	null	null	UNRESOLVED
dinner_dril_glide_to_walk_wall_idle_right_01	dinner_dril_grappe	0	null	null	UNRESOLVED
dinner_dril_shoot_left_01	dinner_dril_shoot	0	null	null	UNRESOLVED
dinner_dril_shoot_right_01	dinner_dril_shoot	0	null	null	UNRESOLVED
dinner_drill_glide_to_ceiling_idle_in_01	dinner_ceiling_idle	0	null	null	UNRESOLVED
dinner_drill_glide_to_foor_01	dinner_dril_enter_group	0	null	null	UNRESOLVED
dinner_drill_glide_to_foor_02	dinner_dril_enter_group	0	null	null	UNRESOLVED
dinner_drive_chair_enter_01	dinner_drive_chair_enter	0	null	null	UNRESOLVED
dinner_drive_chair_enter_02	dinner_drive_chair_enter	0	null	null	UNRESOLVED
dinner_drive_chair_enter_03	dinner_drive_chair_enter	0	null	null	UNRESOLVED
dinner_drive_chair_enter_04	dinner_drive_chair_enter	0	null	null	UNRESOLVED
dinner_drive_chair_exit_01	dinner_drive_chair_exit	0	null	null	UNRESOLVED
dinner_drive_chair_exit_02	dinner_drive_chair_exit	0	null	null	UNRESOLVED
dinner_drive_chair_exit_04	dinner_drive_chair_exit	0	null	null	UNRESOLVED
dinner_drive_flight_enter_right_01	dinner_drive_flight_enter	0	null	null	UNRESOLVED
dinner_drive_flight_exit_01	dinner_drive_flight_exit	0	null	null	UNRESOLVED
dinner_drive_flight_idle_01	dinner_drive_flight	0	null	null	UNRESOLVED
dinner_drop_loop_to_land_01	dinner_drop_land	0	null	null	UNRESOLVED
dinner_drop_loop_to_land_02	dinner_drop_land	0	null	null	UNRESOLVED
dinner_drown_loop_01	dinner_down_loop	0	null	null	UNRESOLVED
dinner_dying_idle	dinner_dying_idle	0	null	null	UNRESOLVED
dinner_dying_move	dinner_dying_move	0	null	null	UNRESOLVED
dinner_dying_turn_half_left	dinner_dying_turn	0	null	null	UNRESOLVED
dinner_dying_turn_half_right	dinner_dying_turn	0	null	null	UNRESOLVED
dinner_dying_turn_square_left	dinner_dying_turn	0	null	null	UNRESOLVED
dinner_dying_turn_square_right	dinner_dying_turn	0	null	null	UNRESOLVED
dinner_electro_spear_aim_loop_01	dinner_electro_spear	0	null	null	UNRESOLVED
dinner_emote_100_once	dinner_emote	0	null	null	UNRESOLVED
dinner_emote_101_loop	dinner_emote	0	null	null	UNRESOLVED
dinner_emote_102_loop	dinner_emote	0	null	null	UNRESOLVED
dinner_emote_102_pre	dinner_emote	0	null	null	UNRESOLVED
dinner_emote_102_recover	dinner_emote	0	null	null	UNRESOLVED
dinner_emote_103_once	dinner_emote	0	null	null	UNRESOLVED
dinner_emote_104_once	dinner_emote	0	null	null	UNRESOLVED
dinner_emote_104_pre	dinner_emote	0	null	null	UNRESOLVED
dinner_emote_105_loop	dinner_emote	0	null	null	UNRESOLVED
dinner_emote_105_once	dinner_emote	0	null	null	UNRESOLVED
dinner_emote_105_recover	dinner_emote	0	null	null	UNRESOLVED
dinner_emote_106_loop	dinner_emote	0	null	null	UNRESOLVED
dinner_emote_106_once	dinner_emote	0	null	null	UNRESOLVED
dinner_emote_106_recover	dinner_emote	0	null	null	UNRESOLVED
dinner_emote_107_once	dinner_emote	0	null	null	UNRESOLVED
dinner_emote_107_recover	dinner_emote	0	null	null	UNRESOLVED
dinner_emote_108_once	dinner_emote	0	null	null	UNRESOLVED
dinner_emote_108_pre	dinner_emote	0	null	null	UNRESOLVED
dinner_emote_109_loop	dinner_emote	0	null	null	UNRESOLVED
dinner_emote_109_once	dinner_emote	0	null	null	UNRESOLVED
dinner_emote_109_pre	dinner_emote	0	null	null	UNRESOLVED
dinner_emote_110_once	dinner_emote	0	null	null	UNRESOLVED
dinner_emote_111_loop	dinner_emote	0	null	null	UNRESOLVED
dinner_emote_112_loop	dinner_emote	0	null	null	UNRESOLVED
dinner_emote_112_pre	dinner_emote	0	null	null	UNRESOLVED
dinner_emote_112_recover	dinner_emote	0	null	null	UNRESOLVED
dinner_emote_113_once	dinner_emote	0	null	null	UNRESOLVED
dinner_emote_114_once	dinner_emote	0	null	null	UNRESOLVED
dinner_emote_114_pre	dinner_emote	0	null	null	UNRESOLVED
dinner_emote_115_loop	dinner_emote	0	null	null	UNRESOLVED
dinner_emote_115_once	dinner_emote	0	null	null	UNRESOLVED
dinner_emote_115_recover	dinner_emote	0	null	null	UNRESOLVED
dinner_emote_116_loop	dinner_emote	0	null	null	UNRESOLVED
dinner_emote_116_once	dinner_emote	0	null	null	UNRESOLVED
dinner_emote_116_recover	dinner_emote	0	null	null	UNRESOLVED
dinner_emote_117_once	dinner_emote	0	null	null	UNRESOLVED
dinner_emote_117_recover	dinner_emote	0	null	null	UNRESOLVED
dinner_emote_118_once	dinner_emote	0	null	null	UNRESOLVED
dinner_emote_118_pre	dinner_emote	0	null	null	UNRESOLVED
dinner_emote_119_loop	dinner_emote	0	null	null	UNRESOLVED
dinner_emote_119_once	dinner_emote	0	null	null	UNRESOLVED
dinner_emote_119_pre	dinner_emote	0	null	null	UNRESOLVED
dinner_emote_120_once	dinner_emote	0	null	null	UNRESOLVED
dinner_emote_121_loop	dinner_emote	0	null	null	UNRESOLVED
dinner_emote_122_loop	dinner_emote	0	null	null	UNRESOLVED
dinner_emote_122_pre	dinner_emote	0	null	null	UNRESOLVED
dinner_emote_122_recover	dinner_emote	0	null	null	UNRESOLVED
dinner_emote_123_once	dinner_emote	0	null	null	UNRESOLVED
dinner_emote_124_once	dinner_emote	0	null	null	UNRESOLVED
dinner_emote_124_pre	dinner_emote	0	null	null	UNRESOLVED
dinner_emote_125_loop	dinner_emote	0	null	null	UNRESOLVED
dinner_emote_125_once	dinner_emote	0	null	null	UNRESOLVED
dinner_emote_125_recover	dinner_emote	0	null	null	UNRESOLVED
dinner_emote_126_loop	dinner_emote	0	null	null	UNRESOLVED
dinner_emote_126_once	dinner_emote	0	null	null	UNRESOLVED
dinner_emote_126_recover	dinner_emote	0	null	null	UNRESOLVED
dinner_emote_127_once	dinner_emote	0	null	null	UNRESOLVED
dinner_emote_127_recover	dinner_emote	0	null	null	UNRESOLVED
dinner_emote_128_once	dinner_emote	0	null	null	UNRESOLVED
dinner_emote_128_pre	dinner_emote	0	null	null	UNRESOLVED
dinner_emote_129_loop	dinner_emote	0	null	null	UNRESOLVED
dinner_emote_129_once	dinner_emote	0	null	null	UNRESOLVED
dinner_emote_129_pre	dinner_emote	0	null	null	UNRESOLVED
dinner_emote_130_once	dinner_emote	0	null	null	UNRESOLVED
dinner_emote_131_loop	dinner_emote	0	null	null	UNRESOLVED
dinner_emote_132_loop	dinner_emote	0	null	null	UNRESOLVED
dinner_emote_132_pre	dinner_emote	0	null	null	UNRESOLVED
dinner_emote_132_recover	dinner_emote	0	null	null	UNRESOLVED
dinner_emote_133_once	dinner_emote	0	null	null	UNRESOLVED
dinner_emote_134_once	dinner_emote	0	null	null	UNRESOLVED
dinner_emote_134_pre	dinner_emote	0	null	null	UNRESOLVED
dinner_emote_135_loop	dinner_emote	0	null	null	UNRESOLVED
dinner_emote_135_once	dinner_emote	0	null	null	UNRESOLVED
dinner_emote_135_recover	dinner_emote	0	null	null	UNRESOLVED
dinner_emote_136_loop	dinner_emote	0	null	null	UNRESOLVED
dinner_emote_136_once	dinner_emote	0	null	null	UNRESOLVED
dinner_emote_136_recover	dinner_emote	0	null	null	UNRESOLVED
dinner_emote_137_once	dinner_emote	0	null	null	UNRESOLVED
dinner_emote_137_recover	dinner_emote	0	null	null	UNRESOLVED
dinner_emote_138_once	dinner_emote	0	null	null	UNRESOLVED
dinner_emote_138_pre	dinner_emote	0	null	null	UNRESOLVED
dinner_emote_139_loop	dinner_emote	0	null	null	UNRESOLVED
dinner_emote_139_once	dinner_emote	0	null	null	UNRESOLVED
dinner_emote_139_pre	dinner_emote	0	null	null	UNRESOLVED
dinner_emote_140_once	dinner_emote	0	null	null	UNRESOLVED
dinner_emote_141_loop	dinner_emote	0	null	null	UNRESOLVED
dinner_emote_142_loop	dinner_emote	0	null	null	UNRESOLVED
dinner_emote_142_pre	dinner_emote	0	null	null	UNRESOLVED
dinner_emote_142_recover	dinner_emote	0	null	null	UNRESOLVED
dinner_emote_143_once	dinner_emote	0	null	null	UNRESOLVED
dinner_emote_144_once	dinner_emote	0	null	null	UNRESOLVED
dinner_emote_144_pre	dinner_emote	0	null	null	UNRESOLVED
dinner_emote_145_loop	dinner_emote	0	null	null	UNRESOLVED
dinner_emote_145_once	dinner_emote	0	null	null	UNRESOLVED
dinner_emote_145_recover	dinner_emote	0	null	null	UNRESOLVED
dinner_emote_146_loop	dinner_emote	0	null	null	UNRESOLVED
dinner_emote_146_once	dinner_emote	0	null	null	UNRESOLVED
dinner_emote_146_recover	dinner_emote	0	null	null	UNRESOLVED
dinner_emote_147_once	dinner_emote	0	null	null	UNRESOLVED
dinner_emote_147_recover	dinner_emote	0	null	null	UNRESOLVED
dinner_emote_148_once	dinner_emote	0	null	null	UNRESOLVED
dinner_emote_148_pre	dinner_emote	0	null	null	UNRESOLVED
dinner_emote_149_loop	dinner_emote	0	null	null	UNRESOLVED
dinner_emote_149_once	dinner_emote	0	null	null	UNRESOLVED
dinner_emote_149_pre	dinner_emote	0	null	null	UNRESOLVED
dinner_emote_150_once	dinner_emote	0	null	null	UNRESOLVED
dinner_emote_151_loop	dinner_emote	0	null	null	UNRESOLVED
dinner_emote_152_loop	dinner_emote	0	null	null	UNRESOLVED
dinner_emote_152_pre	dinner_emote	0	null	null	UNRESOLVED
dinner_emote_152_recover	dinner_emote	0	null	null	UNRESOLVED
dinner_emote_153_once	dinner_emote	0	null	null	UNRESOLVED
dinner_emote_154_once	dinner_emote	0	null	null	UNRESOLVED
dinner_emote_154_pre	dinner_emote	0	null	null	UNRESOLVED
dinner_emote_155_loop	dinner_emote	0	null	null	UNRESOLVED
dinner_emote_155_once	dinner_emote	0	null	null	UNRESOLVED
dinner_emote_155_recover	dinner_emote	0	null	null	UNRESOLVED
dinner_emote_156_loop	dinner_emote	0	null	null	UNRESOLVED
dinner_emote_156_once	dinner_emote	0	null	null	UNRESOLVED
dinner_emote_156_recover	dinner_emote	0	null	null	UNRESOLVED
dinner_emote_157_once	dinner_emote	0	null	null	UNRESOLVED
dinner_emote_157_recover	dinner_emote	0	null	null	UNRESOLVED
dinner_emote_158_once	dinner_emote	0	null	null	UNRESOLVED
dinner_emote_158_pre	dinner_emote	0	null	null	UNRESOLVED
dinner_emote_159_loop	dinner_emote	0	null	null	UNRESOLVED
dinner_emote_159_once	dinner_emote	0	null	null	UNRESOLVED
dinner_emote_159_pre	dinner_emote	0	null	null	UNRESOLVED
dinner_emote_160_once	dinner_emote	0	null	null	UNRESOLVED
dinner_emote_161_loop	dinner_emote	0	null	null	UNRESOLVED
dinner_emote_162_loop	dinner_emote	0	null	null	UNRESOLVED
dinner_emote_162_pre	dinner_emote	0	null	null	UNRESOLVED
dinner_emote_162_recover	dinner_emote	0	null	null	UNRESOLVED
dinner_emote_163_once	dinner_emote	0	null	null	UNRESOLVED
dinner_emote_164_once	dinner_emote	0	null	null	UNRESOLVED
dinner_emote_164_pre	dinner_emote	0	null	null	UNRESOLVED
dinner_emote_165_loop	dinner_emote	0	null	null	UNRESOLVED
dinner_emote_165_once	dinner_emote	0	null	null	UNRESOLVED
dinner_emote_165_recover	dinner_emote	0	null	null	UNRESOLVED
dinner_emote_166_loop	dinner_emote	0	null	null	UNRESOLVED
dinner_emote_166_once	dinner_emote	0	null	null	UNRESOLVED
dinner_emote_166_recover	dinner_emote	0	null	null	UNRESOLVED
dinner_emote_167_once	dinner_emote	0	null	null	UNRESOLVED
dinner_emote_167_recover	dinner_emote	0	null	null	UNRESOLVED
dinner_emote_168_once	dinner_emote	0	null	null	UNRESOLVED
dinner_emote_168_pre	dinner_emote	0	null	null	UNRESOLVED
dinner_emote_169_loop	dinner_emote	0	null	null	UNRESOLVED
dinner_emote_169_once	dinner_emote	0	null	null	UNRESOLVED
dinner_emote_169_pre	dinner_emote	0	null	null	UNRESOLVED
dinner_emote_170_once	dinner_emote	0	null	null	UNRESOLVED
dinner_emote_171_loop	dinner_emote	0	null	null	UNRESOLVED
dinner_emote_172_loop	dinner_emote	0	null	null	UNRESOLVED
dinner_emote_172_pre	dinner_emote	0	null	null	UNRESOLVED
dinner_emote_172_recover	dinner_emote	0	null	null	UNRESOLVED
dinner_emote_173_once	dinner_emote	0	null	null	UNRESOLVED
dinner_emote_174_once	dinner_emote	0	null	null	UNRESOLVED
dinner_emote_174_pre	dinner_emote	0	null	null	UNRESOLVED
dinner_emote_175_loop	dinner_emote	0	null	null	UNRESOLVED
dinner_emote_175_once	dinner_emote	0	null	null	UNRESOLVED
dinner_emote_175_recover	dinner_emote	0	null	null	UNRESOLVED
dinner_emote_176_loop	dinner_emote	0	null	null	UNRESOLVED
dinner_emote_176_once	dinner_emote	0	null	null	UNRESOLVED
dinner_emote_176_recover	dinner_emote	0	null	null	UNRESOLVED
dinner_emote_177_once	dinner_emote	0	null	null	UNRESOLVED
dinner_emote_177_recover	dinner_emote	0	null	null	UNRESOLVED
dinner_emote_178_once	dinner_emote	0	null	null	UNRESOLVED
dinner_emote_178_pre	dinner_emote	0	null	null	UNRESOLVED
dinner_emote_179_loop	dinner_emote	0	null	null	UNRESOLVED
dinner_emote_179_once	dinner_emote	0	null	null	UNRESOLVED
dinner_emote_179_pre	dinner_emote	0	null	null	UNRESOLVED
dinner_emote_180_once	dinner_emote	0	null	null	UNRESOLVED
dinner_emote_181_loop	dinner_emote	0	null	null	UNRESOLVED
dinner_emote_182_loop	dinner_emote	0	null	null	UNRESOLVED
dinner_emote_182_pre	dinner_emote	0	null	null	UNRESOLVED
dinner_emote_182_recover	dinner_emote	0	null	null	UNRESOLVED
dinner_emote_183_once	dinner_emote	0	null	null	UNRESOLVED
dinner_emote_184_once	dinner_emote	0	null	null	UNRESOLVED
dinner_emote_184_pre	dinner_emote	0	null	null	UNRESOLVED
dinner_emote_185_loop	dinner_emote	0	null	null	UNRESOLVED
dinner_emote_185_once	dinner_emote	0	null	null	UNRESOLVED
dinner_emote_185_recover	dinner_emote	0	null	null	UNRESOLVED
dinner_emote_186_loop	dinner_emote	0	null	null	UNRESOLVED
dinner_emote_186_once	dinner_emote	0	null	null	UNRESOLVED
dinner_emote_186_recover	dinner_emote	0	null	null	UNRESOLVED
dinner_emote_187_once	dinner_emote	0	null	null	UNRESOLVED
dinner_emote_187_recover	dinner_emote	0	null	null	UNRESOLVED
dinner_emote_188_once	dinner_emote	0	null	null	UNRESOLVED
dinner_emote_188_pre	dinner_emote	0	null	null	UNRESOLVED
dinner_emote_189_loop	dinner_emote	0	null	null	UNRESOLVED
dinner_emote_189_once	dinner_emote	0	null	null	UNRESOLVED
dinner_emote_189_pre	dinner_emote	0	null	null	UNRESOLVED
dinner_emote_190_once	dinner_emote	0	null	null	UNRESOLVED
dinner_emote_191_loop	dinner_emote	0	null	null	UNRESOLVED
dinner_emote_192_loop	dinner_emote	0	null	null	UNRESOLVED
dinner_emote_192_pre	dinner_emote	0	null	null	UNRESOLVED
dinner_emote_192_recover	dinner_emote	0	null	null	UNRESOLVED
dinner_emote_193_once	dinner_emote	0	null	null	UNRESOLVED
dinner_emote_194_once	dinner_emote	0	null	null	UNRESOLVED
dinner_emote_194_pre	dinner_emote	0	null	null	UNRESOLVED
dinner_emote_195_loop	dinner_emote	0	null	null	UNRESOLVED
dinner_emote_195_once	dinner_emote	0	null	null	UNRESOLVED
dinner_emote_195_recover	dinner_emote	0	null	null	UNRESOLVED
dinner_emote_196_loop	dinner_emote	0	null	null	UNRESOLVED
dinner_emote_196_once	dinner_emote	0	null	null	UNRESOLVED
dinner_emote_196_recover	dinner_emote	0	null	null	UNRESOLVED
dinner_emote_197_once	dinner_emote	0	null	null	UNRESOLVED
dinner_emote_197_recover	dinner_emote	0	null	null	UNRESOLVED
dinner_emote_198_once	dinner_emote	0	null	null	UNRESOLVED
dinner_emote_198_pre	dinner_emote	0	null	null	UNRESOLVED
dinner_emote_199_loop	dinner_emote	0	null	null	UNRESOLVED
dinner_emote_199_once	dinner_emote	0	null	null	UNRESOLVED
dinner_emote_199_pre	dinner_emote	0	null	null	UNRESOLVED
dinner_emote_200_loop	dinner_emote	0	null	null	UNRESOLVED
dinner_emote_200_once	dinner_emote	0	null	null	UNRESOLVED
dinner_emote_201_loop	dinner_emote	0	null	null	UNRESOLVED
dinner_emote_201_once	dinner_emote	0	null	null	UNRESOLVED
dinner_emote_201_recover	dinner_emote	0	null	null	UNRESOLVED
dinner_emote_202_recover	dinner_emote	0	null	null	UNRESOLVED
dinner_emote_203_once	dinner_emote	0	null	null	UNRESOLVED
dinner_emote_203_pre	dinner_emote	0	null	null	UNRESOLVED
dinner_emote_204_loop	dinner_emote	0	null	null	UNRESOLVED
dinner_emote_204_once	dinner_emote	0	null	null	UNRESOLVED
dinner_emote_204_pre	dinner_emote	0	null	null	UNRESOLVED
dinner_emote_204_recover	dinner_emote	0	null	null	UNRESOLVED
dinner_emote_205_loop	dinner_emote	0	null	null	UNRESOLVED
dinner_emote_205_pre	dinner_emote	0	null	null	UNRESOLVED
dinner_emote_205_recover	dinner_emote	0	null	null	UNRESOLVED
dinner_emote_206_pre	dinner_emote	0	null	null	UNRESOLVED
dinner_emote_206_recover	dinner_emote	0	null	null	UNRESOLVED
dinner_emote_207_once	dinner_emote	0	null	null	UNRESOLVED
dinner_emote_207_pre	dinner_emote	0	null	null	UNRESOLVED
dinner_emote_208_loop	dinner_emote	0	null	null	UNRESOLVED
dinner_emote_208_once	dinner_emote	0	null	null	UNRESOLVED
dinner_emote_208_pre	dinner_emote	0	null	null	UNRESOLVED
dinner_emote_209_loop	dinner_emote	0	null	null	UNRESOLVED
dinner_emote_209_recover	dinner_emote	0	null	null	UNRESOLVED
dinner_emote_210_loop	dinner_emote	0	null	null	UNRESOLVED
dinner_emote_210_once	dinner_emote	0	null	null	UNRESOLVED
dinner_emote_211_loop	dinner_emote	0	null	null	UNRESOLVED
dinner_emote_211_once	dinner_emote	0	null	null	UNRESOLVED
dinner_emote_211_recover	dinner_emote	0	null	null	UNRESOLVED
dinner_emote_212_recover	dinner_emote	0	null	null	UNRESOLVED
dinner_emote_213_once	dinner_emote	0	null	null	UNRESOLVED
dinner_emote_213_pre	dinner_emote	0	null	null	UNRESOLVED
dinner_emote_213_recover	dinner_emote	0	null	null	UNRESOLVED
dinner_emote_214_loop	dinner_emote	0	null	null	UNRESOLVED
dinner_emote_214_once	dinner_emote	0	null	null	UNRESOLVED
dinner_emote_214_pre	dinner_emote	0	null	null	UNRESOLVED
dinner_emote_214_recover	dinner_emote	0	null	null	UNRESOLVED
dinner_emote_215_loop	dinner_emote	0	null	null	UNRESOLVED
dinner_emote_215_pre	dinner_emote	0	null	null	UNRESOLVED
dinner_emote_215_recover	dinner_emote	0	null	null	UNRESOLVED
dinner_emote_216_pre	dinner_emote	0	null	null	UNRESOLVED
dinner_emote_216_recover	dinner_emote	0	null	null	UNRESOLVED
dinner_emote_217_once	dinner_emote	0	null	null	UNRESOLVED
dinner_emote_217_pre	dinner_emote	0	null	null	UNRESOLVED
dinner_emote_218_loop	dinner_emote	0	null	null	UNRESOLVED
dinner_emote_218_once	dinner_emote	0	null	null	UNRESOLVED
dinner_emote_218_pre	dinner_emote	0	null	null	UNRESOLVED
dinner_emote_219_loop	dinner_emote	0	null	null	UNRESOLVED
dinner_emote_219_recover	dinner_emote	0	null	null	UNRESOLVED
dinner_emote_220_loop	dinner_emote	0	null	null	UNRESOLVED
dinner_emote_220_once	dinner_emote	0	null	null	UNRESOLVED
dinner_emote_221_loop	dinner_emote	0	null	null	UNRESOLVED
dinner_emote_221_once	dinner_emote	0	null	null	UNRESOLVED
dinner_emote_221_recover	dinner_emote	0	null	null	UNRESOLVED
dinner_emote_222_recover	dinner_emote	0	null	null	UNRESOLVED
dinner_emote_223_once	dinner_emote	0	null	null	UNRESOLVED
dinner_emote_223_pre	dinner_emote	0	null	null	UNRESOLVED
dinner_emote_223_recover	dinner_emote	0	null	null	UNRESOLVED
dinner_emote_224_loop	dinner_emote	0	null	null	UNRESOLVED
dinner_emote_224_once	dinner_emote	0	null	null	UNRESOLVED
dinner_emote_224_pre	dinner_emote	0	null	null	UNRESOLVED
dinner_emote_224_recover	dinner_emote	0	null	null	UNRESOLVED
dinner_emote_225_loop	dinner_emote	0	null	null	UNRESOLVED
dinner_emote_225_pre	dinner_emote	0	null	null	UNRESOLVED
dinner_emote_225_recover	dinner_emote	0	null	null	UNRESOLVED
dinner_emote_226_pre	dinner_emote	0	null	null	UNRESOLVED
dinner_emote_226_recover	dinner_emote	0	null	null	UNRESOLVED
dinner_emote_227_once	dinner_emote	0	null	null	UNRESOLVED
dinner_emote_227_pre	dinner_emote	0	null	null	UNRESOLVED
dinner_emote_228_loop	dinner_emote	0	null	null	UNRESOLVED
dinner_emote_228_once	dinner_emote	0	null	null	UNRESOLVED
dinner_emote_228_pre	dinner_emote	0	null	null	UNRESOLVED
dinner_emote_229_loop	dinner_emote	0	null	null	UNRESOLVED
dinner_emote_229_recover	dinner_emote	0	null	null	UNRESOLVED
dinner_emote_230_loop	dinner_emote	0	null	null	UNRESOLVED
dinner_emote_230_once	dinner_emote	0	null	null	UNRESOLVED
dinner_emote_231_loop	dinner_emote	0	null	null	UNRESOLVED
dinner_emote_231_once	dinner_emote	0	null	null	UNRESOLVED
dinner_emote_231_recover	dinner_emote	0	null	null	UNRESOLVED
dinner_emote_232_recover	dinner_emote	0	null	null	UNRESOLVED
dinner_emote_233_once	dinner_emote	0	null	null	UNRESOLVED
dinner_emote_233_pre	dinner_emote	0	null	null	UNRESOLVED
dinner_emote_234_loop	dinner_emote	0	null	null	UNRESOLVED
dinner_emote_234_once	dinner_emote	0	null	null	UNRESOLVED
dinner_emote_234_pre	dinner_emote	0	null	null	UNRESOLVED
dinner_emote_234_recover	dinner_emote	0	null	null	UNRESOLVED
dinner_emote_235_loop	dinner_emote	0	null	null	UNRESOLVED
dinner_emote_235_pre	dinner_emote	0	null	null	UNRESOLVED
dinner_emote_235_recover	dinner_emote	0	null	null	UNRESOLVED
dinner_emote_236_pre	dinner_emote	0	null	null	UNRESOLVED
dinner_emote_236_recover	dinner_emote	0	null	null	UNRESOLVED
dinner_emote_237_once	dinner_emote	0	null	null	UNRESOLVED
dinner_emote_237_pre	dinner_emote	0	null	null	UNRESOLVED
dinner_emote_238_loop	dinner_emote	0	null	null	UNRESOLVED
dinner_emote_238_once	dinner_emote	0	null	null	UNRESOLVED
dinner_emote_238_pre	dinner_emote	0	null	null	UNRESOLVED
dinner_emote_239_loop	dinner_emote	0	null	null	UNRESOLVED
dinner_emote_239_recover	dinner_emote	0	null	null	UNRESOLVED
dinner_emote_240_loop	dinner_emote	0	null	null	UNRESOLVED
dinner_emote_240_once	dinner_emote	0	null	null	UNRESOLVED
dinner_emote_241_loop	dinner_emote	0	null	null	UNRESOLVED
dinner_emote_241_once	dinner_emote	0	null	null	UNRESOLVED
dinner_emote_241_recover	dinner_emote	0	null	null	UNRESOLVED
dinner_emote_242_recover	dinner_emote	0	null	null	UNRESOLVED
dinner_emote_243_once	dinner_emote	0	null	null	UNRESOLVED
dinner_emote_243_pre	dinner_emote	0	null	null	UNRESOLVED
dinner_emote_243_recover	dinner_emote	0	null	null	UNRESOLVED
dinner_emote_244_loop	dinner_emote	0	null	null	UNRESOLVED
dinner_emote_244_once	dinner_emote	0	null	null	UNRESOLVED
dinner_emote_244_pre	dinner_emote	0	null	null	UNRESOLVED
dinner_emote_244_recover	dinner_emote	0	null	null	UNRESOLVED
dinner_emote_245_loop	dinner_emote	0	null	null	UNRESOLVED
dinner_emote_245_pre	dinner_emote	0	null	null	UNRESOLVED
dinner_emote_245_recover	dinner_emote	0	null	null	UNRESOLVED
dinner_emote_246_pre	dinner_emote	0	null	null	UNRESOLVED
dinner_emote_246_recover	dinner_emote	0	null	null	UNRESOLVED
dinner_emote_247_once	dinner_emote	0	null	null	UNRESOLVED
dinner_emote_247_pre	dinner_emote	0	null	null	UNRESOLVED
dinner_emote_248_loop	dinner_emote	0	null	null	UNRESOLVED
dinner_emote_248_once	dinner_emote	0	null	null	UNRESOLVED
dinner_emote_248_pre	dinner_emote	0	null	null	UNRESOLVED
dinner_emote_249_loop	dinner_emote	0	null	null	UNRESOLVED
dinner_emote_249_recover	dinner_emote	0	null	null	UNRESOLVED
dinner_emote_250_loop	dinner_emote	0	null	null	UNRESOLVED
dinner_emote_250_once	dinner_emote	0	null	null	UNRESOLVED
dinner_emote_251_loop	dinner_emote	0	null	null	UNRESOLVED
dinner_emote_251_once	dinner_emote	0	null	null	UNRESOLVED
dinner_emote_251_recover	dinner_emote	0	null	null	UNRESOLVED
dinner_emote_252_recover	dinner_emote	0	null	null	UNRESOLVED
dinner_emote_253_once	dinner_emote	0	null	null	UNRESOLVED
dinner_emote_253_pre	dinner_emote	0	null	null	UNRESOLVED
dinner_emote_253_recover	dinner_emote	0	null	null	UNRESOLVED
dinner_emote_254_loop	dinner_emote	0	null	null	UNRESOLVED
dinner_emote_254_once	dinner_emote	0	null	null	UNRESOLVED
dinner_emote_254_pre	dinner_emote	0	null	null	UNRESOLVED
dinner_emote_254_recover	dinner_emote	0	null	null	UNRESOLVED
dinner_emote_255_loop	dinner_emote	0	null	null	UNRESOLVED
dinner_emote_255_pre	dinner_emote	0	null	null	UNRESOLVED
dinner_emote_255_recover	dinner_emote	0	null	null	UNRESOLVED
dinner_emote_256_pre	dinner_emote	0	null	null	UNRESOLVED
dinner_emote_256_recover	dinner_emote	0	null	null	UNRESOLVED
dinner_emote_257_once	dinner_emote	0	null	null	UNRESOLVED
dinner_emote_257_pre	dinner_emote	0	null	null	UNRESOLVED
dinner_emote_258_loop	dinner_emote	0	null	null	UNRESOLVED
dinner_emote_258_once	dinner_emote	0	null	null	UNRESOLVED
dinner_emote_258_pre	dinner_emote	0	null	null	UNRESOLVED
dinner_emote_259_loop	dinner_emote	0	null	null	UNRESOLVED
dinner_emote_259_recover	dinner_emote	0	null	null	UNRESOLVED
dinner_emote_260_loop	dinner_emote	0	null	null	UNRESOLVED
dinner_emote_260_once	dinner_emote	0	null	null	UNRESOLVED
dinner_emote_261_loop	dinner_emote	0	null	null	UNRESOLVED
dinner_emote_261_once	dinner_emote	0	null	null	UNRESOLVED
dinner_emote_261_recover	dinner_emote	0	null	null	UNRESOLVED
dinner_emote_262_recover	dinner_emote	0	null	null	UNRESOLVED
dinner_emote_263_once	dinner_emote	0	null	null	UNRESOLVED
dinner_emote_263_pre	dinner_emote	0	null	null	UNRESOLVED
dinner_emote_263_recover	dinner_emote	0	null	null	UNRESOLVED
dinner_emote_264_loop	dinner_emote	0	null	null	UNRESOLVED
dinner_emote_264_once	dinner_emote	0	null	null	UNRESOLVED
dinner_emote_264_pre	dinner_emote	0	null	null	UNRESOLVED
dinner_emote_264_recover	dinner_emote	0	null	null	UNRESOLVED
dinner_emote_265_loop	dinner_emote	0	null	null	UNRESOLVED
dinner_emote_265_pre	dinner_emote	0	null	null	UNRESOLVED
dinner_emote_265_recover	dinner_emote	0	null	null	UNRESOLVED
dinner_emote_266_pre	dinner_emote	0	null	null	UNRESOLVED
dinner_emote_266_recover	dinner_emote	0	null	null	UNRESOLVED
dinner_emote_267_once	dinner_emote	0	null	null	UNRESOLVED
dinner_emote_267_pre	dinner_emote	0	null	null	UNRESOLVED
dinner_emote_268_loop	dinner_emote	0	null	null	UNRESOLVED
dinner_emote_268_once	dinner_emote	0	null	null	UNRESOLVED
dinner_emote_268_pre	dinner_emote	0	null	null	UNRESOLVED
dinner_emote_269_loop	dinner_emote	0	null	null	UNRESOLVED
dinner_emote_269_recover	dinner_emote	0	null	null	UNRESOLVED
dinner_emote_270_loop	dinner_emote	0	null	null	UNRESOLVED
dinner_emote_270_once	dinner_emote	0	null	null	UNRESOLVED
dinner_emote_271_loop	dinner_emote	0	null	null	UNRESOLVED
dinner_emote_271_once	dinner_emote	0	null	null	UNRESOLVED
dinner_emote_271_recover	dinner_emote	0	null	null	UNRESOLVED
dinner_emote_272_recover	dinner_emote	0	null	null	UNRESOLVED
dinner_emote_273_once	dinner_emote	0	null	null	UNRESOLVED
dinner_emote_273_pre	dinner_emote	0	null	null	UNRESOLVED
dinner_emote_274_loop	dinner_emote	0	null	null	UNRESOLVED
dinner_emote_274_once	dinner_emote	0	null	null	UNRESOLVED
dinner_emote_274_pre	dinner_emote	0	null	null	UNRESOLVED
dinner_emote_274_recover	dinner_emote	0	null	null	UNRESOLVED
dinner_emote_275_loop	dinner_emote	0	null	null	UNRESOLVED
dinner_emote_275_pre	dinner_emote	0	null	null	UNRESOLVED
dinner_emote_275_recover	dinner_emote	0	null	null	UNRESOLVED
dinner_emote_276_pre	dinner_emote	0	null	null	UNRESOLVED
dinner_emote_276_recover	dinner_emote	0	null	null	UNRESOLVED
dinner_emote_277_once	dinner_emote	0	null	null	UNRESOLVED
dinner_emote_277_pre	dinner_emote	0	null	null	UNRESOLVED
dinner_emote_278_loop	dinner_emote	0	null	null	UNRESOLVED
dinner_emote_278_once	dinner_emote	0	null	null	UNRESOLVED
dinner_emote_278_pre	dinner_emote	0	null	null	UNRESOLVED
dinner_emote_279_loop	dinner_emote	0	null	null	UNRESOLVED
dinner_emote_279_recover	dinner_emote	0	null	null	UNRESOLVED
dinner_emote_280_loop	dinner_emote	0	null	null	UNRESOLVED
dinner_emote_280_once	dinner_emote	0	null	null	UNRESOLVED
dinner_emote_281_loop	dinner_emote	0	null	null	UNRESOLVED
dinner_emote_281_once	dinner_emote	0	null	null	UNRESOLVED
dinner_emote_281_recover	dinner_emote	0	null	null	UNRESOLVED
dinner_emote_282_recover	dinner_emote	0	null	null	UNRESOLVED
dinner_emote_283_once	dinner_emote	0	null	null	UNRESOLVED
dinner_emote_283_pre	dinner_emote	0	null	null	UNRESOLVED
dinner_emote_283_recover	dinner_emote	0	null	null	UNRESOLVED
dinner_emote_284_loop	dinner_emote	0	null	null	UNRESOLVED
dinner_emote_284_once	dinner_emote	0	null	null	UNRESOLVED
dinner_emote_284_pre	dinner_emote	0	null	null	UNRESOLVED
dinner_emote_284_recover	dinner_emote	0	null	null	UNRESOLVED
dinner_emote_285_loop	dinner_emote	0	null	null	UNRESOLVED
dinner_emote_285_pre	dinner_emote	0	null	null	UNRESOLVED
dinner_emote_285_recover	dinner_emote	0	null	null	UNRESOLVED
dinner_emote_286_pre	dinner_emote	0	null	null	UNRESOLVED
dinner_emote_286_recover	dinner_emote	0	null	null	UNRESOLVED
dinner_emote_287_once	dinner_emote	0	null	null	UNRESOLVED
dinner_emote_287_pre	dinner_emote	0	null	null	UNRESOLVED
dinner_emote_288_loop	dinner_emote	0	null	null	UNRESOLVED
dinner_emote_288_once	dinner_emote	0	null	null	UNRESOLVED
dinner_emote_288_pre	dinner_emote	0	null	null	UNRESOLVED
dinner_emote_289_loop	dinner_emote	0	null	null	UNRESOLVED
dinner_emote_289_recover	dinner_emote	0	null	null	UNRESOLVED
dinner_emote_290_loop	dinner_emote	0	null	null	UNRESOLVED
dinner_emote_290_once	dinner_emote	0	null	null	UNRESOLVED
dinner_emote_291_loop	dinner_emote	0	null	null	UNRESOLVED
dinner_emote_291_once	dinner_emote	0	null	null	UNRESOLVED
dinner_emote_291_recover	dinner_emote	0	null	null	UNRESOLVED
dinner_emote_292_recover	dinner_emote	0	null	null	UNRESOLVED
dinner_emote_293_once	dinner_emote	0	null	null	UNRESOLVED
dinner_emote_293_pre	dinner_emote	0	null	null	UNRESOLVED
dinner_emote_293_recover	dinner_emote	0	null	null	UNRESOLVED
dinner_emote_294_loop	dinner_emote	0	null	null	UNRESOLVED
dinner_emote_294_once	dinner_emote	0	null	null	UNRESOLVED
dinner_emote_294_pre	dinner_emote	0	null	null	UNRESOLVED
dinner_emote_294_recover	dinner_emote	0	null	null	UNRESOLVED
dinner_emote_295_loop	dinner_emote	0	null	null	UNRESOLVED
dinner_emote_295_pre	dinner_emote	0	null	null	UNRESOLVED
dinner_emote_295_recover	dinner_emote	0	null	null	UNRESOLVED
dinner_emote_296_pre	dinner_emote	0	null	null	UNRESOLVED
dinner_emote_296_recover	dinner_emote	0	null	null	UNRESOLVED
dinner_emote_297_once	dinner_emote	0	null	null	UNRESOLVED
dinner_emote_297_pre	dinner_emote	0	null	null	UNRESOLVED
dinner_emote_298_loop	dinner_emote	0	null	null	UNRESOLVED
dinner_emote_298_once	dinner_emote	0	null	null	UNRESOLVED
dinner_emote_298_pre	dinner_emote	0	null	null	UNRESOLVED
dinner_emote_299_loop	dinner_emote	0	null	null	UNRESOLVED
dinner_emote_299_recover	dinner_emote	0	null	null	UNRESOLVED
dinner_emote_302_once	dinner_emote	0	null	null	UNRESOLVED
dinner_emote_306_once	dinner_emote	0	null	null	UNRESOLVED
dinner_emote_312_once	dinner_emote	0	null	null	UNRESOLVED
dinner_emote_316_once	dinner_emote	0	null	null	UNRESOLVED
dinner_emote_322_once	dinner_emote	0	null	null	UNRESOLVED
dinner_emote_326_once	dinner_emote	0	null	null	UNRESOLVED
dinner_emote_332_once	dinner_emote	0	null	null	UNRESOLVED
dinner_emote_336_once	dinner_emote	0	null	null	UNRESOLVED
dinner_emote_342_once	dinner_emote	0	null	null	UNRESOLVED
dinner_emote_346_once	dinner_emote	0	null	null	UNRESOLVED
dinner_emote_352_once	dinner_emote	0	null	null	UNRESOLVED
dinner_emote_356_once	dinner_emote	0	null	null	UNRESOLVED
dinner_emote_362_once	dinner_emote	0	null	null	UNRESOLVED
dinner_emote_366_once	dinner_emote	0	null	null	UNRESOLVED
dinner_emote_372_once	dinner_emote	0	null	null	UNRESOLVED
dinner_emote_376_once	dinner_emote	0	null	null	UNRESOLVED
dinner_emote_382_once	dinner_emote	0	null	null	UNRESOLVED
dinner_emote_386_once	dinner_emote	0	null	null	UNRESOLVED
dinner_emote_392_once	dinner_emote	0	null	null	UNRESOLVED
dinner_emote_396_once	dinner_emote	0	null	null	UNRESOLVED
dinner_emote_402_once	dinner_emote	0	null	null	UNRESOLVED
dinner_emote_403_once	dinner_emote	0	null	null	UNRESOLVED
dinner_emote_406_once	dinner_emote	0	null	null	UNRESOLVED
dinner_emote_407_once	dinner_emote	0	null	null	UNRESOLVED
dinner_emote_412_once	dinner_emote	0	null	null	UNRESOLVED
dinner_emote_413_once	dinner_emote	0	null	null	UNRESOLVED
dinner_emote_416_once	dinner_emote	0	null	null	UNRESOLVED
dinner_emote_417_once	dinner_emote	0	null	null	UNRESOLVED
dinner_emote_422_once	dinner_emote	0	null	null	UNRESOLVED
dinner_emote_423_once	dinner_emote	0	null	null	UNRESOLVED
dinner_emote_426_once	dinner_emote	0	null	null	UNRESOLVED
dinner_emote_427_once	dinner_emote	0	null	null	UNRESOLVED
dinner_emote_432_once	dinner_emote	0	null	null	UNRESOLVED
dinner_emote_433_once	dinner_emote	0	null	null	UNRESOLVED
dinner_emote_436_once	dinner_emote	0	null	null	UNRESOLVED
dinner_emote_437_once	dinner_emote	0	null	null	UNRESOLVED
dinner_emote_442_once	dinner_emote	0	null	null	UNRESOLVED
dinner_emote_443_once	dinner_emote	0	null	null	UNRESOLVED
dinner_emote_446_once	dinner_emote	0	null	null	UNRESOLVED
dinner_emote_447_once	dinner_emote	0	null	null	UNRESOLVED
dinner_emote_452_once	dinner_emote	0	null	null	UNRESOLVED
dinner_emote_453_once	dinner_emote	0	null	null	UNRESOLVED
dinner_emote_456_once	dinner_emote	0	null	null	UNRESOLVED
dinner_emote_457_once	dinner_emote	0	null	null	UNRESOLVED
dinner_emote_462_once	dinner_emote	0	null	null	UNRESOLVED
dinner_emote_463_once	dinner_emote	0	null	null	UNRESOLVED
dinner_emote_466_once	dinner_emote	0	null	null	UNRESOLVED
dinner_emote_467_once	dinner_emote	0	null	null	UNRESOLVED
dinner_emote_472_once	dinner_emote	0	null	null	UNRESOLVED
dinner_emote_473_once	dinner_emote	0	null	null	UNRESOLVED
dinner_emote_476_once	dinner_emote	0	null	null	UNRESOLVED
dinner_emote_477_once	dinner_emote	0	null	null	UNRESOLVED
dinner_emote_482_once	dinner_emote	0	null	null	UNRESOLVED
dinner_emote_483_once	dinner_emote	0	null	null	UNRESOLVED
dinner_emote_486_once	dinner_emote	0	null	null	UNRESOLVED
dinner_emote_487_once	dinner_emote	0	null	null	UNRESOLVED
dinner_emote_492_once	dinner_emote	0	null	null	UNRESOLVED
dinner_emote_493_once	dinner_emote	0	null	null	UNRESOLVED
dinner_emote_496_once	dinner_emote	0	null	null	UNRESOLVED
dinner_emote_497_once	dinner_emote	0	null	null	UNRESOLVED
dinner_emptystep_dodge_front	dinner_empty_dodge	0	null	null	UNRESOLVED
dinner_emptystep_dodge_front_fast_01	dinner_empty_dodge	0	null	null	UNRESOLVED
dinner_emptystep_dodge_front_left	dinner_empty_dodge	0	null	null	UNRESOLVED
dinner_emptystep_dodge_front_peace_01	dinner_empty_dodge	0	null	null	UNRESOLVED
dinner_emptystep_dodge_front_peace_02	dinner_empty_dodge	0	null	null	UNRESOLVED
dinner_emptystep_dodge_front_right	dinner_empty_dodge	0	null	null	UNRESOLVED
dinner_emptystep_dodge_left	dinner_empty_dodge	0	null	null	UNRESOLVED
dinner_enhance_airhike_up_01	dinner_airhike	0	null	null	UNRESOLVED
dinner_enhance_airhike_up_02	dinner_airhike	0	null	null	UNRESOLVED
dinner_enhance_dodge_left_battle	dinner_enhance_dodge	0	null	null	UNRESOLVED
dinner_enhance_dodge_left_double_battle	dinner_enhance_dodge	0	null	null	UNRESOLVED
dinner_enhance_down_to_land_04	dinner_land	0	null	null	UNRESOLVED
dinner_enhance_hang_wall_idle_up_01	dinner_hang_wall_out	0	null	null	UNRESOLVED
dinner_enhance_jump_forward_down_01	dinner_jump_down	0	null	null	UNRESOLVED
dinner_enhance_jump_forward_down_02	dinner_jump_down	0	null	null	UNRESOLVED
dinner_enhance_jump_forward_up_01	dinner_jump	0	null	null	UNRESOLVED
dinner_enhance_jump_forward_up_02	dinner_jump	0	null	null	UNRESOLVED
dinner_enhance_jump_inplace_up_01	dinner_jump	0	null	null	UNRESOLVED
dinner_enhance_jump_inplace_up_02	dinner_jump	0	null	null	UNRESOLVED
dinner_enhance_kink_weight_down_to_land_01	dinner_land	0	null	null	UNRESOLVED
dinner_enhance_sprint_left_push_01	dinner_sprint_push	0	null	null	UNRESOLVED
dinner_enhance_sprint_right_push_01	dinner_sprint_push	0	null	null	UNRESOLVED
dinner_enhance_sprint_step_down_inertia_01	dinner_enhance_sprint_step_down_inertia	0	null	null	UNRESOLVED
dinner_enhance_walk_wall_climb_up_01	dinner_scene_grab	0	null	null	UNRESOLVED
dinner_enter_airflying_01	dinner_enter_airflying	0	null	null	UNRESOLVED
dinner_enter_surfacewater	dinner_enter_surfacewater	0	null	null	UNRESOLVED
dinner_enter_surfacewater_battle	dinner_enter_surfacewater	0	null	null	UNRESOLVED
dinner_escort_target_01_loop	dinner_interaction_device	0	null	null	UNRESOLVED
dinner_escort_target_01_pre	dinner_interaction_device	0	null	null	UNRESOLVED
dinner_escort_target_01_recover	dinner_interaction_device	0	null	null	UNRESOLVED
dinner_escort_target_02_loop	dinner_interaction_device	0	null	null	UNRESOLVED
dinner_escort_target_02_pre	dinner_interaction_device	0	null	null	UNRESOLVED
dinner_escort_target_02_recover	dinner_interaction_device	0	null	null	UNRESOLVED
dinner_escort_target_03_loop	dinner_interaction_device	0	null	null	UNRESOLVED
dinner_escort_target_03_pre	dinner_interaction_device	0	null	null	UNRESOLVED
dinner_escort_target_03_recover	dinner_interaction_device	0	null	null	UNRESOLVED
dinner_escort_target_04_loop	dinner_interaction_device	0	null	null	UNRESOLVED
dinner_escort_target_04_pre	dinner_interaction_device	0	null	null	UNRESOLVED
dinner_escort_target_04_recover	dinner_interaction_device	0	null	null	UNRESOLVED
dinner_escort_target_05_loop	dinner_interaction_device	0	null	null	UNRESOLVED
dinner_escort_target_05_pre	dinner_interaction_device	0	null	null	UNRESOLVED
dinner_escort_target_05_recover	dinner_interaction_device	0	null	null	UNRESOLVED
dinner_escort_target_06_loop	dinner_interaction_device	0	null	null	UNRESOLVED
dinner_escort_target_06_pre	dinner_interaction_device	0	null	null	UNRESOLVED
dinner_escort_target_06_recover	dinner_interaction_device	0	null	null	UNRESOLVED
dinner_escort_target_07_loop	dinner_interaction_device	0	null	null	UNRESOLVED
dinner_escort_target_07_pre	dinner_interaction_device	0	null	null	UNRESOLVED
dinner_escort_target_07_recover	dinner_interaction_device	0	null	null	UNRESOLVED
dinner_escort_target_08_loop	dinner_interaction_device	0	null	null	UNRESOLVED
dinner_escort_target_08_pre	dinner_interaction_device	0	null	null	UNRESOLVED
dinner_escort_target_08_recover	dinner_interaction_device	0	null	null	UNRESOLVED
dinner_escort_target_09_loop	dinner_interaction_device	0	null	null	UNRESOLVED
dinner_escort_target_09_pre	dinner_interaction_device	0	null	null	UNRESOLVED
dinner_escort_target_09_recover	dinner_interaction_device	0	null	null	UNRESOLVED
dinner_escort_target_10_pre	dinner_interaction_device	0	null	null	UNRESOLVED
dinner_evacuate_active_hide_point_01_recover	dinner_interaction_device	0	null	null	UNRESOLVED
dinner_evacuate_armor_uncompress_01	dinner_evacuate_armor_uncompress	3	null	null	UNRESOLVED
dinner_evacuate_censer_recover_01	dinner_evacuate_censer_recover	0	null	null	UNRESOLVED
dinner_evacuate_custom_item_01	dinner_evacuate_custom_item	0	null	null	UNRESOLVED
dinner_evacuate_custom_item_02	dinner_evacuate_custom_item	0	null	null	UNRESOLVED
dinner_evacuate_custom_item_04	dinner_evacuate_custom_item	0	null	null	UNRESOLVED
dinner_evacuate_custom_item_07	dinner_evacuate_custom_item	0	null	null	UNRESOLVED
dinner_evacuate_custom_item_08	dinner_evacuate_custom_item	0	null	null	UNRESOLVED
dinner_evacuate_custom_item_09	dinner_evacuate_custom_item	0	null	null	UNRESOLVED
dinner_evacuate_custom_item_10	dinner_evacuate_custom_item	0	null	null	UNRESOLVED
dinner_evacuate_custom_item_11	dinner_evacuate_custom_item	0	null	null	UNRESOLVED
dinner_evacuate_custom_item_12	dinner_evacuate_custom_item	0	null	null	UNRESOLVED
dinner_evacuate_custom_item_14	dinner_evacuate_custom_item	0	null	null	UNRESOLVED
dinner_evacuate_custom_item_17	dinner_evacuate_custom_item	0	null	null	UNRESOLVED
dinner_evacuate_custom_item_18	dinner_evacuate_custom_item	0	null	null	UNRESOLVED
dinner_evacuate_custom_item_19	dinner_evacuate_custom_item	0	null	null	UNRESOLVED
dinner_evacuate_custom_item_20	dinner_evacuate_custom_item	0	null	null	UNRESOLVED
dinner_evacuate_custom_item_21	dinner_evacuate_custom_item	0	null	null	UNRESOLVED
dinner_evacuate_custom_item_22	dinner_evacuate_custom_item	0	null	null	UNRESOLVED
dinner_evacuate_custom_item_24	dinner_evacuate_custom_item	0	null	null	UNRESOLVED
dinner_evacuate_custom_item_27	dinner_evacuate_custom_item	0	null	null	UNRESOLVED
dinner_evacuate_custom_item_28	dinner_evacuate_custom_item	0	null	null	UNRESOLVED
dinner_evacuate_custom_item_29	dinner_evacuate_custom_item	0	null	null	UNRESOLVED
dinner_evacuate_custom_item_30	dinner_evacuate_custom_item	0	null	null	UNRESOLVED
dinner_evacuate_custom_item_31	dinner_evacuate_custom_item	0	null	null	UNRESOLVED
dinner_evacuate_custom_item_32	dinner_evacuate_custom_item	0	null	null	UNRESOLVED
dinner_evacuate_custom_item_34	dinner_evacuate_custom_item	0	null	null	UNRESOLVED
dinner_evacuate_custom_item_37	dinner_evacuate_custom_item	0	null	null	UNRESOLVED
dinner_evacuate_custom_item_38	dinner_evacuate_custom_item	0	null	null	UNRESOLVED
dinner_evacuate_custom_item_39	dinner_evacuate_custom_item	0	null	null	UNRESOLVED
dinner_evacuate_custom_item_40	dinner_evacuate_custom_item	0	null	null	UNRESOLVED
dinner_evacuate_gate_01_recover	dinner_interaction_gate_device	0	null	null	UNRESOLVED
dinner_evacuate_gate_02_recover	dinner_interaction_gate_device	0	null	null	UNRESOLVED
dinner_evacuate_gather_01_loop	dinner_evacuate_gather_loop	0	null	null	UNRESOLVED
dinner_evacuate_gather_01_pre	dinner_evacuate_gather_pre	0	null	null	UNRESOLVED
dinner_evacuate_holy_grail_01_active	dinner_interaction_holy_grail_device	0	null	null	UNRESOLVED
dinner_evacuate_holy_grail_01_recover	dinner_interaction_holy_grail_device	0	null	null	UNRESOLVED
dinner_evacuate_interact_altar_01	dinner_evacuate_interact_altar	0	null	null	UNRESOLVED
dinner_evacuate_interact_tide_archery_01	dinner_evacuate_interact_tide_archery	0	null	null	UNRESOLVED
dinner_evacuate_kaogu_01_loop	dinner_evacuate_kaogu_loop	0	null	null	UNRESOLVED
dinner_evacuate_kaogu_01_recover	dinner_evacuate_kaogu_recover	0	null	null	UNRESOLVED
dinner_evacuate_kill_show_01	dinner_evacuate_kill_show	0	null	null	UNRESOLVED
dinner_evacuate_monster_liubang_active_01	dinner_evacuate_monster_liubang	0	null	null	UNRESOLVED
dinner_evacuate_ore_01_pre	dinner_evacuate_ore_pre	0	null	null	UNRESOLVED
dinner_evacuate_ore_01_recover	dinner_evacuate_ore_recover	0	null	null	UNRESOLVED
dinner_evacuate_ore_02_loop	dinner_evacuate_ore_loop	0	null	null	UNRESOLVED
dinner_evacuate_ore_02_recover	dinner_evacuate_ore_recover	0	null	null	UNRESOLVED
dinner_evacuate_ore_03_loop	dinner_evacuate_ore_loop	0	null	null	UNRESOLVED
dinner_evacuate_treasure_01_loop	dinner_evacuate_treasure_loop	0	null	null	UNRESOLVED
dinner_evacuate_treasure_01_pre	dinner_evacuate_treasure_pre	0	null	null	UNRESOLVED
dinner_evacuate_treasure_01_recover	dinner_evacuate_treasure_recover	0	null	null	UNRESOLVED
dinner_evacuate_treasure_01_unlock_to_pre	dinner_evacuate_treasure_pre	0	null	null	UNRESOLVED
dinner_evacuate_treasure_02_loop	dinner_evacuate_treasure_loop	0	null	null	UNRESOLVED
dinner_evacuate_treasure_02_pre	dinner_evacuate_treasure_pre	0	null	null	UNRESOLVED
dinner_evacuate_treasure_02_recover	dinner_evacuate_treasure_recover	0	null	null	UNRESOLVED
dinner_evacuate_treasure_03_loop	dinner_evacuate_treasure_loop	0	null	null	UNRESOLVED
dinner_evacuate_treasure_03_pre	dinner_evacuate_treasure_pre	0	null	null	UNRESOLVED
dinner_evacuate_treasure_03_recover	dinner_evacuate_treasure_recover	0	null	null	UNRESOLVED
dinner_evacuate_treasure_04_loop	dinner_evacuate_treasure_loop	0	null	null	UNRESOLVED
dinner_evacuate_treasure_04_pre	dinner_evacuate_treasure_pre	0	null	null	UNRESOLVED
dinner_evacuate_treasure_04_recover	dinner_evacuate_treasure_recover	0	null	null	UNRESOLVED
dinner_evacuate_treasure_04_unlock_to_pre	dinner_evacuate_treasure_pre	0	null	null	UNRESOLVED
dinner_evacuate_treasure_05_loop	dinner_evacuate_treasure_loop	0	null	null	UNRESOLVED
dinner_evacuate_treasure_05_pre	dinner_evacuate_treasure_pre	0	null	null	UNRESOLVED
dinner_evacuate_treasure_05_recover	dinner_evacuate_treasure_recover	0	null	null	UNRESOLVED
dinner_evacuate_treasure_05_unlock_to_pre	dinner_evacuate_treasure_pre	0	null	null	UNRESOLVED
dinner_evacuate_treasure_06_loop	dinner_evacuate_treasure_loop	0	null	null	UNRESOLVED
dinner_evacuate_treasure_06_pre	dinner_evacuate_treasure_pre	0	null	null	UNRESOLVED
dinner_evacuate_treasure_06_recover	dinner_evacuate_treasure_recover	0	null	null	UNRESOLVED
dinner_evacuate_treasure_eat_player_01_loop	dinner_evacuate_treasure_eat_player_loop	0	null	null	UNRESOLVED
dinner_evacuate_treasure_eat_player_01_pre	dinner_evacuate_treasure_eat_player_pre	0	null	null	UNRESOLVED
dinner_evacuate_treasure_unlock_01_pre	dinner_evacuate_treasure_unlock_pre	0	null	null	UNRESOLVED
dinner_evacuate_treasure_unlock_02_loop	dinner_evacuate_treasure_unlock_loop	0	null	null	UNRESOLVED
dinner_female_bathing_enter_01	dinner_bathing_enter	0	null	null	UNRESOLVED
dinner_female_bathing_exit_01	dinner_bathing_exit	0	null	null	UNRESOLVED
dinner_flashstep_dodge_back	dinner_flashstep_dodge	0	null	null	UNRESOLVED
dinner_flashstep_dodge_floating_back	dinner_flashstep_dodge	0	null	null	UNRESOLVED
dinner_flashstep_dodge_floating_back_double	dinner_flashstep_dodge	0	null	null	UNRESOLVED
dinner_flashstep_dodge_floating_front	dinner_flashstep_dodge	0	null	null	UNRESOLVED
dinner_flashstep_dodge_floating_front_double	dinner_flashstep_dodge	0	null	null	UNRESOLVED
dinner_flashstep_dodge_floating_left	dinner_flashstep_dodge	0	null	null	UNRESOLVED
dinner_flashstep_dodge_floating_left_double	dinner_flashstep_dodge	0	null	null	UNRESOLVED
dinner_flashstep_dodge_floating_right	dinner_flashstep_dodge	0	null	null	UNRESOLVED
dinner_flashstep_dodge_front	dinner_flashstep_dodge	0	null	null	UNRESOLVED
dinner_flashstep_dodge_front_double	dinner_flashstep_dodge	0	null	null	UNRESOLVED
dinner_flashstep_dodge_left	dinner_flashstep_dodge	0	null	null	UNRESOLVED
dinner_flashstep_dodge_right	dinner_flashstep_dodge	0	null	null	UNRESOLVED
dinner_flashstep_dodge_right_double	dinner_flashstep_dodge	0	null	null	UNRESOLVED
dinner_floating_end_hurt_fly	dinner_hurt	0	null	null	UNRESOLVED
dinner_fly_sword_charge_air_fail_1	dinner_fly_sword_charge_fail	0	null	null	UNRESOLVED
dinner_fly_sword_charge_air_fail_2	dinner_fly_sword_charge_fail	0	null	null	UNRESOLVED
dinner_force_bow_hold_move_2d	dinner_force_bow_hold_move	0	null	null	UNRESOLVED
dinner_foxiang_back_finger	dinner_foxiang_back_finger	10	null	null	UNRESOLVED
dinner_frozen_03	dinner_frozen	0	null	null	UNRESOLVED
dinner_frozen_05	dinner_frozen	0	null	null	UNRESOLVED
dinner_frozen_06	dinner_frozen	0	null	null	UNRESOLVED
dinner_frozen_08	dinner_frozen	0	null	null	UNRESOLVED
dinner_frozen_10	dinner_frozen	0	null	null	UNRESOLVED
dinner_frozen_out_01	dinner_frozen_out	0	null	null	UNRESOLVED
dinner_frozen_out_02	dinner_frozen_out	0	null	null	UNRESOLVED
dinner_frozen_out_07	dinner_frozen_out	0	null	null	UNRESOLVED
dinner_frozen_out_09	dinner_frozen_out	0	null	null	UNRESOLVED
dinner_gadget_110	dinner_gadget	0	null	null	UNRESOLVED
dinner_gadget_111	dinner_gadget	0	null	null	UNRESOLVED
dinner_gadget_112	dinner_gadget	0	null	null	UNRESOLVED
dinner_gadget_113	dinner_gadget	0	null	null	UNRESOLVED
dinner_gadget_114	dinner_gadget	0	null	null	UNRESOLVED
dinner_gadget_115	dinner_gadget	0	null	null	UNRESOLVED
dinner_gadget_116	dinner_gadget	0	null	null	UNRESOLVED
dinner_gadget_117	dinner_gadget	0	null	null	UNRESOLVED
dinner_gadget_118	dinner_gadget	0	null	null	UNRESOLVED
dinner_gadget_119	dinner_gadget	0	null	null	UNRESOLVED
dinner_gadget_120	dinner_gadget	0	null	null	UNRESOLVED
dinner_glide_to_beam_above_idle_01	dinner_chain_grappe	0	null	null	UNRESOLVED
dinner_glide_to_hang_wall_01	dinner_chain_grappe	0	null	null	UNRESOLVED
dinner_glide_to_hang_wall_above_back_right_01	dinner_chain_grappe	0	null	null	UNRESOLVED
dinner_glide_to_hang_wall_above_back_right_inertia_01	dinner_hang_wall_idle	0	null	null	UNRESOLVED
dinner_glide_to_hang_wall_above_front_left_01	dinner_chain_grappe	0	null	null	UNRESOLVED
dinner_glide_to_hang_wall_above_front_right_01	dinner_chain_grappe	0	null	null	UNRESOLVED
dinner_glide_to_hang_wall_below_back_left_01	dinner_chain_grappe	0	null	null	UNRESOLVED
dinner_glide_to_hang_wall_below_back_right_01	dinner_chain_grappe	0	null	null	UNRESOLVED
dinner_glide_to_hang_wall_below_front_mid_01	dinner_chain_grappe	0	null	null	UNRESOLVED
dinner_glide_to_hang_wall_below_front_mid_02	dinner_chain_grappe	0	null	null	UNRESOLVED
dinner_glide_to_hang_wall_below_front_right_01	dinner_chain_grappe	0	null	null	UNRESOLVED
dinner_glide_to_hang_wall_below_front_right_02	dinner_chain_grappe	0	null	null	UNRESOLVED
dinner_glide_to_walk_wall_idle_right_01	dinner_chain_grappe	0	null	null	UNRESOLVED
dinner_god_weapon_treasure_unlock_0_pre	dinner_god_weapon_treasure_unlock_pre	0	null	null	UNRESOLVED
dinner_gold_human_becatched_back_01	dinner_gold_human_becatched_back	0	null	null	UNRESOLVED
dinner_gold_human_becatched_idle_01	dinner_gold_human_becatched_idle	0	null	null	UNRESOLVED
dinner_guandan_exit_01	dinner_guandan	0	null	null	UNRESOLVED
dinner_guandan_interact_01	dinner_guandan	0	null	null	UNRESOLVED
dinner_guandan_play_02	dinner_guandan	0	null	null	UNRESOLVED
dinner_guandan_prepare_01	dinner_guandan	0	null	null	UNRESOLVED
dinner_halloween_dj_enter_02	dinner_halloween_dj_enter	0	null	null	UNRESOLVED
dinner_halloween_dj_show_01	dinner_halloween_dj_show	0	null	null	UNRESOLVED
dinner_halloween_dj_show_02	dinner_halloween_dj_show	0	null	null	UNRESOLVED
dinner_halloween_dj_show_03	dinner_halloween_dj_show	0	null	null	UNRESOLVED
dinner_halloween_dj_show_04	dinner_halloween_dj_show	0	null	null	UNRESOLVED
dinner_halloween_dj_show_05	dinner_halloween_dj_show	0	null	null	UNRESOLVED
dinner_halloween_dj_show_06	dinner_halloween_dj_show	0	null	null	UNRESOLVED
dinner_halloween_dj_show_07	dinner_halloween_dj_show	0	null	null	UNRESOLVED
dinner_halloween_dj_show_08	dinner_halloween_dj_show	0	null	null	UNRESOLVED
dinner_halloween_dj_show_09	dinner_halloween_dj_show	0	null	null	UNRESOLVED
dinner_hang_wall_climb_up_01	dinner_hang_wall_out	0	null	null	UNRESOLVED
dinner_hang_wall_dril_grapple_glide_01	dinner_dril_grappe	0	null	null	UNRESOLVED
dinner_hang_wall_dril_shoot_right_01	dinner_dril_shoot	0	null	null	UNRESOLVED
dinner_hang_wall_flash_left_01	dinner_hang_wall_flash	0	null	null	UNRESOLVED
dinner_hang_wall_flash_right_01	dinner_hang_wall_flash	0	null	null	UNRESOLVED
dinner_hang_wall_idle_back_01	dinner_hang_wall_idle	0	null	null	UNRESOLVED
dinner_hang_wall_idle_crouch_in_01	dinner_hang_wall_in	0	null	null	UNRESOLVED
dinner_hang_wall_idle_down_01	dinner_hang_wall_in	0	null	null	UNRESOLVED
dinner_hang_wall_idle_down_inertia_01	dinner_hang_wall_idle	0	null	null	UNRESOLVED
dinner_hang_wall_idle_front_inertia_01	dinner_hang_wall_idle	0	null	null	UNRESOLVED
dinner_hang_wall_idle_inertia_01	dinner_hang_wall_idle	0	null	null	UNRESOLVED
dinner_hang_wall_idle_left_01	dinner_hang_wall_idle	0	null	null	UNRESOLVED
dinner_hang_wall_idle_look_left_01	dinner_hang_wall_idle	0	null	null	UNRESOLVED
dinner_hang_wall_idle_look_right_01	dinner_hang_wall_idle	0	null	null	UNRESOLVED
dinner_hang_wall_idle_right_01	dinner_hang_wall_idle	0	null	null	UNRESOLVED
dinner_hang_wall_idle_to_crouch_01	dinner_hang_wall_out	0	null	null	UNRESOLVED
dinner_hang_wall_jump_back_01	dinner_scene_grab	0	null	null	UNRESOLVED
dinner_hang_wall_jump_left_inertia_01	dinner_hang_wall_idle	0	null	null	UNRESOLVED
dinner_hang_wall_jump_loop_01	dinner_scene_grab	0	null	null	UNRESOLVED
dinner_hang_wall_jump_loop_02	dinner_scene_grab	0	null	null	UNRESOLVED
dinner_hang_wall_jump_loop_03	dinner_scene_grab	0	null	null	UNRESOLVED
dinner_hang_wall_jump_out_01	dinner_jump_out_trigger	0	null	null	UNRESOLVED
dinner_hang_wall_jump_right_01	dinner_scene_grab	0	null	null	UNRESOLVED
dinner_hang_wall_jump_right_inertia_01	dinner_hang_wall_idle	0	null	null	UNRESOLVED
dinner_hang_wall_move_left_01	dinner_hang_wall_move	0	null	null	UNRESOLVED
dinner_hang_wall_move_right_inertia_01	dinner_hang_wall_move	0	null	null	UNRESOLVED
dinner_hang_wall_to_beam_below_01	dinner_beam_below_flash	0	null	null	UNRESOLVED
dinner_hero_born_air_01	dinner_hero_born	0	null	null	UNRESOLVED
dinner_hero_dash_parry_back_1	dinner_hero_dash_parry	0	null	null	UNRESOLVED
dinner_hero_dash_parry_back_2	dinner_hero_dash_parry	0	null	null	UNRESOLVED
dinner_hero_dash_parry_front_2	dinner_hero_dash_parry	0	null	null	UNRESOLVED
dinner_hero_dash_parry_left_1	dinner_hero_dash_parry	0	null	null	UNRESOLVED
dinner_hero_dash_parry_left_2	dinner_hero_dash_parry	0	null	null	UNRESOLVED
dinner_hero_defuse_back_1	dinner_hero_defuse	0	null	null	UNRESOLVED
dinner_hero_defuse_back_2	dinner_hero_defuse	0	null	null	UNRESOLVED
dinner_hero_parry_back_1	dinner_hero_parry	0	null	null	UNRESOLVED
dinner_hero_parry_back_20	dinner_hero_parry	0	null	null	UNRESOLVED
dinner_hero_parry_back_3	dinner_hero_parry	0	null	null	UNRESOLVED
dinner_hero_parry_back_3_recover	dinner_hero_parry_recover	0	null	null	UNRESOLVED
dinner_hero_parry_back_5_recover	dinner_hero_parry_recover	0	null	null	UNRESOLVED
dinner_hero_parry_back_6	dinner_hero_parry	0	null	null	UNRESOLVED
dinner_hero_parry_back_6_recover	dinner_hero_parry_recover	0	null	null	UNRESOLVED
dinner_hero_parry_back_8	dinner_hero_parry	0	null	null	UNRESOLVED
dinner_hero_parry_back_8_recover	dinner_hero_parry_recover	0	null	null	UNRESOLVED
dinner_hero_parry_back_9	dinner_hero_parry	0	null	null	UNRESOLVED
dinner_hero_parry_back_9_recover	dinner_hero_parry_recover	0	null	null	UNRESOLVED
dinner_hero_parry_front_10	dinner_hero_parry	0	null	null	UNRESOLVED
dinner_hero_parry_front_10_recover	dinner_hero_parry_recover	0	null	null	UNRESOLVED
dinner_hero_parry_front_11_recover	dinner_hero_parry_recover	0	null	null	UNRESOLVED
dinner_hero_parry_front_14_recover	dinner_hero_parry_recover	0	null	null	UNRESOLVED
dinner_hero_parry_front_15	dinner_hero_parry	0	null	null	UNRESOLVED
dinner_hero_parry_front_16	dinner_hero_parry	0	null	null	UNRESOLVED
dinner_hero_parry_front_16_recover	dinner_hero_parry_recover	0	null	null	UNRESOLVED
dinner_hero_parry_front_17	dinner_hero_parry	0	null	null	UNRESOLVED
dinner_hero_parry_front_17_recover	dinner_hero_parry_recover	0	null	null	UNRESOLVED
dinner_hero_parry_front_18	dinner_hero_parry	0	null	null	UNRESOLVED
dinner_hero_parry_front_19_recover	dinner_hero_parry_recover	0	null	null	UNRESOLVED
dinner_hero_parry_front_20	dinner_hero_parry	0	null	null	UNRESOLVED
dinner_hero_parry_front_20_recover	dinner_hero_parry_recover	0	null	null	UNRESOLVED
dinner_hero_parry_left_10	dinner_hero_parry	0	null	null	UNRESOLVED
dinner_hero_parry_left_10_recover	dinner_hero_parry_recover	0	null	null	UNRESOLVED
dinner_hero_parry_left_11	dinner_hero_parry	0	null	null	UNRESOLVED
dinner_hero_parry_left_11_recover	dinner_hero_parry_recover	0	null	null	UNRESOLVED
dinner_hero_parry_left_12	dinner_hero_parry	0	null	null	UNRESOLVED
dinner_hero_parry_left_12_recover	dinner_hero_parry_recover	0	null	null	UNRESOLVED
dinner_hero_parry_left_13	dinner_hero_parry	0	null	null	UNRESOLVED
dinner_hero_parry_left_13_recover	dinner_hero_parry_recover	0	null	null	UNRESOLVED
dinner_hero_parry_left_14	dinner_hero_parry	0	null	null	UNRESOLVED
dinner_hero_parry_left_14_recover	dinner_hero_parry_recover	0	null	null	UNRESOLVED
dinner_hero_parry_left_15	dinner_hero_parry	0	null	null	UNRESOLVED
dinner_hero_parry_left_15_recover	dinner_hero_parry_recover	0	null	null	UNRESOLVED
dinner_hero_parry_left_16	dinner_hero_parry	0	null	null	UNRESOLVED
dinner_hero_parry_left_16_recover	dinner_hero_parry_recover	0	null	null	UNRESOLVED
dinner_hero_parry_left_17	dinner_hero_parry	0	null	null	UNRESOLVED
dinner_hero_parry_left_17_recover	dinner_hero_parry_recover	0	null	null	UNRESOLVED
dinner_hero_parry_left_18	dinner_hero_parry	0	null	null	UNRESOLVED
dinner_hero_parry_left_18_recover	dinner_hero_parry_recover	0	null	null	UNRESOLVED
dinner_hero_parry_left_19	dinner_hero_parry	0	null	null	UNRESOLVED
dinner_hero_parry_left_19_recover	dinner_hero_parry_recover	0	null	null	UNRESOLVED
dinner_hero_parry_left_1_recover	dinner_hero_parry_recover	0	null	null	UNRESOLVED
dinner_hero_parry_left_2	dinner_hero_parry	0	null	null	UNRESOLVED
dinner_hero_parry_left_20_recover	dinner_hero_parry_recover	0	null	null	UNRESOLVED
dinner_hero_parry_left_2_recover	dinner_hero_parry_recover	0	null	null	UNRESOLVED
dinner_hero_parry_left_3	dinner_hero_parry	0	null	null	UNRESOLVED
dinner_hero_parry_left_3_recover	dinner_hero_parry_recover	0	null	null	UNRESOLVED
dinner_hero_parry_left_4_recover	dinner_hero_parry_recover	0	null	null	UNRESOLVED
dinner_hero_parry_left_5	dinner_hero_parry	0	null	null	UNRESOLVED
dinner_hero_parry_left_8	dinner_hero_parry	0	null	null	UNRESOLVED
dinner_hero_parry_left_9_recover	dinner_hero_parry_recover	0	null	null	UNRESOLVED
dinner_hero_parry_right_11_recover	dinner_hero_parry_recover	0	null	null	UNRESOLVED
dinner_hero_parry_right_12	dinner_hero_parry	0	null	null	UNRESOLVED
dinner_hero_parry_right_13_recover	dinner_hero_parry_recover	0	null	null	UNRESOLVED
dinner_hero_parry_right_14	dinner_hero_parry	0	null	null	UNRESOLVED
dinner_hero_parry_right_14_recover	dinner_hero_parry_recover	0	null	null	UNRESOLVED
dinner_hero_parry_right_15	dinner_hero_parry	0	null	null	UNRESOLVED
dinner_hero_parry_right_15_recover	dinner_hero_parry_recover	0	null	null	UNRESOLVED
dinner_hero_parry_right_16_recover	dinner_hero_parry_recover	0	null	null	UNRESOLVED
dinner_hero_parry_right_17	dinner_hero_parry	0	null	null	UNRESOLVED
dinner_hero_parry_right_17_recover	dinner_hero_parry_recover	0	null	null	UNRESOLVED
dinner_hero_parry_right_19	dinner_hero_parry	0	null	null	UNRESOLVED
dinner_hero_parry_right_19_recover	dinner_hero_parry_recover	0	null	null	UNRESOLVED
dinner_hero_parry_right_1_recover	dinner_hero_parry_recover	0	null	null	UNRESOLVED
dinner_hero_parry_right_2_recover	dinner_hero_parry_recover	0	null	null	UNRESOLVED
dinner_hero_parry_right_3_recover	dinner_hero_parry_recover	0	null	null	UNRESOLVED
dinner_hero_parry_right_4_recover	dinner_hero_parry_recover	0	null	null	UNRESOLVED
dinner_hero_parry_right_5_recover	dinner_hero_parry_recover	0	null	null	UNRESOLVED
dinner_hero_parry_right_6_recover	dinner_hero_parry_recover	0	null	null	UNRESOLVED
dinner_hero_parry_right_7_recover	dinner_hero_parry_recover	0	null	null	UNRESOLVED
dinner_hero_parry_right_8_recover	dinner_hero_parry_recover	0	null	null	UNRESOLVED
dinner_hero_parry_right_9_recover	dinner_hero_parry_recover	0	null	null	UNRESOLVED
dinner_hero_shock_1003	dinner_hero_shock	0	null	null	UNRESOLVED
dinner_hero_shock_1004	dinner_hero_shock	0	null	null	UNRESOLVED
dinner_hero_shock_1005	dinner_hero_shock	0	null	null	UNRESOLVED
dinner_hero_shock_1006	dinner_hero_shock	0	null	null	UNRESOLVED
dinner_hero_shock_1009	dinner_hero_shock	0	null	null	UNRESOLVED
dinner_hero_shock_1013	dinner_hero_shock	0	null	null	UNRESOLVED
dinner_hero_shock_1014	dinner_hero_shock	0	null	null	UNRESOLVED
dinner_hero_shock_1015	dinner_hero_shock	0	null	null	UNRESOLVED
dinner_hero_shock_1016	dinner_hero_shock	0	null	null	UNRESOLVED
dinner_hero_shock_1019	dinner_hero_shock	0	null	null	UNRESOLVED
dinner_hero_shock_1023	dinner_hero_shock	0	null	null	UNRESOLVED
dinner_hero_shock_1024	dinner_hero_shock	0	null	null	UNRESOLVED
dinner_hero_shock_1025	dinner_hero_shock	0	null	null	UNRESOLVED
dinner_hero_shock_1026	dinner_hero_shock	0	null	null	UNRESOLVED
dinner_hero_shock_1029	dinner_hero_shock	0	null	null	UNRESOLVED
dinner_hero_shock_floating_1000	dinner_hero_shock	0	null	null	UNRESOLVED
dinner_hero_shock_floating_1001	dinner_hero_shock	0	null	null	UNRESOLVED
dinner_hero_shock_floating_1002	dinner_hero_shock	0	null	null	UNRESOLVED
dinner_hero_shock_floating_1003	dinner_hero_shock	0	null	null	UNRESOLVED
dinner_hero_shock_floating_1004	dinner_hero_shock	0	null	null	UNRESOLVED
dinner_hero_shock_floating_1005	dinner_hero_shock	0	null	null	UNRESOLVED
dinner_hero_shock_floating_1006	dinner_hero_shock	0	null	null	UNRESOLVED
dinner_hero_shock_floating_1007	dinner_hero_shock	0	null	null	UNRESOLVED
dinner_hero_shock_floating_1008	dinner_hero_shock	0	null	null	UNRESOLVED
dinner_hero_shock_floating_1009	dinner_hero_shock	0	null	null	UNRESOLVED
dinner_hero_shock_floating_1010	dinner_hero_shock	0	null	null	UNRESOLVED
dinner_hero_shock_floating_1011	dinner_hero_shock	0	null	null	UNRESOLVED
dinner_hero_shock_floating_1012	dinner_hero_shock	0	null	null	UNRESOLVED
dinner_hero_shock_floating_1013	dinner_hero_shock	0	null	null	UNRESOLVED
dinner_hero_shock_floating_1014	dinner_hero_shock	0	null	null	UNRESOLVED
dinner_hero_shock_floating_1015	dinner_hero_shock	0	null	null	UNRESOLVED
dinner_hero_shock_floating_1016	dinner_hero_shock	0	null	null	UNRESOLVED
dinner_hero_shock_floating_1017	dinner_hero_shock	0	null	null	UNRESOLVED
dinner_hero_shock_floating_1018	dinner_hero_shock	0	null	null	UNRESOLVED
dinner_hero_shock_floating_1019	dinner_hero_shock	0	null	null	UNRESOLVED
dinner_hero_shock_floating_1030	dinner_hero_shock	0	null	null	UNRESOLVED
dinner_hero_shock_land_1000	dinner_hero_shock	0	null	null	UNRESOLVED
dinner_hero_shock_land_1001	dinner_hero_shock	0	null	null	UNRESOLVED
dinner_hero_shock_land_1002	dinner_hero_shock	0	null	null	UNRESOLVED
dinner_hero_shock_land_1003	dinner_hero_shock	0	null	null	UNRESOLVED
dinner_hero_shock_land_1004	dinner_hero_shock	0	null	null	UNRESOLVED
dinner_hero_shock_land_1005	dinner_hero_shock	0	null	null	UNRESOLVED
dinner_hero_shock_land_1006	dinner_hero_shock	0	null	null	UNRESOLVED
dinner_hero_shock_land_1007	dinner_hero_shock	0	null	null	UNRESOLVED
dinner_hero_shock_land_1008	dinner_hero_shock	0	null	null	UNRESOLVED
dinner_hero_shock_land_1009	dinner_hero_shock	0	null	null	UNRESOLVED
dinner_hero_shocked_1	dinner_shocked	0	null	null	UNRESOLVED
dinner_hero_shocked_1001	dinner_hero_shocked	0	null	null	UNRESOLVED
dinner_hero_shocked_1003	dinner_hero_shocked	0	null	null	UNRESOLVED
dinner_hero_shocked_1006	dinner_hero_shocked	0	null	null	UNRESOLVED
dinner_hero_shocked_1009	dinner_hero_shocked	0	null	null	UNRESOLVED
dinner_hero_shocked_1011	dinner_hero_shocked	0	null	null	UNRESOLVED
dinner_hero_shocked_1013	dinner_hero_shocked	0	null	null	UNRESOLVED
dinner_hero_shocked_1016	dinner_hero_shocked	0	null	null	UNRESOLVED
dinner_hero_shocked_1019	dinner_hero_shocked	0	null	null	UNRESOLVED
dinner_hero_shocked_1021	dinner_hero_shocked	0	null	null	UNRESOLVED
dinner_hero_shocked_1023	dinner_hero_shocked	0	null	null	UNRESOLVED
dinner_hero_shocked_1026	dinner_hero_shocked	0	null	null	UNRESOLVED
dinner_hero_shocked_1029	dinner_hero_shocked	0	null	null	UNRESOLVED
dinner_hero_shocked_11	dinner_shocked	0	null	null	UNRESOLVED
dinner_hero_shocked_12	dinner_shocked	0	null	null	UNRESOLVED
dinner_hero_shocked_14	dinner_shocked	0	null	null	UNRESOLVED
dinner_hero_shocked_17	dinner_shocked	0	null	null	UNRESOLVED
dinner_hero_shocked_2	dinner_shocked	0	null	null	UNRESOLVED
dinner_hero_shocked_3	dinner_shocked	0	null	null	UNRESOLVED
dinner_hero_shocked_4	dinner_shocked	0	null	null	UNRESOLVED
dinner_hero_shocked_5	dinner_shocked	0	null	null	UNRESOLVED
dinner_hero_shocked_6	dinner_shocked	0	null	null	UNRESOLVED
dinner_hero_shocked_7	dinner_shocked	0	null	null	UNRESOLVED
dinner_hero_shocked_8	dinner_shocked	0	null	null	UNRESOLVED
dinner_hero_shocked_9	dinner_shocked	0	null	null	UNRESOLVED
dinner_hero_shocked_floating_1	dinner_shocked	0	null	null	UNRESOLVED
dinner_hero_shocked_floating_1000	dinner_hero_shocked	0	null	null	UNRESOLVED
dinner_hero_shocked_floating_1001	dinner_hero_shocked	0	null	null	UNRESOLVED
dinner_hero_shocked_floating_1002	dinner_hero_shocked	0	null	null	UNRESOLVED
dinner_hero_shocked_floating_1003	dinner_hero_shocked	0	null	null	UNRESOLVED
dinner_hero_shocked_floating_1004	dinner_hero_shocked	0	null	null	UNRESOLVED
dinner_hero_shocked_floating_1005	dinner_hero_shocked	0	null	null	UNRESOLVED
dinner_hero_shocked_floating_1006	dinner_hero_shocked	0	null	null	UNRESOLVED
dinner_hero_shocked_floating_1007	dinner_hero_shocked	0	null	null	UNRESOLVED
dinner_hero_shocked_floating_1008	dinner_hero_shocked	0	null	null	UNRESOLVED
dinner_hero_shocked_floating_1009	dinner_hero_shocked	0	null	null	UNRESOLVED
dinner_hero_shocked_floating_1030	dinner_hero_shocked	0	null	null	UNRESOLVED
dinner_hero_shocked_floating_2	dinner_shocked	0	null	null	UNRESOLVED
dinner_hero_shocked_floating_20	dinner_shocked	0	null	null	UNRESOLVED
dinner_hero_shocked_floating_4	dinner_shocked	0	null	null	UNRESOLVED
dinner_hero_shocked_floating_7	dinner_shocked	0	null	null	UNRESOLVED
dinner_hero_shocked_floating_9	dinner_shocked	0	null	null	UNRESOLVED
dinner_hero_shocked_land_1020	dinner_hero_shocked	0	null	null	UNRESOLVED
dinner_hero_shocked_land_1021	dinner_hero_shocked	0	null	null	UNRESOLVED
dinner_hero_shocked_land_1022	dinner_hero_shocked	0	null	null	UNRESOLVED
dinner_hero_shocked_land_1023	dinner_hero_shocked	0	null	null	UNRESOLVED
dinner_hero_shocked_land_1024	dinner_hero_shocked	0	null	null	UNRESOLVED
dinner_hero_shocked_land_1025	dinner_hero_shocked	0	null	null	UNRESOLVED
dinner_hero_shocked_land_1026	dinner_hero_shocked	0	null	null	UNRESOLVED
dinner_hero_shocked_land_1027	dinner_hero_shocked	0	null	null	UNRESOLVED
dinner_hero_shocked_land_1028	dinner_hero_shocked	0	null	null	UNRESOLVED
dinner_hero_shocked_land_1029	dinner_hero_shocked	0	null	null	UNRESOLVED
dinner_hero_swing_02	dinner_hero_swing	0	null	null	UNRESOLVED
dinner_hero_swinged_01	dinner_hero_swinged	0	null	null	UNRESOLVED
dinner_hero_swinged_02	dinner_hero_swinged	0	null	null	UNRESOLVED
dinner_hero_uniqueskill_transformation_exit_01	dinner_hero_transformation_exit	0	null	null	UNRESOLVED
dinner_hit_ball_shock_01	dinner_hit_ballshock	0	null	null	UNRESOLVED
dinner_hitch_eagle_down_02	dinner_hitch_eagle_down	0	null	null	UNRESOLVED
dinner_hitch_eagle_down_03	dinner_hitch_eagle_down	0	null	null	UNRESOLVED
dinner_hug_wall_idle_look_left_01	dinner_hug_wall	0	null	null	UNRESOLVED
dinner_hug_wall_idle_look_left_back	dinner_hug_wall	0	null	null	UNRESOLVED
dinner_hug_wall_idle_look_right_back	dinner_hug_wall	0	null	null	UNRESOLVED
dinner_hug_wall_idle_switch_lr_01	dinner_hug_wall	0	null	null	UNRESOLVED
dinner_hug_wall_idle_switch_rl_01	dinner_hug_wall	0	null	null	UNRESOLVED
dinner_hug_wall_move_back_left	dinner_hug_wall	0	null	null	UNRESOLVED
dinner_hug_wall_move_back_right	dinner_hug_wall	0	null	null	UNRESOLVED
dinner_hug_wall_move_left	dinner_hug_wall	0	null	null	UNRESOLVED
dinner_hug_wall_move_right	dinner_hug_wall	0	null	null	UNRESOLVED
dinner_hundun_deadly_hurt_recover_01	dinner_hundun_deadly_hurt_recover	0	null	null	UNRESOLVED
dinner_hundun_down_to_land_01	dinner_hundun_land	0	null	null	UNRESOLVED
dinner_hundun_down_to_land_02	dinner_hundun_land	0	null	null	UNRESOLVED
dinner_hundun_jump_down_02	dinner_hundun_jump_down	0	null	null	UNRESOLVED
dinner_hundun_jump_up_01	dinner_hundun_jump	0	null	null	UNRESOLVED
dinner_hundun_lose_01	dinner_hundun_lose	0	null	null	UNRESOLVED
dinner_hurdle_01	dinner_hurdle	0	null	null	UNRESOLVED
dinner_hurt_performance_1	dinner_hurt_performance	0	null	null	UNRESOLVED
dinner_hurt_performance_2	dinner_hurt_performance	0	null	null	UNRESOLVED
dinner_hurt_performance_3	dinner_hurt_performance	0	null	null	UNRESOLVED
dinner_hurt_performance_4	dinner_hurt_performance	0	null	null	UNRESOLVED
dinner_hurt_performance_5	dinner_hurt_performance	0	null	null	UNRESOLVED
dinner_hurt_performance_6	dinner_hurt_performance	0	null	null	UNRESOLVED
dinner_hurt_performance_7	dinner_hurt_performance	0	null	null	UNRESOLVED
dinner_hurt_performance_8	dinner_hurt_performance	0	null	null	UNRESOLVED
dinner_hurt_performance_9	dinner_hurt_performance	0	null	null	UNRESOLVED
dinner_iced_02	dinner_iced	0	null	null	UNRESOLVED
dinner_iced_03	dinner_iced	0	null	null	UNRESOLVED
dinner_identify_interaction_active_01	dinner_interaction_device	0	null	null	UNRESOLVED
dinner_identify_interaction_enter_01	dinner_interaction_device	0	null	null	UNRESOLVED
dinner_idle_battle	dinner_idle	0	null	null	UNRESOLVED
dinner_idle_switch_weapon_01	dinner_switch_weapon	0	null	null	UNRESOLVED
dinner_interaction_blesstree_device_recover_01	dinner_interaction_device_recover	0	null	null	UNRESOLVED
dinner_interaction_bronzetree_device_01	dinner_interaction_device	0	null	null	UNRESOLVED
dinner_interaction_christmas_box_device_01	dinner_interaction_device	0	null	null	UNRESOLVED
dinner_interaction_collection_case_device_01	dinner_interaction_device	0	null	null	UNRESOLVED
dinner_interaction_collection_case_device_03	dinner_interaction_device	0	null	null	UNRESOLVED
dinner_interaction_collection_case_device_04	dinner_interaction_device	0	null	null	UNRESOLVED
dinner_interaction_collection_case_device_06	dinner_interaction_device	0	null	null	UNRESOLVED
dinner_interaction_collection_case_device_07	dinner_interaction_device	0	null	null	UNRESOLVED
dinner_interaction_collection_case_device_09	dinner_interaction_device	0	null	null	UNRESOLVED
dinner_interaction_crystalflame_device_01	dinner_interaction_device	0	null	null	UNRESOLVED
dinner_interaction_crystalflame_device_02	dinner_interaction_device	0	null	null	UNRESOLVED
dinner_interaction_eggy_device_01	dinner_interaction_device	0	null	null	UNRESOLVED
dinner_interaction_evacuate_golden_house_sp_door_10_recover	dinner_interaction_device_recover	0	null	null	UNRESOLVED
dinner_interaction_evacuate_point_switch_device_01	dinner_interaction_device	0	null	null	UNRESOLVED
dinner_interaction_evacuate_point_switch_device_recover_01	dinner_interaction_device_recover	0	null	null	UNRESOLVED
dinner_interaction_javelin_device_01	dinner_interaction_device	0	null	null	UNRESOLVED
dinner_interaction_mercury_river_device_01	dinner_interaction_device	0	null	null	UNRESOLVED
dinner_interaction_mercury_river_device_recover_01	dinner_interaction_device_recover	0	null	null	UNRESOLVED
dinner_interaction_npc_task_device_01	dinner_interaction_device	0	null	null	UNRESOLVED
dinner_interaction_offsync_bronzegate_device_01	dinner_interaction_device	0	null	null	UNRESOLVED
dinner_interaction_offsync_zhangqiling_device_01	dinner_interaction_offsync_zhangqiling_device	0	null	null	UNRESOLVED
dinner_interaction_piranha_device_01	dinner_interaction_device	0	null	null	UNRESOLVED
dinner_interaction_rescue_npc_device_01	dinner_interaction_device_npc	0	null	null	UNRESOLVED
dinner_interaction_rogue_teleport_01	dinner_interaction_device	0	null	null	UNRESOLVED
dinner_interaction_sacrifice_device_01	dinner_interaction_device	0	null	null	UNRESOLVED
dinner_interaction_tornado_jump_01	dinner_interaction_tornado	0	null	null	UNRESOLVED
dinner_interaction_underwater_device_01	dinner_interaction_device	0	null	null	UNRESOLVED
dinner_interaction_warriors_enter_01	dinner_interaction_warriors_enter	0	null	null	UNRESOLVED
dinner_interactive_reborn_01	dinner_interactive_action	0	null	null	UNRESOLVED
dinner_interactive_reborn_02	dinner_reborn	0	null	null	UNRESOLVED
dinner_interactive_sharpen01	dinner_interactive_action	0	null	null	UNRESOLVED
dinner_interactive_sharpen02	dinner_interactive_action	0	null	null	UNRESOLVED
dinner_item_air_attack	dinner_item_air_attack	3	null	null	UNRESOLVED
dinner_item_consume_02	dinner_item_consume	3	null	null	UNRESOLVED
dinner_item_crouch_sharpen	dinner_item_sharpen	0	null	null	UNRESOLVED
dinner_item_enchant	dinner_item_enchant	0	null	null	UNRESOLVED
dinner_item_fast_enchant_02	dinner_item_enchant	0	null	null	UNRESOLVED
dinner_item_fast_repair	dinner_item_repair	3	null	null	UNRESOLVED
dinner_item_fast_sharpen_02	dinner_item_sharpen	0	null	null	UNRESOLVED
dinner_item_pickup	dinner_item_pickup	3	null	null	UNRESOLVED
dinner_item_repair	dinner_item_repair	3	null	null	UNRESOLVED
dinner_item_repair_02	dinner_item_repair	3	null	null	UNRESOLVED
dinner_item_resist_cut_02	dinner_item_resist_cut	3	null	null	UNRESOLVED
dinner_item_slow_consume	dinner_item_consume	3	null	null	UNRESOLVED
dinner_item_weapon_switch_01	dinner_item_weapon_switch	0	null	null	UNRESOLVED
dinner_item_weapon_switch_02	dinner_item_weapon_switch	0	null	null	UNRESOLVED
dinner_item_weapon_switch_03	dinner_item_weapon_switch	0	null	null	UNRESOLVED
dinner_item_weapon_switch_04	dinner_item_weapon_switch	0	null	null	UNRESOLVED
dinner_jie_jie_interaction_01_loop	dinner_interaction_device	0	null	null	UNRESOLVED
dinner_jie_jie_interaction_01_recover	dinner_interaction_device	0	null	null	UNRESOLVED
dinner_jump_down_loop_01	dinner_down_loop	0	null	null	UNRESOLVED
dinner_jump_down_loop_01_battle	dinner_down_loop	0	null	null	UNRESOLVED
dinner_jump_dril_shoot_left_01	dinner_dril_shoot	0	null	null	UNRESOLVED
dinner_jump_emptystep_dodge_front	dinner_jump_empty_dodge	0	null	null	UNRESOLVED
dinner_jump_emptystep_dodge_front_back	dinner_jump_empty_dodge	0	null	null	UNRESOLVED
dinner_jump_emptystep_dodge_front_fast_01	dinner_jump_empty_dodge	0	null	null	UNRESOLVED
dinner_jump_emptystep_dodge_front_right	dinner_jump_empty_dodge	0	null	null	UNRESOLVED
dinner_jump_emptystep_dodge_left	dinner_jump_empty_dodge	0	null	null	UNRESOLVED
dinner_jump_forward_up_01	dinner_jump	0	null	null	UNRESOLVED
dinner_jump_forward_up_01_battle	dinner_jump	0	null	null	UNRESOLVED
dinner_jump_forward_up_02	dinner_jump	0	null	null	UNRESOLVED
dinner_jump_forward_up_02_battle	dinner_jump	0	null	null	UNRESOLVED
dinner_jump_inplace_up_01	dinner_jump	0	null	null	UNRESOLVED
dinner_jump_inplace_up_01_battle	dinner_jump	0	null	null	UNRESOLVED
dinner_jump_inplace_up_02	dinner_jump	0	null	null	UNRESOLVED
dinner_jump_inplace_up_02_battle	dinner_jump	0	null	null	UNRESOLVED
dinner_jump_water_down_loop_01	dinner_jump_water_down_loop	0	null	null	UNRESOLVED
dinner_jump_water_jump_down_to_surface_01	dinner_jump_water_jump_down_to_surface	0	null	null	UNRESOLVED
dinner_jump_water_jump_up_01	dinner_jump_water_jump_up	0	null	null	UNRESOLVED
dinner_kink_weight_down_to_dodge_left_01	dinner_dodge	0	null	null	UNRESOLVED
dinner_kink_weight_down_to_dodge_right_01	dinner_dodge	0	null	null	UNRESOLVED
dinner_kink_weight_down_to_land_01	dinner_land	0	null	null	UNRESOLVED
dinner_kink_weight_down_to_land_02	dinner_land	0	null	null	UNRESOLVED
dinner_kink_weight_down_to_land_04	dinner_land	0	null	null	UNRESOLVED
dinner_kink_weight_start_01	dinner_kink_weight	0	null	null	UNRESOLVED
dinner_light_beam_end_02	dinner_light_beam_end	0	null	null	UNRESOLVED
dinner_lightning_dodge_back_01	dinner_lightning_dodge	0	null	null	UNRESOLVED
dinner_lightning_dodge_back_02	dinner_lightning_dodge	0	null	null	UNRESOLVED
dinner_lightning_dodge_back_double_01	dinner_lightning_dodge	0	null	null	UNRESOLVED
dinner_lightning_dodge_back_double_02	dinner_lightning_dodge	0	null	null	UNRESOLVED
dinner_lightning_dodge_front_01	dinner_lightning_dodge	0	null	null	UNRESOLVED
dinner_lightning_dodge_front_02	dinner_lightning_dodge	0	null	null	UNRESOLVED
dinner_lightning_dodge_front_double_01	dinner_lightning_dodge	0	null	null	UNRESOLVED
dinner_lightning_dodge_left_01	dinner_lightning_dodge	0	null	null	UNRESOLVED
dinner_lightning_dodge_left_02	dinner_lightning_dodge	0	null	null	UNRESOLVED
dinner_lightning_dodge_right_double_01	dinner_lightning_dodge	0	null	null	UNRESOLVED
dinner_lihuowang_active_01	dinner_lihuowang_interact	0	null	null	UNRESOLVED
dinner_lihuowang_active_02	dinner_lihuowang_interact	0	null	null	UNRESOLVED
dinner_lihuowang_active_03	dinner_lihuowang_interact	0	null	null	UNRESOLVED
dinner_lihuowang_active_04	dinner_lihuowang_interact	0	null	null	UNRESOLVED
dinner_lihuowang_interact_start	dinner_lihuowang_interact	0	null	null	UNRESOLVED
dinner_lobby_school_answer_right_01	dinner_lobby_school_answer	0	null	null	UNRESOLVED
dinner_lobby_school_answer_wrong_01	dinner_lobby_school_answer	0	null	null	UNRESOLVED
dinner_lobby_standby_1	dinner_lobby_standby	0	null	null	UNRESOLVED
dinner_lobby_standby_10_loop	dinner_lobby_standby_loop	0	null	null	UNRESOLVED
dinner_lobby_standby_10_pre	dinner_lobby_standby_pre	0	null	null	UNRESOLVED
dinner_lobby_standby_10_recover	dinner_lobby_standby_recover	0	null	null	UNRESOLVED
dinner_lobby_standby_1_recover	dinner_lobby_standby_recover	0	null	null	UNRESOLVED
dinner_lobby_standby_20	dinner_lobby_standby	0	null	null	UNRESOLVED
dinner_lobby_standby_21	dinner_lobby_standby	0	null	null	UNRESOLVED
dinner_lobby_standby_22	dinner_lobby_standby	0	null	null	UNRESOLVED
dinner_lobby_standby_23	dinner_lobby_standby	0	null	null	UNRESOLVED
dinner_lobby_standby_24	dinner_lobby_standby	0	null	null	UNRESOLVED
dinner_lobby_standby_25	dinner_lobby_standby	0	null	null	UNRESOLVED
dinner_lobby_standby_26	dinner_lobby_standby	0	null	null	UNRESOLVED
dinner_lobby_standby_27	dinner_lobby_standby	0	null	null	UNRESOLVED
dinner_lobby_standby_28	dinner_lobby_standby	0	null	null	UNRESOLVED
dinner_lobby_standby_29	dinner_lobby_standby	0	null	null	UNRESOLVED
dinner_lobby_standby_2_pre	dinner_lobby_standby_pre	0	null	null	UNRESOLVED
dinner_lobby_standby_2_recover	dinner_lobby_standby_recover	0	null	null	UNRESOLVED
dinner_lobby_standby_3	dinner_lobby_standby	0	null	null	UNRESOLVED
dinner_lobby_standby_4	dinner_lobby_standby	0	null	null	UNRESOLVED
dinner_lobby_standby_4_loop	dinner_lobby_standby_loop	0	null	null	UNRESOLVED
dinner_lobby_standby_4_recover	dinner_lobby_standby_recover	0	null	null	UNRESOLVED
dinner_lobby_standby_5_pre	dinner_lobby_standby_pre	0	null	null	UNRESOLVED
dinner_lobby_standby_5_recover	dinner_lobby_standby_recover	0	null	null	UNRESOLVED
dinner_lobby_standby_6	dinner_lobby_standby	0	null	null	UNRESOLVED
dinner_lobby_standby_7	dinner_lobby_standby	0	null	null	UNRESOLVED
dinner_lobby_standby_7_pre	dinner_lobby_standby_pre	0	null	null	UNRESOLVED
dinner_lobby_standby_8	dinner_lobby_standby	0	null	null	UNRESOLVED
dinner_lobby_standby_8_loop	dinner_lobby_standby_loop	0	null	null	UNRESOLVED
dinner_lobby_standby_8_recover	dinner_lobby_standby_recover	0	null	null	UNRESOLVED
dinner_lobby_standby_9	dinner_lobby_standby	0	null	null	UNRESOLVED
dinner_lobby_standby_9_recover	dinner_lobby_standby_recover	0	null	null	UNRESOLVED
dinner_look_around_10	dinner_look_around	0	null	null	UNRESOLVED
dinner_look_around_2	dinner_look_around	0	null	null	UNRESOLVED
dinner_look_around_5	dinner_look_around	0	null	null	UNRESOLVED
dinner_look_around_7	dinner_look_around	0	null	null	UNRESOLVED
dinner_look_around_8	dinner_look_around	0	null	null	UNRESOLVED
dinner_lotus_lanterns_interaction_01_loop	dinner_interaction_device	0	null	null	UNRESOLVED
dinner_lotus_lanterns_interaction_01_recover	dinner_interaction_device	0	null	null	UNRESOLVED
dinner_main_tomb_gain_sword_01	dinner_main_tomb_gain_sword	0	null	null	UNRESOLVED
dinner_mech_beacon_interact_1	dinner_mech_beacon_interact	0	null	null	UNRESOLVED
dinner_mech_beacon_interact_2	dinner_mech_beacon_interact	0	null	null	UNRESOLVED
dinner_mech_item_fast_sharpen_01	dinner_mech_item_sharpen	3	null	null	UNRESOLVED
dinner_mech_item_sharpen_01	dinner_mech_item_sharpen	3	null	null	UNRESOLVED
dinner_monster_swing_01	dinner_monster_swing	0	null	null	UNRESOLVED
dinner_monster_swinged_01	dinner_monster_swinged	0	null	null	UNRESOLVED
dinner_motion_emote_103_loop_with_motion	dinner_motion_emote_loop	0	null	null	UNRESOLVED
dinner_motion_emote_105_loop_with_motion	dinner_motion_emote_loop	0	null	null	UNRESOLVED
dinner_motion_emote_108_loop_with_motion	dinner_motion_emote_loop	0	null	null	UNRESOLVED
dinner_motion_emote_109_loop_with_motion	dinner_motion_emote_loop	0	null	null	UNRESOLVED
dinner_motion_emote_110_loop	dinner_motion_emote_loop	0	null	null	UNRESOLVED
dinner_motion_emote_110_recover	dinner_motion_emote_recover	0	null	null	UNRESOLVED
dinner_motion_emote_111_loop	dinner_motion_emote_loop	0	null	null	UNRESOLVED
dinner_motion_emote_111_loop_with_motion	dinner_motion_emote_loop	0	null	null	UNRESOLVED
dinner_motion_emote_111_recover	dinner_motion_emote_recover	0	null	null	UNRESOLVED
dinner_motion_emote_112_loop	dinner_motion_emote_loop	0	null	null	UNRESOLVED
dinner_motion_emote_112_recover	dinner_motion_emote_recover	0	null	null	UNRESOLVED
dinner_motion_emote_113_loop	dinner_motion_emote_loop	0	null	null	UNRESOLVED
dinner_motion_emote_113_recover	dinner_motion_emote_recover	0	null	null	UNRESOLVED
dinner_motion_emote_114_loop	dinner_motion_emote_loop	0	null	null	UNRESOLVED
dinner_motion_emote_114_loop_with_motion	dinner_motion_emote_loop	0	null	null	UNRESOLVED
dinner_motion_emote_114_recover	dinner_motion_emote_recover	0	null	null	UNRESOLVED
dinner_motion_emote_115_loop	dinner_motion_emote_loop	0	null	null	UNRESOLVED
dinner_motion_emote_115_loop_with_motion	dinner_motion_emote_loop	0	null	null	UNRESOLVED
dinner_motion_emote_115_recover	dinner_motion_emote_recover	0	null	null	UNRESOLVED
dinner_motion_emote_116_loop	dinner_motion_emote_loop	0	null	null	UNRESOLVED
dinner_motion_emote_116_loop_with_motion	dinner_motion_emote_loop	0	null	null	UNRESOLVED
dinner_motion_emote_116_recover	dinner_motion_emote_recover	0	null	null	UNRESOLVED
dinner_motion_emote_117_loop	dinner_motion_emote_loop	0	null	null	UNRESOLVED
dinner_motion_emote_117_recover	dinner_motion_emote_recover	0	null	null	UNRESOLVED
dinner_motion_emote_118_loop	dinner_motion_emote_loop	0	null	null	UNRESOLVED
dinner_motion_emote_118_loop_with_motion	dinner_motion_emote_loop	0	null	null	UNRESOLVED
dinner_motion_emote_118_recover	dinner_motion_emote_recover	0	null	null	UNRESOLVED
dinner_motion_emote_119_loop	dinner_motion_emote_loop	0	null	null	UNRESOLVED
dinner_motion_emote_119_recover	dinner_motion_emote_recover	0	null	null	UNRESOLVED
dinner_motion_emote_120_recover	dinner_motion_emote_recover	0	null	null	UNRESOLVED
dinner_motion_emote_121_recover	dinner_motion_emote_recover	0	null	null	UNRESOLVED
dinner_motion_emote_122_recover	dinner_motion_emote_recover	0	null	null	UNRESOLVED
dinner_motion_emote_123_loop_with_motion	dinner_motion_emote_loop	0	null	null	UNRESOLVED
dinner_motion_emote_123_recover	dinner_motion_emote_recover	0	null	null	UNRESOLVED
dinner_motion_emote_124_recover	dinner_motion_emote_recover	0	null	null	UNRESOLVED
dinner_motion_emote_125_loop_with_motion	dinner_motion_emote_loop	0	null	null	UNRESOLVED
dinner_motion_emote_125_recover	dinner_motion_emote_recover	0	null	null	UNRESOLVED
dinner_motion_emote_126_recover	dinner_motion_emote_recover	0	null	null	UNRESOLVED
dinner_motion_emote_127_recover	dinner_motion_emote_recover	0	null	null	UNRESOLVED
dinner_motion_emote_128_loop_with_motion	dinner_motion_emote_loop	0	null	null	UNRESOLVED
dinner_motion_emote_128_recover	dinner_motion_emote_recover	0	null	null	UNRESOLVED
dinner_motion_emote_129_loop_with_motion	dinner_motion_emote_loop	0	null	null	UNRESOLVED
dinner_motion_emote_129_recover	dinner_motion_emote_recover	0	null	null	UNRESOLVED
dinner_movable_combo_pre_enter_01	dinner_movable_combo_pre_enter	0	null	null	UNRESOLVED
dinner_movable_review_item_loop_1	dinner_movable_review_item_loop	11	null	null	UNRESOLVED
dinner_movable_review_item_loop_10	dinner_movable_review_item_loop	11	null	null	UNRESOLVED
dinner_movable_review_item_loop_11	dinner_movable_review_item_loop	11	null	null	UNRESOLVED
dinner_movable_review_item_loop_13	dinner_movable_review_item_loop	11	null	null	UNRESOLVED
dinner_movable_review_item_loop_14	dinner_movable_review_item_loop	11	null	null	UNRESOLVED
dinner_movable_review_item_loop_16	dinner_movable_review_item_loop	11	null	null	UNRESOLVED
dinner_movable_review_item_loop_18	dinner_movable_review_item_loop	11	null	null	UNRESOLVED
dinner_movable_review_item_loop_19	dinner_movable_review_item_loop	11	null	null	UNRESOLVED
dinner_movable_review_item_loop_2	dinner_movable_review_item_loop	11	null	null	UNRESOLVED
dinner_movable_review_item_loop_20	dinner_movable_review_item_loop	11	null	null	UNRESOLVED
dinner_movable_review_item_loop_3	dinner_movable_review_item_loop	11	null	null	UNRESOLVED
dinner_movable_review_item_loop_4	dinner_movable_review_item_loop	11	null	null	UNRESOLVED
dinner_movable_review_item_loop_5	dinner_movable_review_item_loop	11	null	null	UNRESOLVED
dinner_movable_review_item_loop_6	dinner_movable_review_item_loop	11	null	null	UNRESOLVED
dinner_movable_review_item_loop_7	dinner_movable_review_item_loop	11	null	null	UNRESOLVED
dinner_movable_review_item_loop_8	dinner_movable_review_item_loop	11	null	null	UNRESOLVED
dinner_movable_review_item_loop_9	dinner_movable_review_item_loop	11	null	null	UNRESOLVED
dinner_movable_review_item_pre_3	dinner_movable_review_item_pre	11	null	null	UNRESOLVED
dinner_movable_review_item_pre_4	dinner_movable_review_item_pre	11	null	null	UNRESOLVED
dinner_movable_review_item_pre_5	dinner_movable_review_item_pre	11	null	null	UNRESOLVED
dinner_movable_review_item_pre_6	dinner_movable_review_item_pre	11	null	null	UNRESOLVED
dinner_movable_review_item_recover_10	dinner_movable_review_item_recover	11	null	null	UNRESOLVED
dinner_movable_review_item_recover_11	dinner_movable_review_item_recover	11	null	null	UNRESOLVED
dinner_movable_review_item_recover_12	dinner_movable_review_item_recover	11	null	null	UNRESOLVED
dinner_movable_review_item_recover_13	dinner_movable_review_item_recover	11	null	null	UNRESOLVED
dinner_movable_review_item_recover_14	dinner_movable_review_item_recover	11	null	null	UNRESOLVED
dinner_movable_review_item_recover_15	dinner_movable_review_item_recover	11	null	null	UNRESOLVED
dinner_movable_review_item_recover_16	dinner_movable_review_item_recover	11	null	null	UNRESOLVED
dinner_movable_review_item_recover_17	dinner_movable_review_item_recover	11	null	null	UNRESOLVED
dinner_movable_review_item_recover_18	dinner_movable_review_item_recover	11	null	null	UNRESOLVED
dinner_movable_review_item_recover_19	dinner_movable_review_item_recover	11	null	null	UNRESOLVED
dinner_movable_review_item_recover_5	dinner_movable_review_item_recover	11	null	null	UNRESOLVED
dinner_movable_review_item_recover_6	dinner_movable_review_item_recover	11	null	null	UNRESOLVED
dinner_movable_review_item_recover_8	dinner_movable_review_item_recover	11	null	null	UNRESOLVED
dinner_move_01	dinner_move	0	null	null	UNRESOLVED
dinner_move_back_turn_front_01	dinner_move_turn	0	null	null	UNRESOLVED
dinner_move_back_turn_left_01	dinner_move_turn	0	null	null	UNRESOLVED
dinner_move_back_turn_left_02	dinner_move_turn	0	null	null	UNRESOLVED
dinner_move_back_turn_right_02	dinner_move_turn	0	null	null	UNRESOLVED
dinner_move_front_shuffle_01	dinner_move_shuffle	0	null	null	UNRESOLVED
dinner_move_front_shuffle_02	dinner_move_shuffle	0	null	null	UNRESOLVED
dinner_move_front_turn_back_01	dinner_move_turn	0	null	null	UNRESOLVED
dinner_move_front_turn_back_02	dinner_move_turn	0	null	null	UNRESOLVED
dinner_move_front_turn_left_01	dinner_move_turn	0	null	null	UNRESOLVED
dinner_move_front_turn_left_02	dinner_move_turn	0	null	null	UNRESOLVED
dinner_move_front_turn_right_01	dinner_move_turn	0	null	null	UNRESOLVED
dinner_move_front_turn_right_02	dinner_move_turn	0	null	null	UNRESOLVED
dinner_move_left_shuffle_01	dinner_move_shuffle	0	null	null	UNRESOLVED
dinner_move_left_shuffle_02	dinner_move_shuffle	0	null	null	UNRESOLVED
dinner_move_left_tap_01_battle	dinner_move_tap	0	null	null	UNRESOLVED
dinner_move_left_turn_back_01	dinner_move_turn	0	null	null	UNRESOLVED
dinner_move_left_turn_back_02	dinner_move_turn	0	null	null	UNRESOLVED
dinner_move_right_shuffle_02	dinner_move_shuffle	0	null	null	UNRESOLVED
dinner_move_right_turn_back_01	dinner_move_turn	0	null	null	UNRESOLVED
dinner_move_right_turn_left_02	dinner_move_turn	0	null	null	UNRESOLVED
dinner_move_shuffle_01_battle	dinner_move_shuffle	0	null	null	UNRESOLVED
dinner_move_start_01	dinner_move_start	0	null	null	UNRESOLVED
dinner_move_start_half_left_01	dinner_move_start_turn	0	null	null	UNRESOLVED
dinner_move_start_half_right_01	dinner_move_start_turn	0	null	null	UNRESOLVED
dinner_move_start_quarter_left_01	dinner_move_start_turn	0	null	null	UNRESOLVED
dinner_move_start_square_left_01	dinner_move_start_turn	0	null	null	UNRESOLVED
dinner_move_start_square_right_01	dinner_move_start_turn	0	null	null	UNRESOLVED
dinner_move_start_three_quarters_left_01	dinner_move_start_turn	0	null	null	UNRESOLVED
dinner_move_start_three_quarters_right_01	dinner_move_start_turn	0	null	null	UNRESOLVED
dinner_multiplayer_emote_100_01_loop	dinner_multiplayer_emote	0	null	null	UNRESOLVED
dinner_multiplayer_emote_100_02_loop	dinner_multiplayer_emote	0	null	null	UNRESOLVED
dinner_multiplayer_emote_100_03_loop	dinner_multiplayer_emote	0	null	null	UNRESOLVED
dinner_multiplayer_emote_101_01_once	dinner_multiplayer_emote	0	null	null	UNRESOLVED
dinner_multiplayer_emote_101_01_pre	dinner_multiplayer_emote	0	null	null	UNRESOLVED
dinner_multiplayer_emote_101_01_recover	dinner_multiplayer_emote_recover	0	null	null	UNRESOLVED
dinner_multiplayer_emote_101_02_once	dinner_multiplayer_emote	0	null	null	UNRESOLVED
dinner_multiplayer_emote_101_02_pre	dinner_multiplayer_emote	0	null	null	UNRESOLVED
dinner_multiplayer_emote_101_02_recover	dinner_multiplayer_emote_recover	0	null	null	UNRESOLVED
dinner_multiplayer_emote_101_03_once	dinner_multiplayer_emote	0	null	null	UNRESOLVED
dinner_multiplayer_emote_101_03_pre	dinner_multiplayer_emote	0	null	null	UNRESOLVED
dinner_multiplayer_emote_101_03_recover	dinner_multiplayer_emote_recover	0	null	null	UNRESOLVED
dinner_multiplayer_emote_103_01_loop	dinner_multiplayer_emote	0	null	null	UNRESOLVED
dinner_multiplayer_emote_103_01_once	dinner_multiplayer_emote	0	null	null	UNRESOLVED
dinner_multiplayer_emote_103_01_pre	dinner_multiplayer_emote	0	null	null	UNRESOLVED
dinner_multiplayer_emote_103_02_loop	dinner_multiplayer_emote	0	null	null	UNRESOLVED
dinner_multiplayer_emote_103_02_once	dinner_multiplayer_emote	0	null	null	UNRESOLVED
dinner_multiplayer_emote_103_02_pre	dinner_multiplayer_emote	0	null	null	UNRESOLVED
dinner_multiplayer_emote_103_03_loop	dinner_multiplayer_emote	0	null	null	UNRESOLVED
dinner_multiplayer_emote_103_03_once	dinner_multiplayer_emote	0	null	null	UNRESOLVED
dinner_multiplayer_emote_103_03_pre	dinner_multiplayer_emote	0	null	null	UNRESOLVED
dinner_multiplayer_emote_104_01_loop	dinner_multiplayer_emote	0	null	null	UNRESOLVED
dinner_multiplayer_emote_104_01_recover	dinner_multiplayer_emote_recover	0	null	null	UNRESOLVED
dinner_multiplayer_emote_104_02_loop	dinner_multiplayer_emote	0	null	null	UNRESOLVED
dinner_multiplayer_emote_104_02_recover	dinner_multiplayer_emote_recover	0	null	null	UNRESOLVED
dinner_multiplayer_emote_104_03_loop	dinner_multiplayer_emote	0	null	null	UNRESOLVED
dinner_multiplayer_emote_104_03_recover	dinner_multiplayer_emote_recover	0	null	null	UNRESOLVED
dinner_multiplayer_emote_105_01_once	dinner_multiplayer_emote	0	null	null	UNRESOLVED
dinner_multiplayer_emote_105_01_pre	dinner_multiplayer_emote	0	null	null	UNRESOLVED
dinner_multiplayer_emote_105_02_once	dinner_multiplayer_emote	0	null	null	UNRESOLVED
dinner_multiplayer_emote_105_02_pre	dinner_multiplayer_emote	0	null	null	UNRESOLVED
dinner_multiplayer_emote_105_03_once	dinner_multiplayer_emote	0	null	null	UNRESOLVED
dinner_multiplayer_emote_105_03_pre	dinner_multiplayer_emote	0	null	null	UNRESOLVED
dinner_multiplayer_emote_106_01_loop	dinner_multiplayer_emote	0	null	null	UNRESOLVED
dinner_multiplayer_emote_106_01_recover	dinner_multiplayer_emote_recover	0	null	null	UNRESOLVED
dinner_multiplayer_emote_106_02_loop	dinner_multiplayer_emote	0	null	null	UNRESOLVED
dinner_multiplayer_emote_106_02_recover	dinner_multiplayer_emote_recover	0	null	null	UNRESOLVED
dinner_multiplayer_emote_106_03_loop	dinner_multiplayer_emote	0	null	null	UNRESOLVED
dinner_multiplayer_emote_106_03_recover	dinner_multiplayer_emote_recover	0	null	null	UNRESOLVED
dinner_multiplayer_emote_107_01_once	dinner_multiplayer_emote	0	null	null	UNRESOLVED
dinner_multiplayer_emote_107_01_pre	dinner_multiplayer_emote	0	null	null	UNRESOLVED
dinner_multiplayer_emote_107_01_recover	dinner_multiplayer_emote_recover	0	null	null	UNRESOLVED
dinner_multiplayer_emote_107_02_once	dinner_multiplayer_emote	0	null	null	UNRESOLVED
dinner_multiplayer_emote_107_02_pre	dinner_multiplayer_emote	0	null	null	UNRESOLVED
dinner_multiplayer_emote_107_02_recover	dinner_multiplayer_emote_recover	0	null	null	UNRESOLVED
dinner_multiplayer_emote_107_03_once	dinner_multiplayer_emote	0	null	null	UNRESOLVED
dinner_multiplayer_emote_107_03_pre	dinner_multiplayer_emote	0	null	null	UNRESOLVED
dinner_multiplayer_emote_107_03_recover	dinner_multiplayer_emote_recover	0	null	null	UNRESOLVED
dinner_multiplayer_emote_108_01_loop	dinner_multiplayer_emote	0	null	null	UNRESOLVED
dinner_multiplayer_emote_108_01_once	dinner_multiplayer_emote	0	null	null	UNRESOLVED
dinner_multiplayer_emote_108_02_loop	dinner_multiplayer_emote	0	null	null	UNRESOLVED
dinner_multiplayer_emote_108_02_once	dinner_multiplayer_emote	0	null	null	UNRESOLVED
dinner_multiplayer_emote_108_03_loop	dinner_multiplayer_emote	0	null	null	UNRESOLVED
dinner_multiplayer_emote_108_03_once	dinner_multiplayer_emote	0	null	null	UNRESOLVED
dinner_multiplayer_emote_109_01_pre	dinner_multiplayer_emote	0	null	null	UNRESOLVED
dinner_multiplayer_emote_109_02_pre	dinner_multiplayer_emote	0	null	null	UNRESOLVED
dinner_multiplayer_emote_109_03_pre	dinner_multiplayer_emote	0	null	null	UNRESOLVED
dinner_multiplayer_emote_110_01_loop	dinner_multiplayer_emote	0	null	null	UNRESOLVED
dinner_multiplayer_emote_110_02_loop	dinner_multiplayer_emote	0	null	null	UNRESOLVED
dinner_multiplayer_emote_110_03_loop	dinner_multiplayer_emote	0	null	null	UNRESOLVED
dinner_multiplayer_emote_111_01_once	dinner_multiplayer_emote	0	null	null	UNRESOLVED
dinner_multiplayer_emote_111_01_pre	dinner_multiplayer_emote	0	null	null	UNRESOLVED
dinner_multiplayer_emote_111_02_once	dinner_multiplayer_emote	0	null	null	UNRESOLVED
dinner_multiplayer_emote_111_02_pre	dinner_multiplayer_emote	0	null	null	UNRESOLVED
dinner_multiplayer_emote_111_03_once	dinner_multiplayer_emote	0	null	null	UNRESOLVED
dinner_multiplayer_emote_111_03_pre	dinner_multiplayer_emote	0	null	null	UNRESOLVED
dinner_multiplayer_emote_112_01_recover	dinner_multiplayer_emote_recover	0	null	null	UNRESOLVED
dinner_multiplayer_emote_112_02_recover	dinner_multiplayer_emote_recover	0	null	null	UNRESOLVED
dinner_multiplayer_emote_112_03_recover	dinner_multiplayer_emote_recover	0	null	null	UNRESOLVED
dinner_multiplayer_emote_113_01_loop	dinner_multiplayer_emote	0	null	null	UNRESOLVED
dinner_multiplayer_emote_113_01_once	dinner_multiplayer_emote	0	null	null	UNRESOLVED
dinner_multiplayer_emote_113_01_pre	dinner_multiplayer_emote	0	null	null	UNRESOLVED
dinner_multiplayer_emote_113_02_loop	dinner_multiplayer_emote	0	null	null	UNRESOLVED
dinner_multiplayer_emote_113_02_once	dinner_multiplayer_emote	0	null	null	UNRESOLVED
dinner_multiplayer_emote_113_02_pre	dinner_multiplayer_emote	0	null	null	UNRESOLVED
dinner_multiplayer_emote_113_03_loop	dinner_multiplayer_emote	0	null	null	UNRESOLVED
dinner_multiplayer_emote_113_03_once	dinner_multiplayer_emote	0	null	null	UNRESOLVED
dinner_multiplayer_emote_113_03_pre	dinner_multiplayer_emote	0	null	null	UNRESOLVED
dinner_multiplayer_emote_114_01_loop	dinner_multiplayer_emote	0	null	null	UNRESOLVED
dinner_multiplayer_emote_114_01_recover	dinner_multiplayer_emote_recover	0	null	null	UNRESOLVED
dinner_multiplayer_emote_114_02_loop	dinner_multiplayer_emote	0	null	null	UNRESOLVED
dinner_multiplayer_emote_114_02_recover	dinner_multiplayer_emote_recover	0	null	null	UNRESOLVED
dinner_multiplayer_emote_114_03_loop	dinner_multiplayer_emote	0	null	null	UNRESOLVED
dinner_multiplayer_emote_114_03_recover	dinner_multiplayer_emote_recover	0	null	null	UNRESOLVED
dinner_multiplayer_emote_115_01_once	dinner_multiplayer_emote	0	null	null	UNRESOLVED
dinner_multiplayer_emote_115_01_pre	dinner_multiplayer_emote	0	null	null	UNRESOLVED
dinner_multiplayer_emote_115_01_recover	dinner_multiplayer_emote_recover	0	null	null	UNRESOLVED
dinner_multiplayer_emote_115_02_once	dinner_multiplayer_emote	0	null	null	UNRESOLVED
dinner_multiplayer_emote_115_02_pre	dinner_multiplayer_emote	0	null	null	UNRESOLVED
dinner_multiplayer_emote_115_02_recover	dinner_multiplayer_emote_recover	0	null	null	UNRESOLVED
dinner_multiplayer_emote_115_03_once	dinner_multiplayer_emote	0	null	null	UNRESOLVED
dinner_multiplayer_emote_115_03_pre	dinner_multiplayer_emote	0	null	null	UNRESOLVED
dinner_multiplayer_emote_115_03_recover	dinner_multiplayer_emote_recover	0	null	null	UNRESOLVED
dinner_multiplayer_emote_116_01_loop	dinner_multiplayer_emote	0	null	null	UNRESOLVED
dinner_multiplayer_emote_116_02_loop	dinner_multiplayer_emote	0	null	null	UNRESOLVED
dinner_multiplayer_emote_116_03_loop	dinner_multiplayer_emote	0	null	null	UNRESOLVED
dinner_multiplayer_emote_117_01_once	dinner_multiplayer_emote	0	null	null	UNRESOLVED
dinner_multiplayer_emote_117_01_pre	dinner_multiplayer_emote	0	null	null	UNRESOLVED
dinner_multiplayer_emote_117_01_recover	dinner_multiplayer_emote_recover	0	null	null	UNRESOLVED
dinner_multiplayer_emote_117_02_once	dinner_multiplayer_emote	0	null	null	UNRESOLVED
dinner_multiplayer_emote_117_02_pre	dinner_multiplayer_emote	0	null	null	UNRESOLVED
dinner_multiplayer_emote_117_02_recover	dinner_multiplayer_emote_recover	0	null	null	UNRESOLVED
dinner_multiplayer_emote_117_03_once	dinner_multiplayer_emote	0	null	null	UNRESOLVED
dinner_multiplayer_emote_117_03_pre	dinner_multiplayer_emote	0	null	null	UNRESOLVED
dinner_multiplayer_emote_117_03_recover	dinner_multiplayer_emote_recover	0	null	null	UNRESOLVED
dinner_multiplayer_emote_118_01_loop	dinner_multiplayer_emote	0	null	null	UNRESOLVED
dinner_multiplayer_emote_118_01_once	dinner_multiplayer_emote	0	null	null	UNRESOLVED
dinner_multiplayer_emote_118_01_recover	dinner_multiplayer_emote_recover	0	null	null	UNRESOLVED
dinner_multiplayer_emote_118_02_loop	dinner_multiplayer_emote	0	null	null	UNRESOLVED
dinner_multiplayer_emote_118_02_once	dinner_multiplayer_emote	0	null	null	UNRESOLVED
dinner_multiplayer_emote_118_02_recover	dinner_multiplayer_emote_recover	0	null	null	UNRESOLVED
dinner_multiplayer_emote_118_03_loop	dinner_multiplayer_emote	0	null	null	UNRESOLVED
dinner_multiplayer_emote_118_03_once	dinner_multiplayer_emote	0	null	null	UNRESOLVED
dinner_multiplayer_emote_118_03_recover	dinner_multiplayer_emote_recover	0	null	null	UNRESOLVED
dinner_multiplayer_emote_119_01_pre	dinner_multiplayer_emote	0	null	null	UNRESOLVED
dinner_multiplayer_emote_119_02_pre	dinner_multiplayer_emote	0	null	null	UNRESOLVED
dinner_multiplayer_emote_119_03_pre	dinner_multiplayer_emote	0	null	null	UNRESOLVED
dinner_multiplayer_emote_120_01_loop	dinner_multiplayer_emote	0	null	null	UNRESOLVED
dinner_multiplayer_emote_120_01_recover	dinner_multiplayer_emote_recover	0	null	null	UNRESOLVED
dinner_multiplayer_emote_120_02_loop	dinner_multiplayer_emote	0	null	null	UNRESOLVED
dinner_multiplayer_emote_120_02_recover	dinner_multiplayer_emote_recover	0	null	null	UNRESOLVED
dinner_multiplayer_emote_120_03_loop	dinner_multiplayer_emote	0	null	null	UNRESOLVED
dinner_multiplayer_emote_120_03_recover	dinner_multiplayer_emote_recover	0	null	null	UNRESOLVED
dinner_multiplayer_emote_121_01_once	dinner_multiplayer_emote	0	null	null	UNRESOLVED
dinner_multiplayer_emote_121_01_pre	dinner_multiplayer_emote	0	null	null	UNRESOLVED
dinner_multiplayer_emote_121_02_once	dinner_multiplayer_emote	0	null	null	UNRESOLVED
dinner_multiplayer_emote_121_02_pre	dinner_multiplayer_emote	0	null	null	UNRESOLVED
dinner_multiplayer_emote_121_03_once	dinner_multiplayer_emote	0	null	null	UNRESOLVED
dinner_multiplayer_emote_121_03_pre	dinner_multiplayer_emote	0	null	null	UNRESOLVED
dinner_multiplayer_emote_122_01_recover	dinner_multiplayer_emote_recover	0	null	null	UNRESOLVED
dinner_multiplayer_emote_122_02_recover	dinner_multiplayer_emote_recover	0	null	null	UNRESOLVED
dinner_multiplayer_emote_122_03_recover	dinner_multiplayer_emote_recover	0	null	null	UNRESOLVED
dinner_multiplayer_emote_123_01_loop	dinner_multiplayer_emote	0	null	null	UNRESOLVED
dinner_multiplayer_emote_123_01_once	dinner_multiplayer_emote	0	null	null	UNRESOLVED
dinner_multiplayer_emote_123_01_pre	dinner_multiplayer_emote	0	null	null	UNRESOLVED
dinner_multiplayer_emote_123_01_recover	dinner_multiplayer_emote_recover	0	null	null	UNRESOLVED
dinner_multiplayer_emote_123_02_loop	dinner_multiplayer_emote	0	null	null	UNRESOLVED
dinner_multiplayer_emote_123_02_once	dinner_multiplayer_emote	0	null	null	UNRESOLVED
dinner_multiplayer_emote_123_02_pre	dinner_multiplayer_emote	0	null	null	UNRESOLVED
dinner_multiplayer_emote_123_02_recover	dinner_multiplayer_emote_recover	0	null	null	UNRESOLVED
dinner_multiplayer_emote_123_03_loop	dinner_multiplayer_emote	0	null	null	UNRESOLVED
dinner_multiplayer_emote_123_03_once	dinner_multiplayer_emote	0	null	null	UNRESOLVED
dinner_multiplayer_emote_123_03_pre	dinner_multiplayer_emote	0	null	null	UNRESOLVED
dinner_multiplayer_emote_123_03_recover	dinner_multiplayer_emote_recover	0	null	null	UNRESOLVED
dinner_multiplayer_emote_124_01_loop	dinner_multiplayer_emote	0	null	null	UNRESOLVED
dinner_multiplayer_emote_124_02_loop	dinner_multiplayer_emote	0	null	null	UNRESOLVED
dinner_multiplayer_emote_124_03_loop	dinner_multiplayer_emote	0	null	null	UNRESOLVED
dinner_multiplayer_emote_125_01_once	dinner_multiplayer_emote	0	null	null	UNRESOLVED
dinner_multiplayer_emote_125_01_pre	dinner_multiplayer_emote	0	null	null	UNRESOLVED
dinner_multiplayer_emote_125_01_recover	dinner_multiplayer_emote_recover	0	null	null	UNRESOLVED
dinner_multiplayer_emote_125_02_once	dinner_multiplayer_emote	0	null	null	UNRESOLVED
dinner_multiplayer_emote_125_02_pre	dinner_multiplayer_emote	0	null	null	UNRESOLVED
dinner_multiplayer_emote_125_02_recover	dinner_multiplayer_emote_recover	0	null	null	UNRESOLVED
dinner_multiplayer_emote_125_03_once	dinner_multiplayer_emote	0	null	null	UNRESOLVED
dinner_multiplayer_emote_125_03_pre	dinner_multiplayer_emote	0	null	null	UNRESOLVED
dinner_multiplayer_emote_125_03_recover	dinner_multiplayer_emote_recover	0	null	null	UNRESOLVED
dinner_multiplayer_emote_126_01_loop	dinner_multiplayer_emote	0	null	null	UNRESOLVED
dinner_multiplayer_emote_126_01_recover	dinner_multiplayer_emote_recover	0	null	null	UNRESOLVED
dinner_multiplayer_emote_126_02_loop	dinner_multiplayer_emote	0	null	null	UNRESOLVED
dinner_multiplayer_emote_126_02_recover	dinner_multiplayer_emote_recover	0	null	null	UNRESOLVED
dinner_multiplayer_emote_126_03_loop	dinner_multiplayer_emote	0	null	null	UNRESOLVED
dinner_multiplayer_emote_126_03_recover	dinner_multiplayer_emote_recover	0	null	null	UNRESOLVED
dinner_multiplayer_emote_127_01_once	dinner_multiplayer_emote	0	null	null	UNRESOLVED
dinner_multiplayer_emote_127_01_pre	dinner_multiplayer_emote	0	null	null	UNRESOLVED
dinner_multiplayer_emote_127_02_once	dinner_multiplayer_emote	0	null	null	UNRESOLVED
dinner_multiplayer_emote_127_02_pre	dinner_multiplayer_emote	0	null	null	UNRESOLVED
dinner_multiplayer_emote_127_03_once	dinner_multiplayer_emote	0	null	null	UNRESOLVED
dinner_multiplayer_emote_127_03_pre	dinner_multiplayer_emote	0	null	null	UNRESOLVED
dinner_multiplayer_emote_128_01_loop	dinner_multiplayer_emote	0	null	null	UNRESOLVED
dinner_multiplayer_emote_128_01_once	dinner_multiplayer_emote	0	null	null	UNRESOLVED
dinner_multiplayer_emote_128_01_recover	dinner_multiplayer_emote_recover	0	null	null	UNRESOLVED
dinner_multiplayer_emote_128_02_loop	dinner_multiplayer_emote	0	null	null	UNRESOLVED
dinner_multiplayer_emote_128_02_once	dinner_multiplayer_emote	0	null	null	UNRESOLVED
dinner_multiplayer_emote_128_02_recover	dinner_multiplayer_emote_recover	0	null	null	UNRESOLVED
dinner_multiplayer_emote_128_03_loop	dinner_multiplayer_emote	0	null	null	UNRESOLVED
dinner_multiplayer_emote_128_03_once	dinner_multiplayer_emote	0	null	null	UNRESOLVED
dinner_multiplayer_emote_128_03_recover	dinner_multiplayer_emote_recover	0	null	null	UNRESOLVED
dinner_multiplayer_emote_129_01_pre	dinner_multiplayer_emote	0	null	null	UNRESOLVED
dinner_multiplayer_emote_129_01_recover	dinner_multiplayer_emote_recover	0	null	null	UNRESOLVED
dinner_multiplayer_emote_129_02_pre	dinner_multiplayer_emote	0	null	null	UNRESOLVED
dinner_multiplayer_emote_129_02_recover	dinner_multiplayer_emote_recover	0	null	null	UNRESOLVED
dinner_multiplayer_emote_129_03_pre	dinner_multiplayer_emote	0	null	null	UNRESOLVED
dinner_multiplayer_emote_129_03_recover	dinner_multiplayer_emote_recover	0	null	null	UNRESOLVED
dinner_offset_dodge_back_01	dinner_offset_dodge	0	null	null	UNRESOLVED
dinner_offset_dodge_back_02	dinner_offset_dodge	0	null	null	UNRESOLVED
dinner_offset_dodge_back_03	dinner_offset_dodge	0	null	null	UNRESOLVED
dinner_offset_dodge_back_04	dinner_offset_dodge	0	null	null	UNRESOLVED
dinner_offset_dodge_back_double_03	dinner_offset_dodge_double	0	null	null	UNRESOLVED
dinner_offset_dodge_front_02	dinner_offset_dodge	0	null	null	UNRESOLVED
dinner_offset_dodge_front_double_01	dinner_offset_dodge_double	0	null	null	UNRESOLVED
dinner_offset_dodge_front_double_02	dinner_offset_dodge_double	0	null	null	UNRESOLVED
dinner_offset_dodge_front_double_03	dinner_offset_dodge_double	0	null	null	UNRESOLVED
dinner_offset_dodge_front_double_04	dinner_offset_dodge_double	0	null	null	UNRESOLVED
dinner_offset_dodge_left_double_02	dinner_offset_dodge_double	0	null	null	UNRESOLVED
dinner_offset_dodge_right_02	dinner_offset_dodge	0	null	null	UNRESOLVED
dinner_open_golden_house	dinner_open_golden_house	3	null	null	UNRESOLVED
dinner_open_treasure_01	dinner_open_treasure	0	null	null	UNRESOLVED
dinner_paragenesis_low_hp_01	dinner_paragenesis_low_hp	0	null	null	UNRESOLVED
dinner_parry_01	dinner_parry	0	null	null	UNRESOLVED
dinner_parry_02	dinner_parry	0	null	null	UNRESOLVED
dinner_parry_03	dinner_parry	0	null	null	UNRESOLVED
dinner_parry_04	dinner_parry	0	null	null	UNRESOLVED
dinner_parry_05	dinner_parry	0	null	null	UNRESOLVED
dinner_parry_06	dinner_parry	0	null	null	UNRESOLVED
dinner_parry_07	dinner_parry	0	null	null	UNRESOLVED
dinner_parry_08	dinner_parry	0	null	null	UNRESOLVED
dinner_parry_floating_01	dinner_parry	0	null	null	UNRESOLVED
dinner_parry_land_01	dinner_parry_land	0	null	null	UNRESOLVED
dinner_persistence_interaction_device_01	dinner_interaction_device	0	null	null	UNRESOLVED
dinner_persistence_interaction_device_02	dinner_interaction_device	0	null	null	UNRESOLVED
dinner_piranha_enter_01	dinner_piranha_enter	0	null	null	UNRESOLVED
dinner_piranha_fish_idle_01	dinner_piranha_fish_idle	0	null	null	UNRESOLVED
dinner_piranha_idle_01	dinner_piranha_idle	0	null	null	UNRESOLVED
dinner_play_music_enter_01	dinner_play_music_enter	0	null	null	UNRESOLVED
dinner_play_music_enter_02	dinner_play_music_enter	0	null	null	UNRESOLVED
dinner_play_music_enter_07	dinner_play_music_enter	0	null	null	UNRESOLVED
dinner_play_music_show_50	dinner_play_music_show	0	null	null	UNRESOLVED
dinner_play_music_show_51	dinner_play_music_show	0	null	null	UNRESOLVED
dinner_play_music_show_52	dinner_play_music_show	0	null	null	UNRESOLVED
dinner_play_music_show_53	dinner_play_music_show	0	null	null	UNRESOLVED
dinner_play_music_show_54	dinner_play_music_show	0	null	null	UNRESOLVED
dinner_play_music_show_55	dinner_play_music_show	0	null	null	UNRESOLVED
dinner_play_music_show_56	dinner_play_music_show	0	null	null	UNRESOLVED
dinner_play_music_show_57	dinner_play_music_show	0	null	null	UNRESOLVED
dinner_play_music_show_58	dinner_play_music_show	0	null	null	UNRESOLVED
dinner_play_music_show_59	dinner_play_music_show	0	null	null	UNRESOLVED
dinner_play_music_show_60	dinner_play_music_show	0	null	null	UNRESOLVED
dinner_play_music_show_61	dinner_play_music_show	0	null	null	UNRESOLVED
dinner_play_music_show_62	dinner_play_music_show	0	null	null	UNRESOLVED
dinner_play_music_show_63	dinner_play_music_show	0	null	null	UNRESOLVED
dinner_play_music_show_64	dinner_play_music_show	0	null	null	UNRESOLVED
dinner_play_music_show_65	dinner_play_music_show	0	null	null	UNRESOLVED
dinner_play_music_show_66	dinner_play_music_show	0	null	null	UNRESOLVED
dinner_play_music_show_67	dinner_play_music_show	0	null	null	UNRESOLVED
dinner_play_music_show_68	dinner_play_music_show	0	null	null	UNRESOLVED
dinner_play_music_show_69	dinner_play_music_show	0	null	null	UNRESOLVED
dinner_play_music_show_70	dinner_play_music_show	0	null	null	UNRESOLVED
dinner_play_music_show_71	dinner_play_music_show	0	null	null	UNRESOLVED
dinner_play_music_show_72	dinner_play_music_show	0	null	null	UNRESOLVED
dinner_play_music_show_73	dinner_play_music_show	0	null	null	UNRESOLVED
dinner_play_music_show_74	dinner_play_music_show	0	null	null	UNRESOLVED
dinner_play_music_show_75	dinner_play_music_show	0	null	null	UNRESOLVED
dinner_play_music_show_76	dinner_play_music_show	0	null	null	UNRESOLVED
dinner_play_music_show_77	dinner_play_music_show	0	null	null	UNRESOLVED
dinner_play_music_show_78	dinner_play_music_show	0	null	null	UNRESOLVED
dinner_play_music_show_79	dinner_play_music_show	0	null	null	UNRESOLVED
dinner_play_quizpillar_enter_01	dinner_play_quizpillar	0	null	null	UNRESOLVED
dinner_play_quizpillar_exit_01	dinner_play_quizpillar	0	null	null	UNRESOLVED
dinner_portal_device_01	dinner_interaction_device	0	null	null	UNRESOLVED
dinner_portal_device_inertia_01	dinner_interaction_device_inertia	0	null	null	UNRESOLVED
dinner_portal_device_recover_01	dinner_interaction_device_recover	0	null	null	UNRESOLVED
dinner_pothole_1_recover	dinner_pothole	0	null	null	UNRESOLVED
dinner_pothole_3_recover	dinner_pothole	0	null	null	UNRESOLVED
dinner_promenade	dinner_promenade	0	null	null	UNRESOLVED
dinner_promenade_battle	dinner_promenade	0	null	null	UNRESOLVED
dinner_promenade_shuffle_battle	dinner_promenade_shuffle	0	null	null	UNRESOLVED
dinner_promenade_start	dinner_promenade_start	0	null	null	UNRESOLVED
dinner_promenade_start_half_left	dinner_promenade_start	0	null	null	UNRESOLVED
dinner_promenade_start_half_left_battle	dinner_promenade_start	0	null	null	UNRESOLVED
dinner_promenade_start_half_right_battle	dinner_promenade_start	0	null	null	UNRESOLVED
dinner_promenade_start_square_right	dinner_promenade_start	0	null	null	UNRESOLVED
dinner_promenade_start_square_right_battle	dinner_promenade_start	0	null	null	UNRESOLVED
dinner_promenade_turn_back_left	dinner_turn	0	null	null	UNRESOLVED
dinner_promenade_turn_back_right_battle	dinner_turn	0	null	null	UNRESOLVED
dinner_pyramid_out_01	dinner_pyramid	0	null	null	UNRESOLVED
dinner_pyramid_out_02	dinner_pyramid	0	null	null	UNRESOLVED
dinner_pyramid_toss_01	dinner_pyramid	0	null	null	UNRESOLVED
dinner_pyramid_toss_02_end	dinner_pyramid	0	null	null	UNRESOLVED
dinner_pyramid_tossed_02	dinner_pyramid	0	null	null	UNRESOLVED
dinner_qte_attack_1	dinner_qte_attack	0	null	null	UNRESOLVED
dinner_qte_attack_10	dinner_qte_attack	0	null	null	UNRESOLVED
dinner_qte_attack_13	dinner_qte_attack	0	null	null	UNRESOLVED
dinner_qte_attack_15	dinner_qte_attack	0	null	null	UNRESOLVED
dinner_qte_attack_16	dinner_qte_attack	0	null	null	UNRESOLVED
dinner_qte_attack_18	dinner_qte_attack	0	null	null	UNRESOLVED
dinner_qte_attack_2	dinner_qte_attack	0	null	null	UNRESOLVED
dinner_qte_attack_20	dinner_qte_attack	0	null	null	UNRESOLVED
dinner_qte_attack_23	dinner_qte_attack	0	null	null	UNRESOLVED
dinner_qte_attack_25	dinner_qte_attack	0	null	null	UNRESOLVED
dinner_qte_attack_26	dinner_qte_attack	0	null	null	UNRESOLVED
dinner_qte_attack_28	dinner_qte_attack	0	null	null	UNRESOLVED
dinner_qte_attack_3	dinner_qte_attack	0	null	null	UNRESOLVED
dinner_qte_attack_30	dinner_qte_attack	0	null	null	UNRESOLVED
dinner_qte_attack_4	dinner_qte_attack	0	null	null	UNRESOLVED
dinner_qte_attack_5	dinner_qte_attack	0	null	null	UNRESOLVED
dinner_qte_attack_6	dinner_qte_attack	0	null	null	UNRESOLVED
dinner_qte_attack_7	dinner_qte_attack	0	null	null	UNRESOLVED
dinner_qte_attack_8	dinner_qte_attack	0	null	null	UNRESOLVED
dinner_qte_attack_9	dinner_qte_attack	0	null	null	UNRESOLVED
dinner_qte_idle	dinner_qte_idle	0	null	null	UNRESOLVED
dinner_qte_perform_10	dinner_qte_perform	0	null	null	UNRESOLVED
dinner_qte_perform_11	dinner_qte_perform	0	null	null	UNRESOLVED
dinner_qte_perform_12	dinner_qte_perform	0	null	null	UNRESOLVED
dinner_qte_perform_13	dinner_qte_perform	0	null	null	UNRESOLVED
dinner_qte_perform_14	dinner_qte_perform	0	null	null	UNRESOLVED
dinner_qte_perform_15	dinner_qte_perform	0	null	null	UNRESOLVED
dinner_qte_perform_16	dinner_qte_perform	0	null	null	UNRESOLVED
dinner_qte_perform_17	dinner_qte_perform	0	null	null	UNRESOLVED
dinner_qte_perform_18	dinner_qte_perform	0	null	null	UNRESOLVED
dinner_qte_perform_19	dinner_qte_perform	0	null	null	UNRESOLVED
dinner_qte_perform_2	dinner_qte_perform	0	null	null	UNRESOLVED
dinner_qte_perform_4	dinner_qte_perform	0	null	null	UNRESOLVED
dinner_qte_perform_5	dinner_qte_perform	0	null	null	UNRESOLVED
dinner_qte_perform_7	dinner_qte_perform	0	null	null	UNRESOLVED
dinner_qte_perform_8	dinner_qte_perform	0	null	null	UNRESOLVED
dinner_quanzhi_computer_enter_01	dinner_quanzhi_computer_enter	0	null	null	UNRESOLVED
dinner_quanzhi_computer_exit_01	dinner_quanzhi_computer_exit	0	null	null	UNRESOLVED
dinner_quanzhi_computer_idle_01	dinner_quanzhi_computer_idle	0	null	null	UNRESOLVED
dinner_quanzhi_computer_idle_02	dinner_quanzhi_computer_idle	0	null	null	UNRESOLVED
dinner_quanzhi_cup_enter_01	dinner_quanzhi_cup_enter	0	null	null	UNRESOLVED
dinner_quanzhi_cup_exit_01	dinner_quanzhi_cup_exit	0	null	null	UNRESOLVED
dinner_resistence_broken_01	dinner_resistence_broken	0	null	null	UNRESOLVED
dinner_review_item_loop_1	dinner_review_item_loop	0	null	null	UNRESOLVED
dinner_review_item_loop_10	dinner_review_item_loop	0	null	null	UNRESOLVED
dinner_review_item_loop_12	dinner_review_item_loop	0	null	null	UNRESOLVED
dinner_review_item_loop_14	dinner_review_item_loop	0	null	null	UNRESOLVED
dinner_review_item_loop_15	dinner_review_item_loop	0	null	null	UNRESOLVED
dinner_review_item_loop_17	dinner_review_item_loop	0	null	null	UNRESOLVED
dinner_review_item_loop_18	dinner_review_item_loop	0	null	null	UNRESOLVED
dinner_review_item_loop_2	dinner_review_item_loop	0	null	null	UNRESOLVED
dinner_review_item_loop_20	dinner_review_item_loop	0	null	null	UNRESOLVED
dinner_review_item_loop_3	dinner_review_item_loop	0	null	null	UNRESOLVED
dinner_review_item_loop_4	dinner_review_item_loop	0	null	null	UNRESOLVED
dinner_review_item_loop_5	dinner_review_item_loop	0	null	null	UNRESOLVED
dinner_review_item_loop_6	dinner_review_item_loop	0	null	null	UNRESOLVED
dinner_review_item_loop_7	dinner_review_item_loop	0	null	null	UNRESOLVED
dinner_review_item_loop_8	dinner_review_item_loop	0	null	null	UNRESOLVED
dinner_review_item_loop_9	dinner_review_item_loop	0	null	null	UNRESOLVED
dinner_review_item_pre_1	dinner_review_item_pre	0	null	null	UNRESOLVED
dinner_review_item_pre_2	dinner_review_item_pre	0	null	null	UNRESOLVED
dinner_review_item_pre_20	dinner_review_item_pre	0	null	null	UNRESOLVED
dinner_review_item_pre_4	dinner_review_item_pre	0	null	null	UNRESOLVED
dinner_review_item_pre_9	dinner_review_item_pre	0	null	null	UNRESOLVED
dinner_review_item_recover_3	dinner_review_item_recover	0	null	null	UNRESOLVED
dinner_review_item_recover_5	dinner_review_item_recover	0	null	null	UNRESOLVED
dinner_review_item_recover_50	dinner_review_item_recover	0	null	null	UNRESOLVED
dinner_review_item_recover_51	dinner_review_item_recover	0	null	null	UNRESOLVED
dinner_review_item_recover_52	dinner_review_item_recover	0	null	null	UNRESOLVED
dinner_review_item_recover_53	dinner_review_item_recover	0	null	null	UNRESOLVED
dinner_review_item_recover_54	dinner_review_item_recover	0	null	null	UNRESOLVED
dinner_review_item_recover_55	dinner_review_item_recover	0	null	null	UNRESOLVED
dinner_review_item_recover_56	dinner_review_item_recover	0	null	null	UNRESOLVED
dinner_review_item_recover_57	dinner_review_item_recover	0	null	null	UNRESOLVED
dinner_review_item_recover_58	dinner_review_item_recover	0	null	null	UNRESOLVED
dinner_review_item_recover_59	dinner_review_item_recover	0	null	null	UNRESOLVED
dinner_review_item_recover_6	dinner_review_item_recover	0	null	null	UNRESOLVED
dinner_review_item_recover_7	dinner_review_item_recover	0	null	null	UNRESOLVED
dinner_review_item_recover_70	dinner_review_item_recover	0	null	null	UNRESOLVED
dinner_review_item_recover_71	dinner_review_item_recover	0	null	null	UNRESOLVED
dinner_review_item_recover_72	dinner_review_item_recover	0	null	null	UNRESOLVED
dinner_review_item_recover_73	dinner_review_item_recover	0	null	null	UNRESOLVED
dinner_review_item_recover_74	dinner_review_item_recover	0	null	null	UNRESOLVED
dinner_review_item_recover_75	dinner_review_item_recover	0	null	null	UNRESOLVED
dinner_review_item_recover_76	dinner_review_item_recover	0	null	null	UNRESOLVED
dinner_review_item_recover_77	dinner_review_item_recover	0	null	null	UNRESOLVED
dinner_review_item_recover_78	dinner_review_item_recover	0	null	null	UNRESOLVED
dinner_review_item_recover_79	dinner_review_item_recover	0	null	null	UNRESOLVED
dinner_review_item_recover_8	dinner_review_item_recover	0	null	null	UNRESOLVED
dinner_review_item_recover_80	dinner_review_item_recover	0	null	null	UNRESOLVED
dinner_review_item_recover_81	dinner_review_item_recover	0	null	null	UNRESOLVED
dinner_review_item_recover_82	dinner_review_item_recover	0	null	null	UNRESOLVED
dinner_review_item_recover_83	dinner_review_item_recover	0	null	null	UNRESOLVED
dinner_review_item_recover_84	dinner_review_item_recover	0	null	null	UNRESOLVED
dinner_review_item_recover_85	dinner_review_item_recover	0	null	null	UNRESOLVED
dinner_review_item_recover_86	dinner_review_item_recover	0	null	null	UNRESOLVED
dinner_review_item_recover_87	dinner_review_item_recover	0	null	null	UNRESOLVED
dinner_review_item_recover_88	dinner_review_item_recover	0	null	null	UNRESOLVED
dinner_review_item_recover_89	dinner_review_item_recover	0	null	null	UNRESOLVED
dinner_rocking_chair_exit_01	dinner_rocking_chair_exit	0	null	null	UNRESOLVED
dinner_rogue_bless_item_01	dinner_rogue_bless_item	0	null	null	UNRESOLVED
dinner_rogue_bless_item_03	dinner_rogue_bless_item	0	null	null	UNRESOLVED
dinner_rogue_bless_item_06	dinner_rogue_bless_item	0	null	null	UNRESOLVED
dinner_rogue_bless_item_08	dinner_rogue_bless_item	0	null	null	UNRESOLVED
dinner_rogue_bless_item_10	dinner_rogue_bless_item	0	null	null	UNRESOLVED
dinner_rogue_bless_item_11	dinner_rogue_bless_item	0	null	null	UNRESOLVED
dinner_rogue_bless_item_13	dinner_rogue_bless_item	0	null	null	UNRESOLVED
dinner_run	dinner_run	0	null	null	UNRESOLVED
dinner_run_inertia_left	dinner_inertia	0	null	null	UNRESOLVED
dinner_run_left_tap_01	dinner_run_tap	0	null	null	UNRESOLVED
dinner_run_left_tap_01_battle	dinner_run_tap	0	null	null	UNRESOLVED
dinner_run_right_step_down_01_battle	dinner_run_step_down	0	null	null	UNRESOLVED
dinner_run_right_tap_01	dinner_run_tap	0	null	null	UNRESOLVED
dinner_run_right_tap_01_battle	dinner_run_tap	0	null	null	UNRESOLVED
dinner_run_shuffle_battle	dinner_run_shuffle	0	null	null	UNRESOLVED
dinner_run_start_battle	dinner_run_start	0	null	null	UNRESOLVED
dinner_run_start_half_left	dinner_run_start	0	null	null	UNRESOLVED
dinner_run_start_half_left_battle	dinner_run_start	0	null	null	UNRESOLVED
dinner_run_start_half_right_battle	dinner_run_start	0	null	null	UNRESOLVED
dinner_run_start_square_left_battle	dinner_run_start	0	null	null	UNRESOLVED
dinner_run_start_square_right	dinner_run_start	0	null	null	UNRESOLVED
dinner_run_start_square_right_battle	dinner_run_start	0	null	null	UNRESOLVED
dinner_run_turn_back_left	dinner_turn	0	null	null	UNRESOLVED
dinner_run_turn_back_right	dinner_turn	0	null	null	UNRESOLVED
dinner_run_turn_back_right_battle	dinner_turn	0	null	null	UNRESOLVED
dinner_scene_grab_101	dinner_scene_grab	0	null	null	UNRESOLVED
dinner_scene_grab_102	dinner_scene_grab	0	null	null	UNRESOLVED
dinner_scene_grab_103	dinner_scene_grab	0	null	null	UNRESOLVED
dinner_scene_grab_104	dinner_scene_grab	0	null	null	UNRESOLVED
dinner_scene_grab_105	dinner_scene_grab	0	null	null	UNRESOLVED
dinner_scene_grab_106	dinner_scene_grab	0	null	null	UNRESOLVED
dinner_scene_grab_107	dinner_scene_grab	0	null	null	UNRESOLVED
dinner_scene_grab_108	dinner_scene_grab	0	null	null	UNRESOLVED
dinner_scene_grab_109	dinner_scene_grab	0	null	null	UNRESOLVED
dinner_scene_grab_120	dinner_scene_grab	0	null	null	UNRESOLVED
dinner_scene_grab_121	dinner_scene_grab	0	null	null	UNRESOLVED
dinner_scene_grab_122	dinner_scene_grab	0	null	null	UNRESOLVED
dinner_scene_grab_123	dinner_scene_grab	0	null	null	UNRESOLVED
dinner_scene_grab_124	dinner_scene_grab	0	null	null	UNRESOLVED
dinner_scene_grab_125	dinner_scene_grab	0	null	null	UNRESOLVED
dinner_scene_grab_126	dinner_scene_grab	0	null	null	UNRESOLVED
dinner_scene_grab_127	dinner_scene_grab	0	null	null	UNRESOLVED
dinner_scene_grab_128	dinner_scene_grab	0	null	null	UNRESOLVED
dinner_scene_grab_129	dinner_scene_grab	0	null	null	UNRESOLVED
dinner_scene_grab_150	dinner_scene_grab	0	null	null	UNRESOLVED
dinner_scene_grab_151	dinner_scene_grab	0	null	null	UNRESOLVED
dinner_scene_grab_152	dinner_scene_grab	0	null	null	UNRESOLVED
dinner_scene_grab_153	dinner_scene_grab	0	null	null	UNRESOLVED
dinner_scene_grab_154	dinner_scene_grab	0	null	null	UNRESOLVED
dinner_scene_grab_155	dinner_scene_grab	0	null	null	UNRESOLVED
dinner_scene_grab_156	dinner_scene_grab	0	null	null	UNRESOLVED
dinner_scene_grab_157	dinner_scene_grab	0	null	null	UNRESOLVED
dinner_scene_grab_158	dinner_scene_grab	0	null	null	UNRESOLVED
dinner_scene_grab_159	dinner_scene_grab	0	null	null	UNRESOLVED
dinner_scene_grab_170	dinner_scene_grab	0	null	null	UNRESOLVED
dinner_scene_grab_171	dinner_scene_grab	0	null	null	UNRESOLVED
dinner_scene_grab_172	dinner_scene_grab	0	null	null	UNRESOLVED
dinner_scene_grab_173	dinner_scene_grab	0	null	null	UNRESOLVED
dinner_scene_grab_174	dinner_scene_grab	0	null	null	UNRESOLVED
dinner_scene_grab_175	dinner_scene_grab	0	null	null	UNRESOLVED
dinner_scene_grab_176	dinner_scene_grab	0	null	null	UNRESOLVED
dinner_scene_grab_177	dinner_scene_grab	0	null	null	UNRESOLVED
dinner_scene_grab_178	dinner_scene_grab	0	null	null	UNRESOLVED
dinner_scene_grab_179	dinner_scene_grab	0	null	null	UNRESOLVED
dinner_scene_grab_180	dinner_scene_grab	0	null	null	UNRESOLVED
dinner_scene_grab_181	dinner_scene_grab	0	null	null	UNRESOLVED
dinner_scene_grab_182	dinner_scene_grab	0	null	null	UNRESOLVED
dinner_scene_grab_183	dinner_scene_grab	0	null	null	UNRESOLVED
dinner_scene_grab_184	dinner_scene_grab	0	null	null	UNRESOLVED
dinner_scene_grab_185	dinner_scene_grab	0	null	null	UNRESOLVED
dinner_scene_grab_186	dinner_scene_grab	0	null	null	UNRESOLVED
dinner_scene_grab_187	dinner_scene_grab	0	null	null	UNRESOLVED
dinner_scene_grab_188	dinner_scene_grab	0	null	null	UNRESOLVED
dinner_scene_grab_189	dinner_scene_grab	0	null	null	UNRESOLVED
dinner_search_evacuate_letter_target_01_loop	dinner_interaction_device	0	null	null	UNRESOLVED
dinner_search_evacuate_letter_target_01_pre	dinner_interaction_device	0	null	null	UNRESOLVED
dinner_search_evacuate_letter_target_02_loop	dinner_interaction_device	0	null	null	UNRESOLVED
dinner_search_evacuate_letter_target_02_pre	dinner_interaction_device	0	null	null	UNRESOLVED
dinner_search_evacuate_letter_target_03_loop	dinner_interaction_device	0	null	null	UNRESOLVED
dinner_search_evacuate_letter_target_03_pre	dinner_interaction_device	0	null	null	UNRESOLVED
dinner_search_evacuate_letter_target_04_loop	dinner_interaction_device	0	null	null	UNRESOLVED
dinner_search_evacuate_letter_target_04_pre	dinner_interaction_device	0	null	null	UNRESOLVED
dinner_search_evacuate_letter_target_05_loop	dinner_interaction_device	0	null	null	UNRESOLVED
dinner_search_evacuate_letter_target_05_pre	dinner_interaction_device	0	null	null	UNRESOLVED
dinner_search_evacuate_letter_target_06_loop	dinner_interaction_device	0	null	null	UNRESOLVED
dinner_search_evacuate_letter_target_06_pre	dinner_interaction_device	0	null	null	UNRESOLVED
dinner_search_evacuate_letter_target_07_loop	dinner_interaction_device	0	null	null	UNRESOLVED
dinner_search_evacuate_letter_target_07_pre	dinner_interaction_device	0	null	null	UNRESOLVED
dinner_search_evacuate_letter_target_08_loop	dinner_interaction_device	0	null	null	UNRESOLVED
dinner_search_evacuate_letter_target_08_pre	dinner_interaction_device	0	null	null	UNRESOLVED
dinner_search_evacuate_letter_target_09_loop	dinner_interaction_device	0	null	null	UNRESOLVED
dinner_search_evacuate_letter_target_09_pre	dinner_interaction_device	0	null	null	UNRESOLVED
dinner_shenzhen_airhike_toline_01	dinner_shenzhen_airhike_toline	0	null	null	UNRESOLVED
dinner_shenzhen_airhike_up_01	dinner_airhike	0	null	null	UNRESOLVED
dinner_shenzhen_airhike_up_02	dinner_airhike	0	null	null	UNRESOLVED
dinner_shenzhen_line_dancestep_left_01	dinner_shenzhen_line_dancestep	0	null	null	UNRESOLVED
dinner_shenzhen_line_idle_01	dinner_shenzhen_line_idle	0	null	null	UNRESOLVED
dinner_shenzhen_line_look_down_01	dinner_shenzhen_line_look_down	0	null	null	UNRESOLVED
dinner_shenzhen_line_look_jump_out_01	dinner_shenzhen_line_look_jump_out	0	null	null	UNRESOLVED
dinner_shenzhen_line_move_right_01	dinner_shenzhen_line_move	0	null	null	UNRESOLVED
dinner_shenzhen_line_move_right_start_01	dinner_shenzhen_line_move_start	0	null	null	UNRESOLVED
dinner_shenzhen_line_move_right_to_left_01	dinner_shenzhen_line_move_turn	0	null	null	UNRESOLVED
dinner_shenzhen_line_turn_right_01	dinner_shenzhen_line_turn	0	null	null	UNRESOLVED
dinner_shock_back_03	dinner_shock	0	null	null	UNRESOLVED
dinner_shock_back_05	dinner_shock	0	null	null	UNRESOLVED
dinner_shock_back_06	dinner_shock	0	null	null	UNRESOLVED
dinner_shock_back_08	dinner_shock	0	null	null	UNRESOLVED
dinner_shock_back_floating_01	dinner_shock	0	null	null	UNRESOLVED
dinner_shock_back_land_01	dinner_shock_land	0	null	null	UNRESOLVED
dinner_shock_dodge_back	dinner_shock_dodge	0	null	null	UNRESOLVED
dinner_shock_dodge_left	dinner_shock_dodge	0	null	null	UNRESOLVED
dinner_shock_dodge_right	dinner_shock_dodge	0	null	null	UNRESOLVED
dinner_shock_double_01	dinner_shock	0	null	null	UNRESOLVED
dinner_shock_double_03	dinner_shock	0	null	null	UNRESOLVED
dinner_shock_land_01	dinner_shock_land	0	null	null	UNRESOLVED
dinner_shocked_floating_01	dinner_shocked	0	null	null	UNRESOLVED
dinner_shocked_land_01	dinner_shocked_land	0	null	null	UNRESOLVED
dinner_shocked_special_2	dinner_shocked	0	null	null	UNRESOLVED
dinner_shocked_special_3	dinner_shocked	0	null	null	UNRESOLVED
dinner_shocked_special_5	dinner_shocked	0	null	null	UNRESOLVED
dinner_shocked_special_8	dinner_shocked	0	null	null	UNRESOLVED
dinner_show_idle_10	dinner_show_idle	0	null	null	UNRESOLVED
dinner_show_idle_5	dinner_show_idle	0	null	null	UNRESOLVED
dinner_show_idle_6	dinner_show_idle	0	null	null	UNRESOLVED
dinner_show_idle_7	dinner_show_idle	0	null	null	UNRESOLVED
dinner_show_idle_8	dinner_show_idle	0	null	null	UNRESOLVED
dinner_show_idle_loop_10	dinner_show_idle_loop	0	null	null	UNRESOLVED
dinner_show_idle_loop_in_1	dinner_show_idle_loop_in	0	null	null	UNRESOLVED
dinner_show_idle_loop_in_10	dinner_show_idle_loop_in	0	null	null	UNRESOLVED
dinner_show_idle_loop_in_4	dinner_show_idle_loop_in	0	null	null	UNRESOLVED
dinner_show_idle_loop_in_6	dinner_show_idle_loop_in	0	null	null	UNRESOLVED
dinner_show_idle_loop_in_7	dinner_show_idle_loop_in	0	null	null	UNRESOLVED
dinner_show_idle_loop_in_9	dinner_show_idle_loop_in	0	null	null	UNRESOLVED
dinner_show_idle_loop_out_1	dinner_show_idle_loop_out	0	null	null	UNRESOLVED
dinner_show_idle_loop_out_2	dinner_show_idle_loop_out	0	null	null	UNRESOLVED
dinner_show_idle_loop_out_3	dinner_show_idle_loop_out	0	null	null	UNRESOLVED
dinner_show_idle_loop_out_4	dinner_show_idle_loop_out	0	null	null	UNRESOLVED
dinner_show_idle_loop_out_5	dinner_show_idle_loop_out	0	null	null	UNRESOLVED
dinner_show_idle_loop_out_6	dinner_show_idle_loop_out	0	null	null	UNRESOLVED
dinner_show_idle_loop_out_7	dinner_show_idle_loop_out	0	null	null	UNRESOLVED
dinner_show_idle_loop_out_8	dinner_show_idle_loop_out	0	null	null	UNRESOLVED
dinner_show_idle_loop_out_9	dinner_show_idle_loop_out	0	null	null	UNRESOLVED
dinner_show_idle_to_battle_1	dinner_show_idle_to_battle	0	null	null	UNRESOLVED
dinner_show_idle_to_battle_10	dinner_show_idle_to_battle	0	null	null	UNRESOLVED
dinner_show_idle_to_battle_3	dinner_show_idle_to_battle	0	null	null	UNRESOLVED
dinner_show_idle_to_battle_4	dinner_show_idle_to_battle	0	null	null	UNRESOLVED
dinner_show_idle_to_battle_6	dinner_show_idle_to_battle	0	null	null	UNRESOLVED
dinner_sit_chair_enter_01	dinner_sit_chair_enter	0	null	null	UNRESOLVED
dinner_sit_chair_enter_02	dinner_sit_chair_enter	0	null	null	UNRESOLVED
dinner_sit_chair_enter_03	dinner_sit_chair_enter	0	null	null	UNRESOLVED
dinner_sit_chair_enter_04	dinner_sit_chair_enter	0	null	null	UNRESOLVED
dinner_sit_chair_enter_05	dinner_sit_chair_enter	0	null	null	UNRESOLVED
dinner_sit_chair_enter_06	dinner_sit_chair_enter	0	null	null	UNRESOLVED
dinner_sit_chair_enter_07	dinner_sit_chair_enter	0	null	null	UNRESOLVED
dinner_sit_chair_enter_08	dinner_sit_chair_enter	0	null	null	UNRESOLVED
dinner_sit_chair_enter_09	dinner_sit_chair_enter	0	null	null	UNRESOLVED
dinner_sit_chair_exit_01	dinner_sit_chair_exit	0	null	null	UNRESOLVED
dinner_sit_chair_exit_03	dinner_sit_chair_exit	0	null	null	UNRESOLVED
dinner_sit_chair_exit_05	dinner_sit_chair_exit	0	null	null	UNRESOLVED
dinner_sit_chair_exit_06	dinner_sit_chair_exit	0	null	null	UNRESOLVED
dinner_sit_chair_exit_08	dinner_sit_chair_exit	0	null	null	UNRESOLVED
dinner_sit_chair_exit_09	dinner_sit_chair_exit	0	null	null	UNRESOLVED
dinner_sit_chair_exit_10	dinner_sit_chair_exit	0	null	null	UNRESOLVED
dinner_sit_chair_exit_11	dinner_sit_chair_exit	0	null	null	UNRESOLVED
dinner_sit_chair_exit_13	dinner_sit_chair_exit	0	null	null	UNRESOLVED
dinner_sit_chair_exit_15	dinner_sit_chair_exit	0	null	null	UNRESOLVED
dinner_sit_chair_idle_01	dinner_sit_chair_idle	0	null	null	UNRESOLVED
dinner_sit_chair_idle_02	dinner_sit_chair_idle	0	null	null	UNRESOLVED
dinner_sit_chair_idle_03	dinner_sit_chair_idle	0	null	null	UNRESOLVED
dinner_sit_chair_idle_04	dinner_sit_chair_idle	0	null	null	UNRESOLVED
dinner_sit_chair_idle_09	dinner_sit_chair_idle	0	null	null	UNRESOLVED
dinner_sit_chair_idle_11	dinner_sit_chair_idle	0	null	null	UNRESOLVED
dinner_sit_chair_idle_12	dinner_sit_chair_idle	0	null	null	UNRESOLVED
dinner_sit_chair_idle_13	dinner_sit_chair_idle	0	null	null	UNRESOLVED
dinner_sit_chair_idle_14	dinner_sit_chair_idle	0	null	null	UNRESOLVED
dinner_skimming_dodge_front	dinner_skimming_dodge	0	null	null	UNRESOLVED
dinner_skimming_dodge_left	dinner_skimming_dodge	0	null	null	UNRESOLVED
dinner_skimming_dodge_right	dinner_skimming_dodge	0	null	null	UNRESOLVED
dinner_skimming_dodge_to_skimming_front	dinner_skimming_dodge_to_skimming	0	null	null	UNRESOLVED
dinner_skimming_dodge_to_skimming_right	dinner_skimming_dodge_to_skimming	0	null	null	UNRESOLVED
dinner_skimming_inertia_left	dinner_skimming_inertia	0	null	null	UNRESOLVED
dinner_skimming_shock_01	dinner_water_shock	0	null	null	UNRESOLVED
dinner_skimming_shock_02	dinner_water_shock	0	null	null	UNRESOLVED
dinner_skimming_shock_back_01	dinner_water_shock	0	null	null	UNRESOLVED
dinner_skimming_shock_back_02	dinner_water_shock	0	null	null	UNRESOLVED
dinner_skimming_to_surface	dinner_skimming_to_surface	0	null	null	UNRESOLVED
dinner_skimming_turn_back_left	dinner_skimming_turn	0	null	null	UNRESOLVED
dinner_slide_down_02	dinner_slide_down	0	null	null	UNRESOLVED
dinner_slide_down_in_01	dinner_slide_down	0	null	null	UNRESOLVED
dinner_slide_down_out_01	dinner_slide_down	0	null	null	UNRESOLVED
dinner_slide_down_out_02	dinner_slide_down	0	null	null	UNRESOLVED
dinner_slide_track_down_loop_01	dinner_slide_track_down_loop	0	null	null	UNRESOLVED
dinner_slide_track_down_to_land_02	dinner_slide_track_land	0	null	null	UNRESOLVED
dinner_slide_track_enter_01	dinner_slide_track_enter	0	null	null	UNRESOLVED
dinner_slide_track_enter_02	dinner_slide_track_enter	0	null	null	UNRESOLVED
dinner_slide_track_enter_03	dinner_slide_track_enter	0	null	null	UNRESOLVED
dinner_slide_track_enter_04	dinner_slide_track_enter	0	null	null	UNRESOLVED
dinner_slide_track_enter_05	dinner_slide_track_enter	0	null	null	UNRESOLVED
dinner_slide_track_enter_06	dinner_slide_track_enter	0	null	null	UNRESOLVED
dinner_slide_track_enter_switch_06	dinner_slide_track_enter	0	null	null	UNRESOLVED
dinner_slide_track_jump_down_01	dinner_slide_track_jump_down	0	null	null	UNRESOLVED
dinner_slide_track_jump_down_02	dinner_slide_track_jump_down	0	null	null	UNRESOLVED
dinner_slide_track_turn_back_01	dinner_slide_track_turn_back	0	null	null	UNRESOLVED
dinner_slide_track_turn_back_acc_01	dinner_slide_track_turn_back	0	null	null	UNRESOLVED
dinner_sniper_ads_attack_01	dinner_sniper_attack	0	null	null	UNRESOLVED
dinner_sniper_aim_turn_down_01	dinner_sniper_hold_move	0	null	null	UNRESOLVED
dinner_sniper_aim_turn_down_inertia_01	dinner_sniper_turn_inertia	0	null	null	UNRESOLVED
dinner_sniper_aim_turn_right_01	dinner_sniper_turn	0	null	null	UNRESOLVED
dinner_sniper_aim_turn_right_inertia_01	dinner_sniper_turn_inertia	0	null	null	UNRESOLVED
dinner_sniper_attack_01	dinner_sniper_attack	0	null	null	UNRESOLVED
dinner_sniper_attack_11_prepare	dinner_sniper_attack	0	null	null	UNRESOLVED
dinner_sniper_attack_11_recover	dinner_sniper_attack	0	null	null	UNRESOLVED
dinner_sniper_attack_12_prepare	dinner_sniper_attack	0	null	null	UNRESOLVED
dinner_sniper_attack_12_recover	dinner_sniper_attack	0	null	null	UNRESOLVED
dinner_sniper_attack_13_prepare	dinner_sniper_attack	0	null	null	UNRESOLVED
dinner_sniper_attack_13_recover	dinner_sniper_attack	0	null	null	UNRESOLVED
dinner_sniper_attack_14_prepare	dinner_sniper_attack	0	null	null	UNRESOLVED
dinner_sniper_attack_14_recover	dinner_sniper_attack	0	null	null	UNRESOLVED
dinner_sniper_attack_15_prepare	dinner_sniper_attack	0	null	null	UNRESOLVED
dinner_sniper_attack_15_recover	dinner_sniper_attack	0	null	null	UNRESOLVED
dinner_sniper_attack_20	dinner_sniper_attack	0	null	null	UNRESOLVED
dinner_sniper_attack_20_charge	dinner_sniper_attack	0	null	null	UNRESOLVED
dinner_sniper_attack_20_prepare	dinner_sniper_attack	0	null	null	UNRESOLVED
dinner_sniper_attack_21	dinner_sniper_attack	0	null	null	UNRESOLVED
dinner_sniper_attack_21_charge	dinner_sniper_attack	0	null	null	UNRESOLVED
dinner_sniper_attack_21_prepare	dinner_sniper_attack	0	null	null	UNRESOLVED
dinner_sniper_attack_22	dinner_sniper_attack	0	null	null	UNRESOLVED
dinner_sniper_attack_22_charge	dinner_sniper_attack	0	null	null	UNRESOLVED
dinner_sniper_attack_22_prepare	dinner_sniper_attack	0	null	null	UNRESOLVED
dinner_sniper_attack_23	dinner_sniper_attack	0	null	null	UNRESOLVED
dinner_sniper_attack_23_charge	dinner_sniper_attack	0	null	null	UNRESOLVED
dinner_sniper_attack_23_prepare	dinner_sniper_attack	0	null	null	UNRESOLVED
dinner_sniper_attack_24	dinner_sniper_attack	0	null	null	UNRESOLVED
dinner_sniper_attack_24_charge	dinner_sniper_attack	0	null	null	UNRESOLVED
dinner_sniper_attack_24_prepare	dinner_sniper_attack	0	null	null	UNRESOLVED
dinner_sniper_attack_25	dinner_sniper_attack	0	null	null	UNRESOLVED
dinner_sniper_attack_25_charge	dinner_sniper_attack	0	null	null	UNRESOLVED
dinner_sniper_attack_25_prepare	dinner_sniper_attack	0	null	null	UNRESOLVED
dinner_sniper_attack_26	dinner_sniper_attack	0	null	null	UNRESOLVED
dinner_sniper_attack_26_charge	dinner_sniper_attack	0	null	null	UNRESOLVED
dinner_sniper_attack_26_prepare	dinner_sniper_attack	0	null	null	UNRESOLVED
dinner_sniper_attack_27	dinner_sniper_attack	0	null	null	UNRESOLVED
dinner_sniper_attack_27_charge	dinner_sniper_attack	0	null	null	UNRESOLVED
dinner_sniper_attack_27_prepare	dinner_sniper_attack	0	null	null	UNRESOLVED
dinner_sniper_attack_28	dinner_sniper_attack	0	null	null	UNRESOLVED
dinner_sniper_attack_28_charge	dinner_sniper_attack	0	null	null	UNRESOLVED
dinner_sniper_attack_28_prepare	dinner_sniper_attack	0	null	null	UNRESOLVED
dinner_sniper_attack_29	dinner_sniper_attack	0	null	null	UNRESOLVED
dinner_sniper_attack_29_charge	dinner_sniper_attack	0	null	null	UNRESOLVED
dinner_sniper_attack_29_prepare	dinner_sniper_attack	0	null	null	UNRESOLVED
dinner_sniper_hold_move_front_inertia_01	dinner_sniper_hold_move_inertia	0	null	null	UNRESOLVED
dinner_sniper_hold_move_left_start_01	dinner_sniper_hold_move_start	0	null	null	UNRESOLVED
dinner_sniper_hold_move_right_inertia_01	dinner_sniper_hold_move_inertia	0	null	null	UNRESOLVED
dinner_sniper_interact_enter_left_01	dinner_sniper_interact	0	null	null	UNRESOLVED
dinner_sniper_interact_enter_left_pre_01	dinner_sniper_interact_pre	0	null	null	UNRESOLVED
dinner_sniper_interact_enter_right_01	dinner_sniper_interact	0	null	null	UNRESOLVED
dinner_sniper_interact_leave_right_01	dinner_sniper_interact	0	null	null	UNRESOLVED
dinner_special_bounce_1	dinner_special_bounce	0	null	null	UNRESOLVED
dinner_special_bounce_2	dinner_special_bounce	0	null	null	UNRESOLVED
dinner_special_bounce_3	dinner_special_bounce	0	null	null	UNRESOLVED
dinner_special_bounce_4	dinner_special_bounce	0	null	null	UNRESOLVED
dinner_special_bounce_5	dinner_special_bounce	0	null	null	UNRESOLVED
dinner_special_bounce_6	dinner_special_bounce	0	null	null	UNRESOLVED
dinner_special_bounce_7	dinner_special_bounce	0	null	null	UNRESOLVED
dinner_special_bounce_8	dinner_special_bounce	0	null	null	UNRESOLVED
dinner_special_bounce_9	dinner_special_bounce	0	null	null	UNRESOLVED
dinner_sprint	dinner_sprint	0	null	null	UNRESOLVED
dinner_sprint_dril_grapple_glide_01	dinner_dril_grappe	0	null	null	UNRESOLVED
dinner_sprint_dril_shoot_left_01	dinner_dril_shoot	0	null	null	UNRESOLVED
dinner_sprint_inertia	dinner_inertia	0	null	null	UNRESOLVED
dinner_sprint_left_step_down_01	dinner_sprint_step_down	0	null	null	UNRESOLVED
dinner_sprint_right_step_down_01	dinner_sprint_step_down	0	null	null	UNRESOLVED
dinner_sprint_slide_04	dinner_slide	0	null	null	UNRESOLVED
dinner_sprint_slide_out	dinner_slide_out	0	null	null	UNRESOLVED
dinner_sprint_slide_out_02	dinner_slide_out	0	null	null	UNRESOLVED
dinner_sprint_start_02	dinner_sprint_start	0	null	null	UNRESOLVED
dinner_sprint_step_down_inertia_01	dinner_sprint_step_down_inertia	0	null	null	UNRESOLVED
dinner_squat_01	dinner_crouch_idle	0	null	null	UNRESOLVED
dinner_squat_01_battle	dinner_crouch_idle	0	null	null	UNRESOLVED
dinner_squat_02	dinner_crouch_idle	0	null	null	UNRESOLVED
dinner_squat_02_battle	dinner_crouch_idle	0	null	null	UNRESOLVED
dinner_squat_run_01	dinner_crouch_run	0	null	null	UNRESOLVED
dinner_squat_run_02	dinner_crouch_run	0	null	null	UNRESOLVED
dinner_step_over_left_02	dinner_scene_grab	0	null	null	UNRESOLVED
dinner_stun_01	dinner_stun	0	null	null	UNRESOLVED
dinner_stun_02	dinner_stun	0	null	null	UNRESOLVED
dinner_stun_03	dinner_stun	0	null	null	UNRESOLVED
dinner_stun_04	dinner_stun	0	null	null	UNRESOLVED
dinner_stun_07	dinner_stun	0	null	null	UNRESOLVED
dinner_stun_09	dinner_stun	0	null	null	UNRESOLVED
dinner_summon_skill_transfer_1	dinner_summon_skill_transfer	0	null	null	UNRESOLVED
dinner_summon_skill_transfer_3	dinner_summon_skill_transfer	0	null	null	UNRESOLVED
dinner_summon_skill_transfer_4	dinner_summon_skill_transfer	0	null	null	UNRESOLVED
dinner_summon_skill_transfer_6	dinner_summon_skill_transfer	0	null	null	UNRESOLVED
dinner_summon_skill_transfer_9	dinner_summon_skill_transfer	0	null	null	UNRESOLVED
dinner_super_step_over_left_01	dinner_scene_grab	0	null	null	UNRESOLVED
dinner_super_step_over_left_02	dinner_scene_grab	0	null	null	UNRESOLVED
dinner_super_step_over_right_01	dinner_scene_grab	0	null	null	UNRESOLVED
dinner_super_step_over_right_02	dinner_scene_grab	0	null	null	UNRESOLVED
dinner_surface_transfor_underwater_battle	dinner_enter_underwater	0	null	null	UNRESOLVED
dinner_surfacewater_dodge_back	dinner_surfacewater_dodge	0	null	null	UNRESOLVED
dinner_surfacewater_dodge_to_skimming_back	dinner_surfacewater_dodge_to_skimming	0	null	null	UNRESOLVED
dinner_surfacewater_dodge_to_skimming_front	dinner_surfacewater_dodge_to_skimming	0	null	null	UNRESOLVED
dinner_surfacewater_dodge_to_sprint_front	dinner_surfacewater_dodge_to_sprint	0	null	null	UNRESOLVED
dinner_surfacewater_dodge_to_sprint_left	dinner_surfacewater_dodge_to_sprint	0	null	null	UNRESOLVED
dinner_surfacewater_dodge_to_sprint_right	dinner_surfacewater_dodge_to_sprint	0	null	null	UNRESOLVED
dinner_surfacewater_down_to_land_01	dinner_surfacewater_land	0	null	null	UNRESOLVED
dinner_surfacewater_down_to_land_02	dinner_surfacewater_land	0	null	null	UNRESOLVED
dinner_surfacewater_down_to_land_03	dinner_surfacewater_land	0	null	null	UNRESOLVED
dinner_surfacewater_down_to_land_04	dinner_surfacewater_land	0	null	null	UNRESOLVED
dinner_surfacewater_grapple_land_01	dinner_land	0	null	null	UNRESOLVED
dinner_surfacewater_grapple_land_02	dinner_land	0	null	null	UNRESOLVED
dinner_surfacewater_idle_battle	dinner_surfacewater_idle	0	null	null	UNRESOLVED
dinner_surfacewater_jump_down_loop_01	dinner_surfacewater_down_loop	0	null	null	UNRESOLVED
dinner_surfacewater_jump_forward_down_01_battle	dinner_surfacewater_jump_down	0	null	null	UNRESOLVED
dinner_surfacewater_jump_forward_down_02_battle	dinner_surfacewater_jump_down	0	null	null	UNRESOLVED
dinner_surfacewater_jump_forward_up_01_battle	dinner_surfacewater_jump	0	null	null	UNRESOLVED
dinner_surfacewater_jump_inplace_up_01	dinner_surfacewater_jump	0	null	null	UNRESOLVED
dinner_surfacewater_jump_inplace_up_02	dinner_surfacewater_jump	0	null	null	UNRESOLVED
dinner_surfacewater_jump_inplace_up_02_battle	dinner_surfacewater_jump	0	null	null	UNRESOLVED
dinner_surfacewater_move	dinner_surfacewater_move	0	null	null	UNRESOLVED
dinner_surfacewater_move_battle	dinner_surfacewater_move	0	null	null	UNRESOLVED
dinner_surfacewater_move_inertia	dinner_surfacewater_inertia	0	null	null	UNRESOLVED
dinner_surfacewater_move_start	dinner_surfacewater_move_start	0	null	null	UNRESOLVED
dinner_surfacewater_move_start_battle	dinner_surfacewater_move_start	0	null	null	UNRESOLVED
dinner_surfacewater_move_turn_left_back_battle	dinner_surfacewater_turn	0	null	null	UNRESOLVED
dinner_surfacewater_shock_02	dinner_water_shock	0	null	null	UNRESOLVED
dinner_surfacewater_shock_back_01	dinner_water_shock	0	null	null	UNRESOLVED
dinner_surfacewater_shock_back_02	dinner_water_shock	0	null	null	UNRESOLVED
dinner_surfacewater_start_turn_left_square	dinner_surfacewater_turn	0	null	null	UNRESOLVED
dinner_surfacewater_start_turn_right_half_battle	dinner_surfacewater_turn	0	null	null	UNRESOLVED
dinner_surfacewater_start_turn_right_square	dinner_surfacewater_turn	0	null	null	UNRESOLVED
dinner_surfacewater_turn_inertia	dinner_surfacewater_inertia	0	null	null	UNRESOLVED
dinner_swinged_01	dinner_swinged	0	null	null	UNRESOLVED
dinner_swinged_02	dinner_swinged	0	null	null	UNRESOLVED
dinner_swinged_03	dinner_swinged	0	null	null	UNRESOLVED
dinner_swinged_04	dinner_swinged	0	null	null	UNRESOLVED
dinner_swinged_05	dinner_swinged	0	null	null	UNRESOLVED
dinner_swinged_06	dinner_swinged	0	null	null	UNRESOLVED
dinner_swinged_07	dinner_swinged	0	null	null	UNRESOLVED
dinner_swinged_08	dinner_swinged	0	null	null	UNRESOLVED
dinner_swinged_09	dinner_swinged	0	null	null	UNRESOLVED
dinner_swinged_floating_01	dinner_swinged	0	null	null	UNRESOLVED
dinner_switch_bounced_01	dinner_switch_bounced	0	null	null	UNRESOLVED
dinner_sync_emote_100_loop	dinner_sync_emote	0	null	null	UNRESOLVED
dinner_sync_emote_100_once	dinner_sync_emote	0	null	null	UNRESOLVED
dinner_sync_emote_101_loop	dinner_sync_emote	0	null	null	UNRESOLVED
dinner_sync_emote_101_once	dinner_sync_emote	0	null	null	UNRESOLVED
dinner_sync_emote_102_loop	dinner_sync_emote	0	null	null	UNRESOLVED
dinner_sync_emote_102_once	dinner_sync_emote	0	null	null	UNRESOLVED
dinner_sync_emote_103_loop	dinner_sync_emote	0	null	null	UNRESOLVED
dinner_sync_emote_103_once	dinner_sync_emote	0	null	null	UNRESOLVED
dinner_sync_emote_104_loop	dinner_sync_emote	0	null	null	UNRESOLVED
dinner_sync_emote_104_once	dinner_sync_emote	0	null	null	UNRESOLVED
dinner_sync_emote_105_loop	dinner_sync_emote	0	null	null	UNRESOLVED
dinner_sync_emote_105_once	dinner_sync_emote	0	null	null	UNRESOLVED
dinner_sync_emote_106_loop	dinner_sync_emote	0	null	null	UNRESOLVED
dinner_sync_emote_106_once	dinner_sync_emote	0	null	null	UNRESOLVED
dinner_sync_emote_107_loop	dinner_sync_emote	0	null	null	UNRESOLVED
dinner_sync_emote_107_once	dinner_sync_emote	0	null	null	UNRESOLVED
dinner_sync_emote_108_loop	dinner_sync_emote	0	null	null	UNRESOLVED
dinner_sync_emote_108_once	dinner_sync_emote	0	null	null	UNRESOLVED
dinner_sync_emote_109_loop	dinner_sync_emote	0	null	null	UNRESOLVED
dinner_sync_emote_109_once	dinner_sync_emote	0	null	null	UNRESOLVED
dinner_sync_emote_110_pre	dinner_sync_emote	0	null	null	UNRESOLVED
dinner_sync_emote_110_recover	dinner_sync_emote_recover	0	null	null	UNRESOLVED
dinner_sync_emote_111_pre	dinner_sync_emote	0	null	null	UNRESOLVED
dinner_sync_emote_111_recover	dinner_sync_emote_recover	0	null	null	UNRESOLVED
dinner_sync_emote_112_pre	dinner_sync_emote	0	null	null	UNRESOLVED
dinner_sync_emote_112_recover	dinner_sync_emote_recover	0	null	null	UNRESOLVED
dinner_sync_emote_113_pre	dinner_sync_emote	0	null	null	UNRESOLVED
dinner_sync_emote_113_recover	dinner_sync_emote_recover	0	null	null	UNRESOLVED
dinner_sync_emote_114_pre	dinner_sync_emote	0	null	null	UNRESOLVED
dinner_sync_emote_114_recover	dinner_sync_emote_recover	0	null	null	UNRESOLVED
dinner_sync_emote_115_pre	dinner_sync_emote	0	null	null	UNRESOLVED
dinner_sync_emote_115_recover	dinner_sync_emote_recover	0	null	null	UNRESOLVED
dinner_sync_emote_116_pre	dinner_sync_emote	0	null	null	UNRESOLVED
dinner_sync_emote_116_recover	dinner_sync_emote_recover	0	null	null	UNRESOLVED
dinner_sync_emote_117_pre	dinner_sync_emote	0	null	null	UNRESOLVED
dinner_sync_emote_117_recover	dinner_sync_emote_recover	0	null	null	UNRESOLVED
dinner_sync_emote_118_pre	dinner_sync_emote	0	null	null	UNRESOLVED
dinner_sync_emote_118_recover	dinner_sync_emote_recover	0	null	null	UNRESOLVED
dinner_sync_emote_119_pre	dinner_sync_emote	0	null	null	UNRESOLVED
dinner_sync_emote_119_recover	dinner_sync_emote_recover	0	null	null	UNRESOLVED
dinner_sync_emote_120_loop	dinner_sync_emote	0	null	null	UNRESOLVED
dinner_sync_emote_120_once	dinner_sync_emote	0	null	null	UNRESOLVED
dinner_sync_emote_121_loop	dinner_sync_emote	0	null	null	UNRESOLVED
dinner_sync_emote_121_once	dinner_sync_emote	0	null	null	UNRESOLVED
dinner_sync_emote_122_loop	dinner_sync_emote	0	null	null	UNRESOLVED
dinner_sync_emote_122_once	dinner_sync_emote	0	null	null	UNRESOLVED
dinner_sync_emote_123_loop	dinner_sync_emote	0	null	null	UNRESOLVED
dinner_sync_emote_123_once	dinner_sync_emote	0	null	null	UNRESOLVED
dinner_sync_emote_124_loop	dinner_sync_emote	0	null	null	UNRESOLVED
dinner_sync_emote_124_once	dinner_sync_emote	0	null	null	UNRESOLVED
dinner_sync_emote_125_loop	dinner_sync_emote	0	null	null	UNRESOLVED
dinner_sync_emote_125_once	dinner_sync_emote	0	null	null	UNRESOLVED
dinner_sync_emote_126_loop	dinner_sync_emote	0	null	null	UNRESOLVED
dinner_sync_emote_126_once	dinner_sync_emote	0	null	null	UNRESOLVED
dinner_sync_emote_127_loop	dinner_sync_emote	0	null	null	UNRESOLVED
dinner_sync_emote_127_once	dinner_sync_emote	0	null	null	UNRESOLVED
dinner_sync_emote_128_loop	dinner_sync_emote	0	null	null	UNRESOLVED
dinner_sync_emote_128_once	dinner_sync_emote	0	null	null	UNRESOLVED
dinner_sync_emote_129_loop	dinner_sync_emote	0	null	null	UNRESOLVED
dinner_sync_emote_129_once	dinner_sync_emote	0	null	null	UNRESOLVED
dinner_sync_emote_130_pre	dinner_sync_emote	0	null	null	UNRESOLVED
dinner_sync_emote_131_pre	dinner_sync_emote	0	null	null	UNRESOLVED
dinner_sync_emote_132_pre	dinner_sync_emote	0	null	null	UNRESOLVED
dinner_sync_emote_133_pre	dinner_sync_emote	0	null	null	UNRESOLVED
dinner_sync_emote_134_pre	dinner_sync_emote	0	null	null	UNRESOLVED
dinner_sync_emote_135_pre	dinner_sync_emote	0	null	null	UNRESOLVED
dinner_sync_emote_136_pre	dinner_sync_emote	0	null	null	UNRESOLVED
dinner_sync_emote_137_pre	dinner_sync_emote	0	null	null	UNRESOLVED
dinner_sync_emote_138_pre	dinner_sync_emote	0	null	null	UNRESOLVED
dinner_sync_emote_139_pre	dinner_sync_emote	0	null	null	UNRESOLVED
dinner_sync_emote_140_recover	dinner_sync_emote_recover	0	null	null	UNRESOLVED
dinner_sync_emote_142_recover	dinner_sync_emote_recover	0	null	null	UNRESOLVED
dinner_sync_emote_143_recover	dinner_sync_emote_recover	0	null	null	UNRESOLVED
dinner_sync_emote_144_recover	dinner_sync_emote_recover	0	null	null	UNRESOLVED
dinner_sync_emote_146_recover	dinner_sync_emote_recover	0	null	null	UNRESOLVED
dinner_sync_emote_147_recover	dinner_sync_emote_recover	0	null	null	UNRESOLVED
dinner_sync_emote_148_recover	dinner_sync_emote_recover	0	null	null	UNRESOLVED
dinner_sync_emote_149_recover	dinner_sync_emote_recover	0	null	null	UNRESOLVED
dinner_sync_emote_150_loop	dinner_sync_emote	0	null	null	UNRESOLVED
dinner_sync_emote_150_pre	dinner_sync_emote	0	null	null	UNRESOLVED
dinner_sync_emote_151_loop	dinner_sync_emote	0	null	null	UNRESOLVED
dinner_sync_emote_151_pre	dinner_sync_emote	0	null	null	UNRESOLVED
dinner_sync_emote_152_loop	dinner_sync_emote	0	null	null	UNRESOLVED
dinner_sync_emote_152_pre	dinner_sync_emote	0	null	null	UNRESOLVED
dinner_sync_emote_153_loop	dinner_sync_emote	0	null	null	UNRESOLVED
dinner_sync_emote_153_pre	dinner_sync_emote	0	null	null	UNRESOLVED
dinner_sync_emote_154_loop	dinner_sync_emote	0	null	null	UNRESOLVED
dinner_sync_emote_154_pre	dinner_sync_emote	0	null	null	UNRESOLVED
dinner_sync_emote_155_loop	dinner_sync_emote	0	null	null	UNRESOLVED
dinner_sync_emote_155_pre	dinner_sync_emote	0	null	null	UNRESOLVED
dinner_sync_emote_156_loop	dinner_sync_emote	0	null	null	UNRESOLVED
dinner_sync_emote_156_pre	dinner_sync_emote	0	null	null	UNRESOLVED
dinner_sync_emote_157_loop	dinner_sync_emote	0	null	null	UNRESOLVED
dinner_sync_emote_157_pre	dinner_sync_emote	0	null	null	UNRESOLVED
dinner_sync_emote_158_loop	dinner_sync_emote	0	null	null	UNRESOLVED
dinner_sync_emote_158_pre	dinner_sync_emote	0	null	null	UNRESOLVED
dinner_sync_emote_159_loop	dinner_sync_emote	0	null	null	UNRESOLVED
dinner_sync_emote_159_pre	dinner_sync_emote	0	null	null	UNRESOLVED
dinner_tactics_transform_mimic_exit_01	dinner_tactics_transform_mimic_exit	0	null	null	UNRESOLVED
dinner_throne_device_idle_01	dinner_throne_device_idle	0	null	null	UNRESOLVED
dinner_tiger_leap_airhike_up_02	dinner_airhike	0	null	null	UNRESOLVED
dinner_tiger_leap_down_to_land_01	dinner_land	0	null	null	UNRESOLVED
dinner_tiger_leap_down_to_land_02	dinner_land	0	null	null	UNRESOLVED
dinner_tiger_leap_down_to_land_03	dinner_land	0	null	null	UNRESOLVED
dinner_tiger_leap_down_to_land_04	dinner_land	0	null	null	UNRESOLVED
dinner_tiger_leap_down_to_land_05	dinner_land	0	null	null	UNRESOLVED
dinner_tiger_leap_down_to_land_06	dinner_land	0	null	null	UNRESOLVED
dinner_tiger_leap_down_to_land_07	dinner_land	0	null	null	UNRESOLVED
dinner_tiger_leap_down_to_land_08	dinner_land	0	null	null	UNRESOLVED
dinner_tiger_leap_jump_forward_down_02	dinner_jump_down	0	null	null	UNRESOLVED
dinner_tiger_leap_jump_inplace_down_02	dinner_jump_down	0	null	null	UNRESOLVED
dinner_tiger_leap_jump_inplace_up_01	dinner_jump	0	null	null	UNRESOLVED
dinner_tiger_leap_jump_inplace_up_02	dinner_jump	0	null	null	UNRESOLVED
dinner_time_rewind_01	dinner_time_rewind	0	null	null	UNRESOLVED
dinner_time_rewind_02	dinner_time_rewind	0	null	null	UNRESOLVED
dinner_time_rewind_03	dinner_time_rewind	0	null	null	UNRESOLVED
dinner_time_rewind_04	dinner_time_rewind	0	null	null	UNRESOLVED
dinner_time_rewind_05	dinner_time_rewind	0	null	null	UNRESOLVED
dinner_time_rewind_out_01	dinner_time_rewind_out	0	null	null	UNRESOLVED
dinner_time_rewind_out_02	dinner_time_rewind_out	0	null	null	UNRESOLVED
dinner_time_rewind_out_03	dinner_time_rewind_out	0	null	null	UNRESOLVED
dinner_time_rewind_out_04	dinner_time_rewind_out	0	null	null	UNRESOLVED
dinner_time_rewind_out_05	dinner_time_rewind_out	0	null	null	UNRESOLVED
dinner_tornado_airhike_down_01	dinner_airhike	0	null	null	UNRESOLVED
dinner_tornado_airhike_up_01	dinner_airhike	0	null	null	UNRESOLVED
dinner_tornado_airhike_up_02	dinner_airhike	0	null	null	UNRESOLVED
dinner_tree_top_idle_down_01	dinner_scene_grab	0	null	null	UNRESOLVED
dinner_ukemi_01	dinner_ukemi	0	null	null	UNRESOLVED
dinner_ukemi_floating_charge_01	dinner_ukemi_charge	0	null	null	UNRESOLVED
dinner_ukemi_hurt_01	dinner_ukemi_hurt	0	null	null	UNRESOLVED
dinner_unarmed_be_dash_attack_1	dinner_unarmed_be_dash_attack	0	null	null	UNRESOLVED
dinner_unarmed_be_dash_attack_2	dinner_unarmed_be_dash_attack	0	null	null	UNRESOLVED
dinner_unarmed_be_dash_attack_3	dinner_unarmed_be_dash_attack	0	null	null	UNRESOLVED
dinner_unarmed_be_dash_attack_4	dinner_unarmed_be_dash_attack	0	null	null	UNRESOLVED
dinner_unarmed_be_dash_attack_5	dinner_unarmed_be_dash_attack	0	null	null	UNRESOLVED
dinner_unarmed_be_dash_attack_6	dinner_unarmed_be_dash_attack	0	null	null	UNRESOLVED
dinner_unarmed_be_dash_attack_7	dinner_unarmed_be_dash_attack	0	null	null	UNRESOLVED
dinner_unarmed_be_dash_attack_8	dinner_unarmed_be_dash_attack	0	null	null	UNRESOLVED
dinner_unarmed_be_dash_attack_9	dinner_unarmed_be_dash_attack	0	null	null	UNRESOLVED
dinner_unarmed_be_sleep_out_ground_1	dinner_unarmed_be_sleep_out	0	null	null	UNRESOLVED
dinner_unarmed_be_tied_10	dinner_unarmed_be_tied	0	null	null	UNRESOLVED
dinner_unarmed_be_tied_11	dinner_unarmed_be_tied	0	null	null	UNRESOLVED
dinner_unarmed_be_tied_12	dinner_unarmed_be_tied	0	null	null	UNRESOLVED
dinner_unarmed_be_tied_13	dinner_unarmed_be_tied	0	null	null	UNRESOLVED
dinner_unarmed_be_tied_14	dinner_unarmed_be_tied	0	null	null	UNRESOLVED
dinner_unarmed_be_tied_15	dinner_unarmed_be_tied	0	null	null	UNRESOLVED
dinner_unarmed_be_tied_16	dinner_unarmed_be_tied	0	null	null	UNRESOLVED
dinner_unarmed_be_tied_17	dinner_unarmed_be_tied	0	null	null	UNRESOLVED
dinner_unarmed_be_tied_18	dinner_unarmed_be_tied	0	null	null	UNRESOLVED
dinner_unarmed_be_tied_19	dinner_unarmed_be_tied	0	null	null	UNRESOLVED
dinner_unarmed_be_tied_2	dinner_unarmed_be_tied	0	null	null	UNRESOLVED
dinner_unarmed_be_tied_20	dinner_unarmed_be_tied	0	null	null	UNRESOLVED
dinner_unarmed_be_tied_21	dinner_unarmed_be_tied	0	null	null	UNRESOLVED
dinner_unarmed_be_tied_22	dinner_unarmed_be_tied	0	null	null	UNRESOLVED
dinner_unarmed_be_tied_23	dinner_unarmed_be_tied	0	null	null	UNRESOLVED
dinner_unarmed_be_tied_24	dinner_unarmed_be_tied	0	null	null	UNRESOLVED
dinner_unarmed_be_tied_25	dinner_unarmed_be_tied	0	null	null	UNRESOLVED
dinner_unarmed_be_tied_26	dinner_unarmed_be_tied	0	null	null	UNRESOLVED
dinner_unarmed_be_tied_27	dinner_unarmed_be_tied	0	null	null	UNRESOLVED
dinner_unarmed_be_tied_28	dinner_unarmed_be_tied	0	null	null	UNRESOLVED
dinner_unarmed_be_tied_29	dinner_unarmed_be_tied	0	null	null	UNRESOLVED
dinner_unarmed_be_tied_7	dinner_unarmed_be_tied	0	null	null	UNRESOLVED
dinner_unarmed_be_tied_8	dinner_unarmed_be_tied	0	null	null	UNRESOLVED
dinner_unarmed_be_tied_9	dinner_unarmed_be_tied	0	null	null	UNRESOLVED
dinner_unarmed_be_tied_by_fogweb	dinner_unarmed_be_tied_by_fogweb	0	null	null	UNRESOLVED
dinner_unarmed_be_tied_by_fogweb_in_air	dinner_unarmed_be_tied_by_fogweb	0	null	null	UNRESOLVED
dinner_unarmed_be_tied_inertia_2	dinner_unarmed_be_tied_inertia	0	null	null	UNRESOLVED
dinner_unarmed_be_tied_inertia_20	dinner_unarmed_be_tied_inertia	0	null	null	UNRESOLVED
dinner_unarmed_be_tied_inertia_21	dinner_unarmed_be_tied_inertia	0	null	null	UNRESOLVED
dinner_unarmed_be_tied_inertia_22	dinner_unarmed_be_tied_inertia	0	null	null	UNRESOLVED
dinner_unarmed_be_tied_inertia_23	dinner_unarmed_be_tied_inertia	0	null	null	UNRESOLVED
dinner_unarmed_be_tied_inertia_24	dinner_unarmed_be_tied_inertia	0	null	null	UNRESOLVED
dinner_unarmed_be_tied_inertia_25	dinner_unarmed_be_tied_inertia	0	null	null	UNRESOLVED
dinner_unarmed_be_tied_inertia_26	dinner_unarmed_be_tied_inertia	0	null	null	UNRESOLVED
dinner_unarmed_be_tied_inertia_27	dinner_unarmed_be_tied_inertia	0	null	null	UNRESOLVED
dinner_unarmed_be_tied_inertia_28	dinner_unarmed_be_tied_inertia	0	null	null	UNRESOLVED
dinner_unarmed_be_tied_inertia_29	dinner_unarmed_be_tied_inertia	0	null	null	UNRESOLVED
dinner_unarmed_be_tied_inertia_5	dinner_unarmed_be_tied_inertia	0	null	null	UNRESOLVED
dinner_unarmed_be_tied_inertia_7	dinner_unarmed_be_tied_inertia	0	null	null	UNRESOLVED
dinner_unarmed_be_tied_inertia_8	dinner_unarmed_be_tied_inertia	0	null	null	UNRESOLVED
dinner_unarmed_be_tied_out_10	dinner_unarmed_be_tied_out	0	null	null	UNRESOLVED
dinner_unarmed_be_tied_out_11	dinner_unarmed_be_tied_out	0	null	null	UNRESOLVED
dinner_unarmed_be_tied_out_12	dinner_unarmed_be_tied_out	0	null	null	UNRESOLVED
dinner_unarmed_be_tied_out_13	dinner_unarmed_be_tied_out	0	null	null	UNRESOLVED
dinner_unarmed_be_tied_out_14	dinner_unarmed_be_tied_out	0	null	null	UNRESOLVED
dinner_unarmed_be_tied_out_15	dinner_unarmed_be_tied_out	0	null	null	UNRESOLVED
dinner_unarmed_be_tied_out_16	dinner_unarmed_be_tied_out	0	null	null	UNRESOLVED
dinner_unarmed_be_tied_out_17	dinner_unarmed_be_tied_out	0	null	null	UNRESOLVED
dinner_unarmed_be_tied_out_18	dinner_unarmed_be_tied_out	0	null	null	UNRESOLVED
dinner_unarmed_be_tied_out_19	dinner_unarmed_be_tied_out	0	null	null	UNRESOLVED
dinner_unarmed_be_tied_out_20	dinner_unarmed_be_tied_out	0	null	null	UNRESOLVED
dinner_unarmed_be_tied_out_21	dinner_unarmed_be_tied_out	0	null	null	UNRESOLVED
dinner_unarmed_be_tied_out_22	dinner_unarmed_be_tied_out	0	null	null	UNRESOLVED
dinner_unarmed_be_tied_out_23	dinner_unarmed_be_tied_out	0	null	null	UNRESOLVED
dinner_unarmed_be_tied_out_24	dinner_unarmed_be_tied_out	0	null	null	UNRESOLVED
dinner_unarmed_be_tied_out_25	dinner_unarmed_be_tied_out	0	null	null	UNRESOLVED
dinner_unarmed_be_tied_out_26	dinner_unarmed_be_tied_out	0	null	null	UNRESOLVED
dinner_unarmed_be_tied_out_27	dinner_unarmed_be_tied_out	0	null	null	UNRESOLVED
dinner_unarmed_be_tied_out_28	dinner_unarmed_be_tied_out	0	null	null	UNRESOLVED
dinner_unarmed_be_tied_out_29	dinner_unarmed_be_tied_out	0	null	null	UNRESOLVED
dinner_unarmed_be_tied_out_3	dinner_unarmed_be_tied_out	0	null	null	UNRESOLVED
dinner_unarmed_be_tied_out_30	dinner_unarmed_be_tied_out	0	null	null	UNRESOLVED
dinner_unarmed_be_tied_out_5	dinner_unarmed_be_tied_out	0	null	null	UNRESOLVED
dinner_unarmed_be_tied_out_6	dinner_unarmed_be_tied_out	0	null	null	UNRESOLVED
dinner_unarmed_be_tied_out_8	dinner_unarmed_be_tied_out	0	null	null	UNRESOLVED
dinner_unarmed_be_tied_out_ground_1	dinner_unarmed_be_tied_out	0	null	null	UNRESOLVED
dinner_unarmed_be_tied_out_ground_11	dinner_unarmed_be_tied_out	0	null	null	UNRESOLVED
dinner_unarmed_be_tied_out_ground_13	dinner_unarmed_be_tied_out	0	null	null	UNRESOLVED
dinner_unarmed_be_tied_out_ground_14	dinner_unarmed_be_tied_out	0	null	null	UNRESOLVED
dinner_unarmed_be_tied_out_ground_16	dinner_unarmed_be_tied_out	0	null	null	UNRESOLVED
dinner_unarmed_be_tied_out_ground_17	dinner_unarmed_be_tied_out	0	null	null	UNRESOLVED
dinner_unarmed_be_tied_out_ground_19	dinner_unarmed_be_tied_out	0	null	null	UNRESOLVED
dinner_unarmed_be_tied_out_ground_2	dinner_unarmed_be_tied_out	0	null	null	UNRESOLVED
dinner_unarmed_be_tied_out_ground_21	dinner_unarmed_be_tied_out	0	null	null	UNRESOLVED
dinner_unarmed_be_tied_out_ground_23	dinner_unarmed_be_tied_out	0	null	null	UNRESOLVED
dinner_unarmed_be_tied_out_ground_24	dinner_unarmed_be_tied_out	0	null	null	UNRESOLVED
dinner_unarmed_be_tied_out_ground_26	dinner_unarmed_be_tied_out	0	null	null	UNRESOLVED
dinner_unarmed_be_tied_out_ground_27	dinner_unarmed_be_tied_out	0	null	null	UNRESOLVED
dinner_unarmed_be_tied_out_ground_29	dinner_unarmed_be_tied_out	0	null	null	UNRESOLVED
dinner_unarmed_be_tied_out_ground_3	dinner_unarmed_be_tied_out	0	null	null	UNRESOLVED
dinner_unarmed_be_tied_out_ground_4	dinner_unarmed_be_tied_out	0	null	null	UNRESOLVED
dinner_unarmed_be_tied_out_ground_5	dinner_unarmed_be_tied_out	0	null	null	UNRESOLVED
dinner_unarmed_be_tied_out_ground_6	dinner_unarmed_be_tied_out	0	null	null	UNRESOLVED
dinner_unarmed_be_tied_out_ground_7	dinner_unarmed_be_tied_out	0	null	null	UNRESOLVED
dinner_unarmed_be_tied_out_ground_8	dinner_unarmed_be_tied_out	0	null	null	UNRESOLVED
dinner_unarmed_be_tied_out_ground_9	dinner_unarmed_be_tied_out	0	null	null	UNRESOLVED
dinner_unarmed_be_tied_struggle_10	dinner_unarmed_be_tied_struggle	0	null	null	UNRESOLVED
dinner_unarmed_be_tied_struggle_12	dinner_unarmed_be_tied_struggle	0	null	null	UNRESOLVED
dinner_unarmed_be_tied_struggle_13	dinner_unarmed_be_tied_struggle	0	null	null	UNRESOLVED
dinner_unarmed_be_tied_struggle_15	dinner_unarmed_be_tied_struggle	0	null	null	UNRESOLVED
dinner_unarmed_be_tied_struggle_16	dinner_unarmed_be_tied_struggle	0	null	null	UNRESOLVED
dinner_unarmed_be_tied_struggle_18	dinner_unarmed_be_tied_struggle	0	null	null	UNRESOLVED
dinner_unarmed_be_tied_struggle_20	dinner_unarmed_be_tied_struggle	0	null	null	UNRESOLVED
dinner_unarmed_be_tied_struggle_22	dinner_unarmed_be_tied_struggle	0	null	null	UNRESOLVED
dinner_unarmed_be_tied_struggle_23	dinner_unarmed_be_tied_struggle	0	null	null	UNRESOLVED
dinner_unarmed_be_tied_struggle_25	dinner_unarmed_be_tied_struggle	0	null	null	UNRESOLVED
dinner_unarmed_be_tied_struggle_26	dinner_unarmed_be_tied_struggle	0	null	null	UNRESOLVED
dinner_unarmed_be_tied_struggle_28	dinner_unarmed_be_tied_struggle	0	null	null	UNRESOLVED
dinner_unarmed_be_tied_struggle_30	dinner_unarmed_be_tied_struggle	0	null	null	UNRESOLVED
dinner_unarmed_be_tied_struggle_success_1	dinner_unarmed_be_tied_struggle_success	0	null	null	UNRESOLVED
dinner_unarmed_be_tied_struggle_success_11	dinner_unarmed_be_tied_struggle_success	0	null	null	UNRESOLVED
dinner_unarmed_be_tied_struggle_success_12	dinner_unarmed_be_tied_struggle_success	0	null	null	UNRESOLVED
dinner_unarmed_be_tied_struggle_success_13	dinner_unarmed_be_tied_struggle_success	0	null	null	UNRESOLVED
dinner_unarmed_be_tied_struggle_success_14	dinner_unarmed_be_tied_struggle_success	0	null	null	UNRESOLVED
dinner_unarmed_be_tied_struggle_success_16	dinner_unarmed_be_tied_struggle_success	0	null	null	UNRESOLVED
dinner_unarmed_be_tied_struggle_success_19	dinner_unarmed_be_tied_struggle_success	0	null	null	UNRESOLVED
dinner_unarmed_be_tied_struggle_success_2	dinner_unarmed_be_tied_struggle_success	0	null	null	UNRESOLVED
dinner_unarmed_be_tied_struggle_success_21	dinner_unarmed_be_tied_struggle_success	0	null	null	UNRESOLVED
dinner_unarmed_be_tied_struggle_success_22	dinner_unarmed_be_tied_struggle_success	0	null	null	UNRESOLVED
dinner_unarmed_be_tied_struggle_success_23	dinner_unarmed_be_tied_struggle_success	0	null	null	UNRESOLVED
dinner_unarmed_be_tied_struggle_success_24	dinner_unarmed_be_tied_struggle_success	0	null	null	UNRESOLVED
dinner_unarmed_be_tied_struggle_success_26	dinner_unarmed_be_tied_struggle_success	0	null	null	UNRESOLVED
dinner_unarmed_be_tied_struggle_success_29	dinner_unarmed_be_tied_struggle_success	0	null	null	UNRESOLVED
dinner_unarmed_be_tied_struggle_success_3	dinner_unarmed_be_tied_struggle_success	0	null	null	UNRESOLVED
dinner_unarmed_be_tied_struggle_success_4	dinner_unarmed_be_tied_struggle_success	0	null	null	UNRESOLVED
dinner_unarmed_be_tied_struggle_success_5	dinner_unarmed_be_tied_struggle_success	0	null	null	UNRESOLVED
dinner_unarmed_be_tied_struggle_success_6	dinner_unarmed_be_tied_struggle_success	0	null	null	UNRESOLVED
dinner_unarmed_be_tied_struggle_success_7	dinner_unarmed_be_tied_struggle_success	0	null	null	UNRESOLVED
dinner_unarmed_be_tied_struggle_success_8	dinner_unarmed_be_tied_struggle_success	0	null	null	UNRESOLVED
dinner_unarmed_be_tied_struggle_success_9	dinner_unarmed_be_tied_struggle_success	0	null	null	UNRESOLVED
dinner_unarmed_becatched_idle_02	dinner_unarmed_becatched_idle	0	null	null	UNRESOLVED
dinner_unarmed_becatched_ineria_01	dinner_unarmed_becatched_intera	0	null	null	UNRESOLVED
dinner_unarmed_mech_drive_idle_01	dinner_unarmed_mech_drive_idle	0	null	null	UNRESOLVED
dinner_unarmed_mech_drive_ineria_01	dinner_unarmed_mech_drive_ineria	0	null	null	UNRESOLVED
dinner_unarmed_struggle_idle_01	dinner_unarmed_strugle	0	null	null	UNRESOLVED
dinner_unarmed_struggle_idle_success_01	dinner_unarmed_strugle_sucess	0	null	null	UNRESOLVED
dinner_under_transfor_surfacewater	dinner_enter_surfacewater	0	null	null	UNRESOLVED
dinner_underwater_bounce_01	dinner_water_bounce	0	null	null	UNRESOLVED
dinner_underwater_dodge_back_01	dinner_underwater_dodge	0	null	null	UNRESOLVED
dinner_underwater_dodge_back_02	dinner_underwater_dodge	0	null	null	UNRESOLVED
dinner_underwater_dodge_back_03	dinner_underwater_dodge	0	null	null	UNRESOLVED
dinner_underwater_dodge_front_01	dinner_underwater_dodge	0	null	null	UNRESOLVED
dinner_underwater_dodge_front_03	dinner_underwater_dodge	0	null	null	UNRESOLVED
dinner_underwater_dodge_left_01	dinner_underwater_dodge	0	null	null	UNRESOLVED
dinner_underwater_dodge_left_02	dinner_underwater_dodge	0	null	null	UNRESOLVED
dinner_underwater_dodge_left_03	dinner_underwater_dodge	0	null	null	UNRESOLVED
dinner_underwater_dodge_to_sprint_front_01	dinner_underwater_dodge_to_sprint	0	null	null	UNRESOLVED
dinner_underwater_fast_down_01	dinner_underwater_fast_down	0	null	null	UNRESOLVED
dinner_underwater_fast_down_02	dinner_underwater_fast_down	0	null	null	UNRESOLVED
dinner_underwater_fast_down_02_battle	dinner_underwater_fast_down	0	null	null	UNRESOLVED
dinner_underwater_fast_down_03_battle	dinner_underwater_fast_down	0	null	null	UNRESOLVED
dinner_underwater_fast_down_decline_01_battle	dinner_underwater_fast_down_decline	0	null	null	UNRESOLVED
dinner_underwater_fast_down_dodge_03	dinner_underwater_dodge	0	null	null	UNRESOLVED
dinner_underwater_fast_down_end_01	dinner_underwater_fast_down_end	0	null	null	UNRESOLVED
dinner_underwater_fast_down_end_01_battle	dinner_underwater_fast_down_end	0	null	null	UNRESOLVED
dinner_underwater_fast_down_enter_end_01	dinner_underwater_fast_down_enter_end	0	null	null	UNRESOLVED
dinner_underwater_fast_up_02	dinner_underwater_fast_up	0	null	null	UNRESOLVED
dinner_underwater_fast_up_02_battle	dinner_underwater_fast_up	0	null	null	UNRESOLVED
dinner_underwater_fast_up_03	dinner_underwater_fast_up	0	null	null	UNRESOLVED
dinner_underwater_fast_up_dodge_02	dinner_underwater_dodge	0	null	null	UNRESOLVED
dinner_underwater_fast_up_end_01	dinner_underwater_fast_up_end	0	null	null	UNRESOLVED
dinner_underwater_fast_up_end_01_battle	dinner_underwater_fast_up_end	0	null	null	UNRESOLVED
dinner_underwater_force_end_01	dinner_underwater_end	0	null	null	UNRESOLVED
dinner_underwater_force_end_02	dinner_underwater_end	0	null	null	UNRESOLVED
dinner_underwater_hang_wall_idle_01_battle	dinner_underwater_hang_wall_idle	0	null	null	UNRESOLVED
dinner_underwater_move_01_battle	dinner_underwater	0	null	null	UNRESOLVED
dinner_underwater_move_inertia_01	dinner_underwater	0	null	null	UNRESOLVED
dinner_underwater_shock_02	dinner_water_shock	0	null	null	UNRESOLVED
dinner_underwater_sprint_01	dinner_underwater_sprint	0	null	null	UNRESOLVED
dinner_underwater_sprint_inertia_01	dinner_underwater	0	null	null	UNRESOLVED
dinner_underwater_sprint_turn_back_right_01	dinner_underwater_sprint_turn	0	null	null	UNRESOLVED
dinner_underwater_start_01	dinner_underwater_start	0	null	null	UNRESOLVED
dinner_underwater_start_01_battle	dinner_underwater_start	0	null	null	UNRESOLVED
dinner_underwater_start_half_left_01	dinner_underwater_start	0	null	null	UNRESOLVED
dinner_underwater_start_half_left_01_battle	dinner_underwater_start	0	null	null	UNRESOLVED
dinner_underwater_start_half_right_01_battle	dinner_underwater_start	0	null	null	UNRESOLVED
dinner_underwater_start_square_right_01	dinner_underwater_start	0	null	null	UNRESOLVED
dinner_underwater_start_square_right_01_battle	dinner_underwater_start	0	null	null	UNRESOLVED
dinner_underwater_trigger_fast_up_01	dinner_underwater_fast_up	0	null	null	UNRESOLVED
dinner_underwater_turn_back_left_01	dinner_underwater_turn	0	null	null	UNRESOLVED
dinner_underwater_turn_back_left_01_battle	dinner_underwater_turn	0	null	null	UNRESOLVED
dinner_underwater_turn_back_right_01	dinner_underwater_turn	0	null	null	UNRESOLVED
dinner_underwater_turn_inertia_01	dinner_underwater	0	null	null	UNRESOLVED
dinner_unlocking_01	dinner_unlocking	0	null	null	UNRESOLVED
dinner_use_airattack_crouch_01	dinner_use_airattack	0	null	null	UNRESOLVED
dinner_use_airattack_crouch_03	dinner_use_airattack	0	null	null	UNRESOLVED
dinner_use_airattack_crouch_04	dinner_use_airattack	0	null	null	UNRESOLVED
dinner_use_airattack_crouch_05	dinner_use_airattack	0	null	null	UNRESOLVED
dinner_use_airattack_crouch_06	dinner_use_airattack	0	null	null	UNRESOLVED
dinner_use_airattack_inair_011	dinner_use_airattack	0	null	null	UNRESOLVED
dinner_use_airattack_inair_014	dinner_use_airattack	0	null	null	UNRESOLVED
dinner_use_airattack_stand_01	dinner_use_airattack	0	null	null	UNRESOLVED
dinner_use_airattack_stand_012	dinner_use_airattack	0	null	null	UNRESOLVED
dinner_use_airattack_stand_014	dinner_use_airattack	0	null	null	UNRESOLVED
dinner_use_airattack_stand_02	dinner_use_airattack	0	null	null	UNRESOLVED
dinner_use_airattack_stand_03	dinner_use_airattack	0	null	null	UNRESOLVED
dinner_use_airattack_stand_04	dinner_use_airattack	0	null	null	UNRESOLVED
dinner_use_airattack_stand_05	dinner_use_airattack	0	null	null	UNRESOLVED
dinner_use_airattack_stand_06	dinner_use_airattack	0	null	null	UNRESOLVED
dinner_use_airattack_stand_07	dinner_use_airattack	0	null	null	UNRESOLVED
dinner_use_airattack_stand_08	dinner_use_airattack	0	null	null	UNRESOLVED
dinner_use_airattack_stand_09	dinner_use_airattack	0	null	null	UNRESOLVED
dinner_view_collection_case_01_exit	dinner_view_collection_case_exit	0	null	null	UNRESOLVED
dinner_view_collection_case_02_enter	dinner_view_collection_case_enter	0	null	null	UNRESOLVED
dinner_view_collection_case_02_exit	dinner_view_collection_case_exit	0	null	null	UNRESOLVED
dinner_view_collection_case_03_enter	dinner_view_collection_case_enter	0	null	null	UNRESOLVED
dinner_view_collection_case_03_exit	dinner_view_collection_case_exit	0	null	null	UNRESOLVED
dinner_view_collection_case_03_idle	dinner_view_collection_case_idle	0	null	null	UNRESOLVED
dinner_view_collection_case_05_idle	dinner_view_collection_case_idle	0	null	null	UNRESOLVED
dinner_view_collection_case_06_enter	dinner_view_collection_case_enter	0	null	null	UNRESOLVED
dinner_view_collection_case_06_idle	dinner_view_collection_case_idle	0	null	null	UNRESOLVED
dinner_view_collection_case_07_enter	dinner_view_collection_case_enter	0	null	null	UNRESOLVED
dinner_view_collection_case_07_exit	dinner_view_collection_case_exit	0	null	null	UNRESOLVED
dinner_view_collection_case_08_idle	dinner_view_collection_case_idle	0	null	null	UNRESOLVED
dinner_view_collection_case_10_idle	dinner_view_collection_case_idle	0	null	null	UNRESOLVED
dinner_view_collection_case_11_exit	dinner_view_collection_case_exit	0	null	null	UNRESOLVED
dinner_view_collection_case_12_enter	dinner_view_collection_case_enter	0	null	null	UNRESOLVED
dinner_view_collection_case_12_exit	dinner_view_collection_case_exit	0	null	null	UNRESOLVED
dinner_view_collection_case_13_enter	dinner_view_collection_case_enter	0	null	null	UNRESOLVED
dinner_view_collection_case_13_exit	dinner_view_collection_case_exit	0	null	null	UNRESOLVED
dinner_view_collection_case_13_idle	dinner_view_collection_case_idle	0	null	null	UNRESOLVED
dinner_view_collection_case_15_idle	dinner_view_collection_case_idle	0	null	null	UNRESOLVED
dinner_view_collection_case_16_enter	dinner_view_collection_case_enter	0	null	null	UNRESOLVED
dinner_view_collection_case_16_idle	dinner_view_collection_case_idle	0	null	null	UNRESOLVED
dinner_view_collection_case_17_enter	dinner_view_collection_case_enter	0	null	null	UNRESOLVED
dinner_view_collection_case_17_exit	dinner_view_collection_case_exit	0	null	null	UNRESOLVED
dinner_view_collection_case_18_idle	dinner_view_collection_case_idle	0	null	null	UNRESOLVED
dinner_visual_actor_performance_1	dinner_visual_actor_performance	0	null	null	UNRESOLVED
dinner_visual_actor_performance_2	dinner_visual_actor_performance	0	null	null	UNRESOLVED
dinner_visual_actor_performance_3	dinner_visual_actor_performance	0	null	null	UNRESOLVED
dinner_visual_actor_performance_4	dinner_visual_actor_performance	0	null	null	UNRESOLVED
dinner_visual_actor_performance_5	dinner_visual_actor_performance	0	null	null	UNRESOLVED
dinner_visual_actor_performance_6	dinner_visual_actor_performance	0	null	null	UNRESOLVED
dinner_visual_actor_performance_7	dinner_visual_actor_performance	0	null	null	UNRESOLVED
dinner_visual_actor_performance_8	dinner_visual_actor_performance	0	null	null	UNRESOLVED
dinner_visual_actor_performance_9	dinner_visual_actor_performance	0	null	null	UNRESOLVED
dinner_visual_actor_performance_loop_3	dinner_visual_actor_performance_loop	0	null	null	UNRESOLVED
dinner_visual_actor_performance_loop_5	dinner_visual_actor_performance_loop	0	null	null	UNRESOLVED
dinner_visual_actor_performance_loop_6	dinner_visual_actor_performance_loop	0	null	null	UNRESOLVED
dinner_visual_actor_performance_loop_8	dinner_visual_actor_performance_loop	0	null	null	UNRESOLVED
dinner_visual_actor_performance_loop_9	dinner_visual_actor_performance_loop	0	null	null	UNRESOLVED
dinner_wake_sleep_01	dinner_wake_sleep_01	0	null	null	UNRESOLVED
dinner_walk_inertia_left_battle	dinner_inertia	0	null	null	UNRESOLVED
dinner_walk_wall_dodge_left_front	dinner_walk_wall_dodge	0	null	null	UNRESOLVED
dinner_walk_wall_dodge_right_back	dinner_walk_wall_dodge	0	null	null	UNRESOLVED
dinner_walk_wall_dril_shoot_left_01	dinner_dril_shoot	0	null	null	UNRESOLVED
dinner_walk_wall_dril_shoot_right_01	dinner_dril_shoot	0	null	null	UNRESOLVED
dinner_walk_wall_idle_right	dinner_walk_wall_idle	0	null	null	UNRESOLVED
dinner_walk_wall_idle_switch_bf	dinner_walk_wall_idle	0	null	null	UNRESOLVED
dinner_walk_wall_idle_switch_bl	dinner_walk_wall_idle	0	null	null	UNRESOLVED
dinner_walk_wall_idle_switch_br	dinner_walk_wall_idle	0	null	null	UNRESOLVED
dinner_walk_wall_idle_switch_lb	dinner_walk_wall_idle	0	null	null	UNRESOLVED
dinner_walk_wall_idle_switch_lf	dinner_walk_wall_idle	0	null	null	UNRESOLVED
dinner_walk_wall_idle_switch_lr	dinner_walk_wall_idle	0	null	null	UNRESOLVED
dinner_walk_wall_idle_switch_rb	dinner_walk_wall_idle	0	null	null	UNRESOLVED
dinner_walk_wall_idle_switch_rf	dinner_walk_wall_idle	0	null	null	UNRESOLVED
dinner_walk_wall_idle_switch_rl	dinner_walk_wall_idle	0	null	null	UNRESOLVED
dinner_walk_wall_in_left	dinner_walk_wall_move	0	null	null	UNRESOLVED
dinner_walk_wall_in_right	dinner_walk_wall_move	0	null	null	UNRESOLVED
dinner_walk_wall_jump_back	dinner_scene_grab	0	null	null	UNRESOLVED
dinner_walk_wall_jump_front	dinner_scene_grab	0	null	null	UNRESOLVED
dinner_walk_wall_jump_out_right	dinner_jump_out_trigger	0	null	null	UNRESOLVED
dinner_walk_wall_jump_out_up	dinner_walk_wall_jump_out	0	null	null	UNRESOLVED
dinner_walk_wall_move_right_up	dinner_walk_wall_move	0	null	null	UNRESOLVED
dinner_walk_wall_move_up	dinner_walk_wall_move	0	null	null	UNRESOLVED
dinner_wealth_god_dance_01_pre	dinner_wealth_god_dance_pre	0	null	null	UNRESOLVED
dinner_wealth_god_dance_01_recover	dinner_wealth_god_dance_recover	0	null	null	UNRESOLVED
dinner_wealth_god_dance_02_pre	dinner_wealth_god_dance_pre	0	null	null	UNRESOLVED
dinner_wind_jump_airhike_down_02	dinner_airhike	0	null	null	UNRESOLVED
dinner_wind_jump_airhike_up_01	dinner_airhike	0	null	null	UNRESOLVED
dinner_wind_jump_airhike_up_02	dinner_airhike	0	null	null	UNRESOLVED
dinner_wind_jump_down_loop_01	dinner_down_loop	0	null	null	UNRESOLVED
dinner_wind_pressure_air_idle_turn_half_left_01	dinner_wind_pressure_air_turn	0	null	null	UNRESOLVED
dinner_wind_pressure_air_idle_turn_square_left_01	dinner_wind_pressure_air_turn	0	null	null	UNRESOLVED
dinner_wind_pressure_air_jump_down_to_land_01	dinner_wind_pressure_air_land	0	null	null	UNRESOLVED
dinner_wind_pressure_idle_turn_square_right_01	dinner_wind_pressure_turn	0	null	null	UNRESOLVED
dinner_wind_pressure_move_01	dinner_wind_pressure_move	0	null	null	UNRESOLVED
dinner_wind_pressure_move_inertia_left_01	dinner_wind_pressure_move_inertia	0	null	null	UNRESOLVED
dinner_wing_fly_dodge_left_01	dinner_wing_fly_dodge	0	null	null	UNRESOLVED
dinner_wing_fly_dodge_to_sprint_left_01	dinner_wing_fly_dodge_to_sprint	0	null	null	UNRESOLVED
dinner_wing_fly_dodge_to_sprint_right_01	dinner_wing_fly_dodge_to_sprint	0	null	null	UNRESOLVED
dinner_wing_fly_force_end_01	dinner_wing_fly_end	0	null	null	UNRESOLVED
dinner_wing_fly_force_end_02	dinner_wing_fly_end	0	null	null	UNRESOLVED
dinner_wing_fly_move_inertia_01	dinner_wing_fly	0	null	null	UNRESOLVED
dinner_wing_fly_sprint_01	dinner_wing_fly_sprint	0	null	null	UNRESOLVED
dinner_wing_fly_sprint_inertia_01	dinner_wing_fly	0	null	null	UNRESOLVED
dinner_wing_fly_sprint_start_01	dinner_wing_fly_sprint_start	0	null	null	UNRESOLVED
dinner_wing_fly_start_01	dinner_wing_fly_start	0	null	null	UNRESOLVED
dinner_wing_fly_start_half_left_01	dinner_wing_fly_start	0	null	null	UNRESOLVED
dinner_wing_fly_start_half_right_01	dinner_wing_fly_start	0	null	null	UNRESOLVED
dinner_wing_fly_start_square_left_01	dinner_wing_fly_start	0	null	null	UNRESOLVED
dinner_wing_fly_turn_back_left_01	dinner_wing_fly_turn	0	null	null	UNRESOLVED
dinner_wing_fly_turn_back_right_01	dinner_wing_fly_turn	0	null	null	UNRESOLVED
dinner_xuanwu_dodge_back_01	dinner_xuanwu_dodge	0	null	null	UNRESOLVED
dinner_xuanwu_dodge_front_01	dinner_xuanwu_dodge	0	null	null	UNRESOLVED
dinner_xuanwu_dodge_left_01	dinner_xuanwu_dodge	0	null	null	UNRESOLVED
dinner_xuanwu_parry_10	dinner_xuanwu_parry	0	null	null	UNRESOLVED
dinner_xuanwu_parry_ally_2	dinner_xuanwu_parry_ally	0	null	null	UNRESOLVED
dinner_xuanwu_parry_ally_5	dinner_xuanwu_parry_ally	0	null	null	UNRESOLVED
dinner_xuanwu_parry_ally_7	dinner_xuanwu_parry_ally	0	null	null	UNRESOLVED
dinner_yexiu_weapon_transform_03	dinner_yexiu_weapon_transform	0	null	null	UNRESOLVED
dinner_yexiu_weapon_transform_05	dinner_yexiu_weapon_transform	0	null	null	UNRESOLVED
dinner_yexiu_weapon_transform_06	dinner_yexiu_weapon_transform	0	null	null	UNRESOLVED
dinner_yexiu_weapon_transform_10	dinner_yexiu_weapon_transform	0	null	null	UNRESOLVED
dinner_zombie_game_lose_01	zombie_game_result	0	null	null	UNRESOLVED
dinner_zombie_game_win_01	zombie_game_result	0	null	null	UNRESOLVED
exchange_item_cooling_01	exchange_item_cooling	0	null	null	UNRESOLVED
exchange_item_idle_01	exchange_item_idle	0	null	null	UNRESOLVED
exchange_item_open_01	exchange_item_open	0	null	null	UNRESOLVED
fly_sword_destory	fly_sword_destory	0	null	null	UNRESOLVED
fly_sword_idle_01	fly_sword_idle	0	null	null	UNRESOLVED
frog_appear_01	frog_appear_01	0	null	null	UNRESOLVED
frog_be_attacked_01	frog_be_attacked_01	0	null	null	UNRESOLVED
frog_idle_01	frog_idle_01	0	null	null	UNRESOLVED
fuhuodian_close_01	fuhuodian_contract	0	null	null	UNRESOLVED
fuhuodian_contract_01	fuhuodian_contract	0	null	null	UNRESOLVED
golden_house_can_open_01	golden_house_can_open	0	null	null	UNRESOLVED
golden_house_idle_01	golden_house_idle	0	null	null	UNRESOLVED
golden_house_opened_01	golden_house_opened	0	null	null	UNRESOLVED
golden_house_opening_01	golden_house_opening	0	null	null	UNRESOLVED
half_body_null	half_body_null	3	null	null	UNRESOLVED
interective_build_close_01	interective_build_close	0	null	null	UNRESOLVED
interective_build_interactive_01	interective_build_interactive	0	null	null	UNRESOLVED
lobby_ball_airhike_down_01	lobby_ball_jump	0	null	null	UNRESOLVED
lobby_ball_airhike_down_02	lobby_ball_jump	0	null	null	UNRESOLVED
lobby_ball_airhike_up_01	lobby_ball_jump	0	null	null	UNRESOLVED
lobby_ball_airhike_up_02	lobby_ball_jump	0	null	null	UNRESOLVED
lobby_ball_down_to_land_01	lobby_ball_land	0	null	null	UNRESOLVED
lobby_ball_down_to_land_03	lobby_ball_land	0	null	null	UNRESOLVED
lobby_ball_down_to_land_06	lobby_ball_land	0	null	null	UNRESOLVED
lobby_ball_idle	lobby_ball_idle	0	null	null	UNRESOLVED
lobby_ball_jump_inplace_down_01	lobby_ball_jump	0	null	null	UNRESOLVED
lobby_ball_jump_inplace_down_02	lobby_ball_jump	0	null	null	UNRESOLVED
lobby_ball_jump_inplace_up_01	lobby_ball_jump	0	null	null	UNRESOLVED
lobby_ball_jump_inplace_up_02	lobby_ball_jump	0	null	null	UNRESOLVED
lobby_ball_kink_weight_down_to_land_01	lobby_ball_land	0	null	null	UNRESOLVED
lobby_ball_run	lobby_ball_run	0	null	null	UNRESOLVED
lobby_ball_run_inertia_left	lobby_ball_inertia	0	null	null	UNRESOLVED
lobby_ball_run_inertia_right	lobby_ball_inertia	0	null	null	UNRESOLVED
lobby_ball_run_left_step_down_01	lobby_ball_run_step_down	0	null	null	UNRESOLVED
lobby_ball_run_left_tap_01	lobby_ball_run_tap	0	null	null	UNRESOLVED
lobby_ball_run_right_tap_01	lobby_ball_run_tap	0	null	null	UNRESOLVED
lobby_ball_run_shuffle	lobby_ball_run_shuffle	0	null	null	UNRESOLVED
lobby_ball_run_start	lobby_ball_run_start	0	null	null	UNRESOLVED
lobby_ball_run_start_half_right	lobby_ball_run_start	0	null	null	UNRESOLVED
lobby_ball_run_start_square_left	lobby_ball_run_start	0	null	null	UNRESOLVED
lobby_ball_slide_down_01	lobby_ball_slide_down	0	null	null	UNRESOLVED
lobby_ball_slide_down_02	lobby_ball_slide_down	0	null	null	UNRESOLVED
lobby_ball_slide_down_in_01	lobby_ball_slide_down	0	null	null	UNRESOLVED
lobby_ball_slide_down_out_02	lobby_ball_slide_down	0	null	null	UNRESOLVED
logic_peace	dinner_logic_peace	0	null	null	UNRESOLVED
merchant_create_01	merchant_create	0	null	null	UNRESOLVED
merchant_create_02	merchant_create	0	null	null	UNRESOLVED
merchant_idle_01	merchant_idle	0	null	null	UNRESOLVED
merchant_interactive_01	merchant_interactive	0	null	null	UNRESOLVED
merchant_interactive_02	merchant_interactive	0	null	null	UNRESOLVED
movable_mimic_ornament_airhike_down_01	movable_mimic_ornament_jump	0	null	null	UNRESOLVED
movable_mimic_ornament_airhike_down_02	movable_mimic_ornament_jump	0	null	null	UNRESOLVED
movable_mimic_ornament_airhike_up_02	movable_mimic_ornament_jump	0	null	null	UNRESOLVED
movable_mimic_ornament_down_to_land_02	movable_mimic_ornament_land	0	null	null	UNRESOLVED
movable_mimic_ornament_down_to_land_04	movable_mimic_ornament_land	0	null	null	UNRESOLVED
movable_mimic_ornament_jump_down_loop_01	movable_mimic_ornament_jump	0	null	null	UNRESOLVED
movable_mimic_ornament_jump_forward_up_01	movable_mimic_ornament_jump	0	null	null	UNRESOLVED
movable_mimic_ornament_jump_forward_up_02	movable_mimic_ornament_jump	0	null	null	UNRESOLVED
movable_mimic_ornament_jump_inplace_up_01	movable_mimic_ornament_jump	0	null	null	UNRESOLVED
movable_mimic_ornament_jump_inplace_up_02	movable_mimic_ornament_jump	0	null	null	UNRESOLVED
movable_mimic_ornament_kink_weight_down_loop_01	movable_mimic_ornament_kink_weight	0	null	null	UNRESOLVED
movable_mimic_ornament_kink_weight_start_01	movable_mimic_ornament_kink_weight	0	null	null	UNRESOLVED
movable_mimic_ornament_run_inertia_left	movable_mimic_ornament_inertia	0	null	null	UNRESOLVED
movable_mimic_ornament_run_inertia_right	movable_mimic_ornament_inertia	0	null	null	UNRESOLVED
movable_mimic_ornament_run_right_tap_01	movable_mimic_ornament_run_tap	0	null	null	UNRESOLVED
movable_mimic_ornament_run_shuffle	movable_mimic_ornament_run_shuffle	0	null	null	UNRESOLVED
movable_mimic_ornament_run_start	movable_mimic_ornament_run_start	0	null	null	UNRESOLVED
movable_mimic_ornament_run_start_half_right	movable_mimic_ornament_run_start	0	null	null	UNRESOLVED
movable_mimic_ornament_run_start_square_left	movable_mimic_ornament_run_start	0	null	null	UNRESOLVED
movable_mimic_ornament_run_start_square_right	movable_mimic_ornament_run_start	0	null	null	UNRESOLVED
movable_mimic_ornament_run_step_down_inertia_01	movable_mimic_ornament_run_step_down_inertia	0	null	null	UNRESOLVED
movable_mimic_ornament_run_step_down_inertia_02	movable_mimic_ornament_run_step_down_inertia	0	null	null	UNRESOLVED
movable_mimic_ornament_run_turn_back_left	movable_mimic_ornament_turn	0	null	null	UNRESOLVED
movable_mimic_ornament_slide_down_in_01	movable_mimic_ornament_slide_down	0	null	null	UNRESOLVED
movable_mimic_ornament_slide_down_out_02	movable_mimic_ornament_slide_down	0	null	null	UNRESOLVED
normal	normal	1	null	null	UNRESOLVED
outbattle_chest_idle_01	outbattle_chest_idle	0	null	null	UNRESOLVED
outbattle_chest_opening_01	outbattle_chest_opening	0	null	null	UNRESOLVED
outbattle_chest_openone_01	outbattle_chest_openone	0	null	null	UNRESOLVED
outbattle_chest_openten_01	outbattle_chest_openten	0	null	null	UNRESOLVED
outbattle_chest_reset_01	outbattle_chest_reset	0	null	null	UNRESOLVED
sarcastic_skin_birth_01	sarcastic_skin_birth	0	null	null	UNRESOLVED
skill_ghost_aim	skill_ghost_aim	0	null	null	UNRESOLVED
skill_ghost_attack_2	skill_ghost_attack	0	null	null	UNRESOLVED
skill_ghost_interrupt	skill_ghost_interrupt	0	null	null	UNRESOLVED
skill_ghost_recover_1	skill_ghost_recover	0	null	null	UNRESOLVED
skill_ghost_recover_2	skill_ghost_recover	0	null	null	UNRESOLVED
soul_mound_break	soul_mound_break	0	null	null	UNRESOLVED
soul_mound_death	soul_mound_death	0	null	null	UNRESOLVED
soul_mound_idle_01	soul_mound_idle	0	null	null	UNRESOLVED
summon_device_aim	summon_device_aim	0	null	null	UNRESOLVED
summon_device_attack_1	summon_device_attack	0	null	null	UNRESOLVED
summon_device_attack_20	summon_device_attack	0	null	null	UNRESOLVED
summon_device_attack_21	summon_device_attack	0	null	null	UNRESOLVED
summon_device_attack_22	summon_device_attack	0	null	null	UNRESOLVED
summon_device_attack_23	summon_device_attack	0	null	null	UNRESOLVED
summon_device_attack_24	summon_device_attack	0	null	null	UNRESOLVED
summon_device_attack_25	summon_device_attack	0	null	null	UNRESOLVED
summon_device_attack_26	summon_device_attack	0	null	null	UNRESOLVED
summon_device_attack_27	summon_device_attack	0	null	null	UNRESOLVED
summon_device_attack_28	summon_device_attack	0	null	null	UNRESOLVED
summon_device_attack_29	summon_device_attack	0	null	null	UNRESOLVED
summon_device_attack_3	summon_device_attack	0	null	null	UNRESOLVED
summon_device_attack_30	summon_device_attack	0	null	null	UNRESOLVED
summon_device_attack_6	summon_device_attack	0	null	null	UNRESOLVED
summon_device_attack_8	summon_device_attack	0	null	null	UNRESOLVED
summon_device_attack_loop_1	summon_device_attack_loop	0	null	null	UNRESOLVED
summon_device_attack_loop_10	summon_device_attack_loop	0	null	null	UNRESOLVED
summon_device_attack_loop_12	summon_device_attack_loop	0	null	null	UNRESOLVED
summon_device_attack_loop_13	summon_device_attack_loop	0	null	null	UNRESOLVED
summon_device_attack_loop_15	summon_device_attack_loop	0	null	null	UNRESOLVED
summon_device_attack_loop_18	summon_device_attack_loop	0	null	null	UNRESOLVED
summon_device_attack_loop_2	summon_device_attack_loop	0	null	null	UNRESOLVED
summon_device_attack_loop_20	summon_device_attack_loop	0	null	null	UNRESOLVED
summon_device_attack_loop_3	summon_device_attack_loop	0	null	null	UNRESOLVED
summon_device_attack_loop_4	summon_device_attack_loop	0	null	null	UNRESOLVED
summon_device_attack_loop_5	summon_device_attack_loop	0	null	null	UNRESOLVED
summon_device_attack_loop_6	summon_device_attack_loop	0	null	null	UNRESOLVED
summon_device_attack_loop_7	summon_device_attack_loop	0	null	null	UNRESOLVED
summon_device_attack_loop_8	summon_device_attack_loop	0	null	null	UNRESOLVED
summon_device_attack_loop_9	summon_device_attack_loop	0	null	null	UNRESOLVED
summon_device_attack_loop_pre_13	summon_device_attack_loop_pre	0	null	null	UNRESOLVED
summon_device_attack_loop_pre_14	summon_device_attack_loop_pre	0	null	null	UNRESOLVED
summon_device_attack_loop_pre_15	summon_device_attack_loop_pre	0	null	null	UNRESOLVED
summon_device_attack_loop_pre_16	summon_device_attack_loop_pre	0	null	null	UNRESOLVED
summon_device_attack_loop_pre_18	summon_device_attack_loop_pre	0	null	null	UNRESOLVED
summon_device_attack_pre_10	summon_device_attack_pre	0	null	null	UNRESOLVED
summon_device_attack_pre_11	summon_device_attack_pre	0	null	null	UNRESOLVED
summon_device_attack_pre_12	summon_device_attack_pre	0	null	null	UNRESOLVED
summon_device_attack_pre_13	summon_device_attack_pre	0	null	null	UNRESOLVED
summon_device_attack_pre_14	summon_device_attack_pre	0	null	null	UNRESOLVED
summon_device_attack_pre_15	summon_device_attack_pre	0	null	null	UNRESOLVED
summon_device_attack_pre_16	summon_device_attack_pre	0	null	null	UNRESOLVED
summon_device_attack_pre_17	summon_device_attack_pre	0	null	null	UNRESOLVED
summon_device_attack_pre_18	summon_device_attack_pre	0	null	null	UNRESOLVED
summon_device_attack_pre_19	summon_device_attack_pre	0	null	null	UNRESOLVED
summon_device_attack_pre_20	summon_device_attack_pre	0	null	null	UNRESOLVED
summon_device_attack_pre_21	summon_device_attack_pre	0	null	null	UNRESOLVED
summon_device_attack_pre_22	summon_device_attack_pre	0	null	null	UNRESOLVED
summon_device_attack_pre_23	summon_device_attack_pre	0	null	null	UNRESOLVED
summon_device_attack_pre_24	summon_device_attack_pre	0	null	null	UNRESOLVED
summon_device_attack_pre_25	summon_device_attack_pre	0	null	null	UNRESOLVED
summon_device_attack_pre_26	summon_device_attack_pre	0	null	null	UNRESOLVED
summon_device_attack_pre_27	summon_device_attack_pre	0	null	null	UNRESOLVED
summon_device_attack_pre_28	summon_device_attack_pre	0	null	null	UNRESOLVED
summon_device_attack_pre_29	summon_device_attack_pre	0	null	null	UNRESOLVED
summon_device_attack_pre_3	summon_device_attack_pre	0	null	null	UNRESOLVED
summon_device_attack_pre_4	summon_device_attack_pre	0	null	null	UNRESOLVED
summon_device_attack_pre_5	summon_device_attack_pre	0	null	null	UNRESOLVED
summon_device_attack_pre_6	summon_device_attack_pre	0	null	null	UNRESOLVED
summon_device_attack_pre_8	summon_device_attack_pre	0	null	null	UNRESOLVED
summon_device_idle	summon_device_idle	0	null	null	UNRESOLVED
summon_device_interrupt_1	summon_device_interrupt	0	null	null	UNRESOLVED
summon_device_recover_13	summon_device_recover	0	null	null	UNRESOLVED
summon_device_recover_14	summon_device_recover	0	null	null	UNRESOLVED
summon_device_recover_15	summon_device_recover	0	null	null	UNRESOLVED
summon_device_recover_16	summon_device_recover	0	null	null	UNRESOLVED
summon_device_recover_18	summon_device_recover	0	null	null	UNRESOLVED
summon_device_recover_23	summon_device_recover	0	null	null	UNRESOLVED
summon_device_recover_24	summon_device_recover	0	null	null	UNRESOLVED
summon_device_recover_25	summon_device_recover	0	null	null	UNRESOLVED
summon_device_recover_26	summon_device_recover	0	null	null	UNRESOLVED
summon_device_recover_28	summon_device_recover	0	null	null	UNRESOLVED
ui_aim_sync_emote_100_loop	ui_character_emote	0	null	null	UNRESOLVED
ui_aim_sync_emote_100_once	ui_character_emote	0	null	null	UNRESOLVED
ui_aim_sync_emote_101_loop	ui_character_emote	0	null	null	UNRESOLVED
ui_aim_sync_emote_101_once	ui_character_emote	0	null	null	UNRESOLVED
ui_aim_sync_emote_102_loop	ui_character_emote	0	null	null	UNRESOLVED
ui_aim_sync_emote_102_once	ui_character_emote	0	null	null	UNRESOLVED
ui_aim_sync_emote_103_loop	ui_character_emote	0	null	null	UNRESOLVED
ui_aim_sync_emote_103_once	ui_character_emote	0	null	null	UNRESOLVED
ui_aim_sync_emote_104_loop	ui_character_emote	0	null	null	UNRESOLVED
ui_aim_sync_emote_104_once	ui_character_emote	0	null	null	UNRESOLVED
ui_aim_sync_emote_105_loop	ui_character_emote	0	null	null	UNRESOLVED
ui_aim_sync_emote_105_once	ui_character_emote	0	null	null	UNRESOLVED
ui_aim_sync_emote_106_loop	ui_character_emote	0	null	null	UNRESOLVED
ui_aim_sync_emote_106_once	ui_character_emote	0	null	null	UNRESOLVED
ui_aim_sync_emote_107_loop	ui_character_emote	0	null	null	UNRESOLVED
ui_aim_sync_emote_107_once	ui_character_emote	0	null	null	UNRESOLVED
ui_aim_sync_emote_108_loop	ui_character_emote	0	null	null	UNRESOLVED
ui_aim_sync_emote_108_once	ui_character_emote	0	null	null	UNRESOLVED
ui_aim_sync_emote_109_loop	ui_character_emote	0	null	null	UNRESOLVED
ui_aim_sync_emote_109_once	ui_character_emote	0	null	null	UNRESOLVED
ui_aim_sync_emote_110_once	ui_character_emote	0	null	null	UNRESOLVED
ui_aim_sync_emote_110_recover	ui_character_emote	0	null	null	UNRESOLVED
ui_aim_sync_emote_111_once	ui_character_emote	0	null	null	UNRESOLVED
ui_aim_sync_emote_111_recover	ui_character_emote	0	null	null	UNRESOLVED
ui_aim_sync_emote_112_once	ui_character_emote	0	null	null	UNRESOLVED
ui_aim_sync_emote_112_recover	ui_character_emote	0	null	null	UNRESOLVED
ui_aim_sync_emote_113_once	ui_character_emote	0	null	null	UNRESOLVED
ui_aim_sync_emote_113_recover	ui_character_emote	0	null	null	UNRESOLVED
ui_aim_sync_emote_114_once	ui_character_emote	0	null	null	UNRESOLVED
ui_aim_sync_emote_114_recover	ui_character_emote	0	null	null	UNRESOLVED
ui_aim_sync_emote_115_once	ui_character_emote	0	null	null	UNRESOLVED
ui_aim_sync_emote_115_recover	ui_character_emote	0	null	null	UNRESOLVED
ui_aim_sync_emote_116_once	ui_character_emote	0	null	null	UNRESOLVED
ui_aim_sync_emote_116_recover	ui_character_emote	0	null	null	UNRESOLVED
ui_aim_sync_emote_117_once	ui_character_emote	0	null	null	UNRESOLVED
ui_aim_sync_emote_117_recover	ui_character_emote	0	null	null	UNRESOLVED
ui_aim_sync_emote_118_once	ui_character_emote	0	null	null	UNRESOLVED
ui_aim_sync_emote_118_recover	ui_character_emote	0	null	null	UNRESOLVED
ui_aim_sync_emote_119_once	ui_character_emote	0	null	null	UNRESOLVED
ui_aim_sync_emote_119_recover	ui_character_emote	0	null	null	UNRESOLVED
ui_appear_100_loop	ui_character_appear	0	null	null	UNRESOLVED
ui_appear_100_pre	ui_character_appear	0	null	null	UNRESOLVED
ui_appear_100_recover	ui_character_appear	0	null	null	UNRESOLVED
ui_appear_101_loop	ui_character_appear	0	null	null	UNRESOLVED
ui_appear_101_pre	ui_character_appear	0	null	null	UNRESOLVED
ui_appear_101_recover	ui_character_appear	0	null	null	UNRESOLVED
ui_appear_102_loop	ui_character_appear	0	null	null	UNRESOLVED
ui_appear_102_pre	ui_character_appear	0	null	null	UNRESOLVED
ui_appear_102_recover	ui_character_appear	0	null	null	UNRESOLVED
ui_appear_103_loop	ui_character_appear	0	null	null	UNRESOLVED
ui_appear_103_pre	ui_character_appear	0	null	null	UNRESOLVED
ui_appear_103_recover	ui_character_appear	0	null	null	UNRESOLVED
ui_appear_104_loop	ui_character_appear	0	null	null	UNRESOLVED
ui_appear_104_pre	ui_character_appear	0	null	null	UNRESOLVED
ui_appear_104_recover	ui_character_appear	0	null	null	UNRESOLVED
ui_appear_105_loop	ui_character_appear	0	null	null	UNRESOLVED
ui_appear_105_pre	ui_character_appear	0	null	null	UNRESOLVED
ui_appear_105_recover	ui_character_appear	0	null	null	UNRESOLVED
ui_appear_106_loop	ui_character_appear	0	null	null	UNRESOLVED
ui_appear_106_pre	ui_character_appear	0	null	null	UNRESOLVED
ui_appear_106_recover	ui_character_appear	0	null	null	UNRESOLVED
ui_appear_107_loop	ui_character_appear	0	null	null	UNRESOLVED
ui_appear_107_pre	ui_character_appear	0	null	null	UNRESOLVED
ui_appear_107_recover	ui_character_appear	0	null	null	UNRESOLVED
ui_appear_108_loop	ui_character_appear	0	null	null	UNRESOLVED
ui_appear_108_pre	ui_character_appear	0	null	null	UNRESOLVED
ui_appear_108_recover	ui_character_appear	0	null	null	UNRESOLVED
ui_appear_109_loop	ui_character_appear	0	null	null	UNRESOLVED
ui_appear_109_pre	ui_character_appear	0	null	null	UNRESOLVED
ui_appear_109_recover	ui_character_appear	0	null	null	UNRESOLVED
ui_appear_110_pre	ui_character_appear	0	null	null	UNRESOLVED
ui_appear_110_recover	ui_character_appear	0	null	null	UNRESOLVED
ui_battle_victory_show_101_idle	ui_battle_victory_show	0	null	null	UNRESOLVED
ui_battle_victory_show_102	ui_battle_victory_show	0	null	null	UNRESOLVED
ui_battle_victory_show_103_idle	ui_battle_victory_show	0	null	null	UNRESOLVED
ui_battle_victory_show_104	ui_battle_victory_show	0	null	null	UNRESOLVED
ui_battle_victory_show_104_idle	ui_battle_victory_show	0	null	null	UNRESOLVED
ui_battle_victory_show_105	ui_battle_victory_show	0	null	null	UNRESOLVED
ui_camp_npc_101	ui_evacuate_camp_npc	0	null	null	UNRESOLVED
ui_camp_npc_102	ui_evacuate_camp_npc	0	null	null	UNRESOLVED
ui_camp_npc_103	ui_evacuate_camp_npc	0	null	null	UNRESOLVED
ui_camp_npc_104	ui_evacuate_camp_npc	0	null	null	UNRESOLVED
ui_camp_npc_105	ui_evacuate_camp_npc	0	null	null	UNRESOLVED
ui_camp_npc_106	ui_evacuate_camp_npc	0	null	null	UNRESOLVED
ui_camp_npc_107	ui_evacuate_camp_npc	0	null	null	UNRESOLVED
ui_camp_npc_108	ui_evacuate_camp_npc	0	null	null	UNRESOLVED
ui_camp_npc_109	ui_evacuate_camp_npc	0	null	null	UNRESOLVED
ui_camp_npc_110	ui_evacuate_camp_npc	0	null	null	UNRESOLVED
ui_camp_npc_110_idle	ui_evacuate_camp_npc	0	null	null	UNRESOLVED
ui_camp_npc_111	ui_evacuate_camp_npc	0	null	null	UNRESOLVED
ui_camp_npc_111_idle	ui_evacuate_camp_npc	0	null	null	UNRESOLVED
ui_camp_npc_112	ui_evacuate_camp_npc	0	null	null	UNRESOLVED
ui_camp_npc_112_idle	ui_evacuate_camp_npc	0	null	null	UNRESOLVED
ui_camp_npc_113	ui_evacuate_camp_npc	0	null	null	UNRESOLVED
ui_camp_npc_113_idle	ui_evacuate_camp_npc	0	null	null	UNRESOLVED
ui_camp_npc_114	ui_evacuate_camp_npc	0	null	null	UNRESOLVED
ui_camp_npc_114_idle	ui_evacuate_camp_npc	0	null	null	UNRESOLVED
ui_camp_npc_115	ui_evacuate_camp_npc	0	null	null	UNRESOLVED
ui_camp_npc_115_idle	ui_evacuate_camp_npc	0	null	null	UNRESOLVED
ui_camp_npc_116	ui_evacuate_camp_npc	0	null	null	UNRESOLVED
ui_camp_npc_116_idle	ui_evacuate_camp_npc	0	null	null	UNRESOLVED
ui_camp_npc_117	ui_evacuate_camp_npc	0	null	null	UNRESOLVED
ui_camp_npc_117_idle	ui_evacuate_camp_npc	0	null	null	UNRESOLVED
ui_camp_npc_118	ui_evacuate_camp_npc	0	null	null	UNRESOLVED
ui_camp_npc_118_idle	ui_evacuate_camp_npc	0	null	null	UNRESOLVED
ui_camp_npc_119	ui_evacuate_camp_npc	0	null	null	UNRESOLVED
ui_camp_npc_119_idle	ui_evacuate_camp_npc	0	null	null	UNRESOLVED
ui_camp_npc_120	ui_evacuate_camp_npc	0	null	null	UNRESOLVED
ui_camp_npc_121	ui_evacuate_camp_npc	0	null	null	UNRESOLVED
ui_camp_npc_122	ui_evacuate_camp_npc	0	null	null	UNRESOLVED
ui_camp_npc_123	ui_evacuate_camp_npc	0	null	null	UNRESOLVED
ui_camp_npc_124	ui_evacuate_camp_npc	0	null	null	UNRESOLVED
ui_camp_npc_125	ui_evacuate_camp_npc	0	null	null	UNRESOLVED
ui_camp_npc_126	ui_evacuate_camp_npc	0	null	null	UNRESOLVED
ui_camp_npc_127	ui_evacuate_camp_npc	0	null	null	UNRESOLVED
ui_camp_npc_128	ui_evacuate_camp_npc	0	null	null	UNRESOLVED
ui_camp_npc_129	ui_evacuate_camp_npc	0	null	null	UNRESOLVED
ui_camp_npc_130_idle	ui_evacuate_camp_npc	0	null	null	UNRESOLVED
ui_camp_npc_131_idle	ui_evacuate_camp_npc	0	null	null	UNRESOLVED
ui_camp_npc_132_idle	ui_evacuate_camp_npc	0	null	null	UNRESOLVED
ui_camp_npc_133_idle	ui_evacuate_camp_npc	0	null	null	UNRESOLVED
ui_camp_npc_134_idle	ui_evacuate_camp_npc	0	null	null	UNRESOLVED
ui_camp_npc_135_idle	ui_evacuate_camp_npc	0	null	null	UNRESOLVED
ui_camp_npc_136_idle	ui_evacuate_camp_npc	0	null	null	UNRESOLVED
ui_camp_npc_137_idle	ui_evacuate_camp_npc	0	null	null	UNRESOLVED
ui_camp_npc_138_idle	ui_evacuate_camp_npc	0	null	null	UNRESOLVED
ui_camp_npc_139_idle	ui_evacuate_camp_npc	0	null	null	UNRESOLVED
ui_camp_npc_150_idle	ui_evacuate_camp_npc	0	null	null	UNRESOLVED
ui_camp_npc_151_idle	ui_evacuate_camp_npc	0	null	null	UNRESOLVED
ui_camp_npc_152_idle	ui_evacuate_camp_npc	0	null	null	UNRESOLVED
ui_camp_npc_153_idle	ui_evacuate_camp_npc	0	null	null	UNRESOLVED
ui_camp_npc_154_idle	ui_evacuate_camp_npc	0	null	null	UNRESOLVED
ui_camp_npc_155_idle	ui_evacuate_camp_npc	0	null	null	UNRESOLVED
ui_camp_npc_156_idle	ui_evacuate_camp_npc	0	null	null	UNRESOLVED
ui_camp_npc_157_idle	ui_evacuate_camp_npc	0	null	null	UNRESOLVED
ui_camp_npc_158_idle	ui_evacuate_camp_npc	0	null	null	UNRESOLVED
ui_camp_npc_159_idle	ui_evacuate_camp_npc	0	null	null	UNRESOLVED
ui_camp_npc_170	ui_evacuate_camp_npc	0	null	null	UNRESOLVED
ui_camp_npc_170_idle	ui_evacuate_camp_npc	0	null	null	UNRESOLVED
ui_camp_npc_171	ui_evacuate_camp_npc	0	null	null	UNRESOLVED
ui_camp_npc_171_idle	ui_evacuate_camp_npc	0	null	null	UNRESOLVED
ui_camp_npc_172	ui_evacuate_camp_npc	0	null	null	UNRESOLVED
ui_camp_npc_172_idle	ui_evacuate_camp_npc	0	null	null	UNRESOLVED
ui_camp_npc_173	ui_evacuate_camp_npc	0	null	null	UNRESOLVED
ui_camp_npc_173_idle	ui_evacuate_camp_npc	0	null	null	UNRESOLVED
ui_camp_npc_174	ui_evacuate_camp_npc	0	null	null	UNRESOLVED
ui_camp_npc_174_idle	ui_evacuate_camp_npc	0	null	null	UNRESOLVED
ui_camp_npc_175	ui_evacuate_camp_npc	0	null	null	UNRESOLVED
ui_camp_npc_175_idle	ui_evacuate_camp_npc	0	null	null	UNRESOLVED
ui_camp_npc_176	ui_evacuate_camp_npc	0	null	null	UNRESOLVED
ui_camp_npc_176_idle	ui_evacuate_camp_npc	0	null	null	UNRESOLVED
ui_camp_npc_177	ui_evacuate_camp_npc	0	null	null	UNRESOLVED
ui_camp_npc_177_idle	ui_evacuate_camp_npc	0	null	null	UNRESOLVED
ui_camp_npc_178	ui_evacuate_camp_npc	0	null	null	UNRESOLVED
ui_camp_npc_178_idle	ui_evacuate_camp_npc	0	null	null	UNRESOLVED
ui_camp_npc_179	ui_evacuate_camp_npc	0	null	null	UNRESOLVED
ui_camp_npc_179_idle	ui_evacuate_camp_npc	0	null	null	UNRESOLVED
ui_camp_npc_180	ui_evacuate_camp_npc	0	null	null	UNRESOLVED
ui_camp_npc_181	ui_evacuate_camp_npc	0	null	null	UNRESOLVED
ui_camp_npc_182	ui_evacuate_camp_npc	0	null	null	UNRESOLVED
ui_camp_npc_183	ui_evacuate_camp_npc	0	null	null	UNRESOLVED
ui_camp_npc_184	ui_evacuate_camp_npc	0	null	null	UNRESOLVED
ui_camp_npc_185	ui_evacuate_camp_npc	0	null	null	UNRESOLVED
ui_camp_npc_186	ui_evacuate_camp_npc	0	null	null	UNRESOLVED
ui_camp_npc_187	ui_evacuate_camp_npc	0	null	null	UNRESOLVED
ui_camp_npc_188	ui_evacuate_camp_npc	0	null	null	UNRESOLVED
ui_camp_npc_189	ui_evacuate_camp_npc	0	null	null	UNRESOLVED
ui_camp_npc_190	ui_evacuate_camp_npc	0	null	null	UNRESOLVED
ui_camp_npc_190_idle	ui_evacuate_camp_npc	0	null	null	UNRESOLVED
ui_camp_npc_191	ui_evacuate_camp_npc	0	null	null	UNRESOLVED
ui_camp_npc_191_idle	ui_evacuate_camp_npc	0	null	null	UNRESOLVED
ui_camp_npc_192	ui_evacuate_camp_npc	0	null	null	UNRESOLVED
ui_camp_npc_192_idle	ui_evacuate_camp_npc	0	null	null	UNRESOLVED
ui_camp_npc_193	ui_evacuate_camp_npc	0	null	null	UNRESOLVED
ui_camp_npc_193_idle	ui_evacuate_camp_npc	0	null	null	UNRESOLVED
ui_camp_npc_194	ui_evacuate_camp_npc	0	null	null	UNRESOLVED
ui_camp_npc_194_idle	ui_evacuate_camp_npc	0	null	null	UNRESOLVED
ui_camp_npc_195	ui_evacuate_camp_npc	0	null	null	UNRESOLVED
ui_camp_npc_195_idle	ui_evacuate_camp_npc	0	null	null	UNRESOLVED
ui_camp_npc_196	ui_evacuate_camp_npc	0	null	null	UNRESOLVED
ui_camp_npc_196_idle	ui_evacuate_camp_npc	0	null	null	UNRESOLVED
ui_camp_npc_197	ui_evacuate_camp_npc	0	null	null	UNRESOLVED
ui_camp_npc_197_idle	ui_evacuate_camp_npc	0	null	null	UNRESOLVED
ui_camp_npc_198	ui_evacuate_camp_npc	0	null	null	UNRESOLVED
ui_camp_npc_198_idle	ui_evacuate_camp_npc	0	null	null	UNRESOLVED
ui_camp_npc_199	ui_evacuate_camp_npc	0	null	null	UNRESOLVED
ui_camp_npc_199_idle	ui_evacuate_camp_npc	0	null	null	UNRESOLVED
ui_camp_npc_200	ui_evacuate_camp_npc	0	null	null	UNRESOLVED
ui_character_idle_01	ui_character_idle	0	null	null	UNRESOLVED
ui_character_idle_04	ui_character_idle	0	null	null	UNRESOLVED
ui_character_idle_transition_01	ui_character_idle	0	null	null	UNRESOLVED
ui_character_show_off_01	ui_character_show_off	0	null	null	UNRESOLVED
ui_character_stop_01	ui_character_stop	0	null	null	UNRESOLVED
ui_device_hide_01	ui_device_hide	0	null	null	UNRESOLVED
ui_device_show_01	ui_device_show	0	null	null	UNRESOLVED
ui_emote_100_loop	ui_character_emote	0	null	null	UNRESOLVED
ui_emote_100_once	ui_character_emote	0	null	null	UNRESOLVED
ui_emote_101_pre	ui_character_emote	0	null	null	UNRESOLVED
ui_emote_102_once	ui_character_emote	0	null	null	UNRESOLVED
ui_emote_103_once	ui_character_emote	0	null	null	UNRESOLVED
ui_emote_103_pre	ui_character_emote	0	null	null	UNRESOLVED
ui_emote_104_loop	ui_character_emote	0	null	null	UNRESOLVED
ui_emote_104_pre	ui_character_emote	0	null	null	UNRESOLVED
ui_emote_104_recover	ui_character_emote	0	null	null	UNRESOLVED
ui_emote_105_recover	ui_character_emote	0	null	null	UNRESOLVED
ui_emote_106_once	ui_character_emote	0	null	null	UNRESOLVED
ui_emote_106_pre	ui_character_emote	0	null	null	UNRESOLVED
ui_emote_107_once	ui_character_emote	0	null	null	UNRESOLVED
ui_emote_107_pre	ui_character_emote	0	null	null	UNRESOLVED
ui_emote_108_loop	ui_character_emote	0	null	null	UNRESOLVED
ui_emote_108_pre	ui_character_emote	0	null	null	UNRESOLVED
ui_emote_109_once	ui_character_emote	0	null	null	UNRESOLVED
ui_emote_109_pre	ui_character_emote	0	null	null	UNRESOLVED
ui_emote_109_recover	ui_character_emote	0	null	null	UNRESOLVED
ui_emote_110_loop	ui_character_emote	0	null	null	UNRESOLVED
ui_emote_110_once	ui_character_emote	0	null	null	UNRESOLVED
ui_emote_111_pre	ui_character_emote	0	null	null	UNRESOLVED
ui_emote_112_once	ui_character_emote	0	null	null	UNRESOLVED
ui_emote_113_once	ui_character_emote	0	null	null	UNRESOLVED
ui_emote_113_pre	ui_character_emote	0	null	null	UNRESOLVED
ui_emote_114_loop	ui_character_emote	0	null	null	UNRESOLVED
ui_emote_114_pre	ui_character_emote	0	null	null	UNRESOLVED
ui_emote_114_recover	ui_character_emote	0	null	null	UNRESOLVED
ui_emote_115_recover	ui_character_emote	0	null	null	UNRESOLVED
ui_emote_116_once	ui_character_emote	0	null	null	UNRESOLVED
ui_emote_116_pre	ui_character_emote	0	null	null	UNRESOLVED
ui_emote_117_once	ui_character_emote	0	null	null	UNRESOLVED
ui_emote_117_pre	ui_character_emote	0	null	null	UNRESOLVED
ui_emote_118_loop	ui_character_emote	0	null	null	UNRESOLVED
ui_emote_118_pre	ui_character_emote	0	null	null	UNRESOLVED
ui_emote_119_once	ui_character_emote	0	null	null	UNRESOLVED
ui_emote_119_pre	ui_character_emote	0	null	null	UNRESOLVED
ui_emote_119_recover	ui_character_emote	0	null	null	UNRESOLVED
ui_emote_120_loop	ui_character_emote	0	null	null	UNRESOLVED
ui_emote_120_once	ui_character_emote	0	null	null	UNRESOLVED
ui_emote_121_pre	ui_character_emote	0	null	null	UNRESOLVED
ui_emote_122_once	ui_character_emote	0	null	null	UNRESOLVED
ui_emote_123_once	ui_character_emote	0	null	null	UNRESOLVED
ui_emote_123_pre	ui_character_emote	0	null	null	UNRESOLVED
ui_emote_124_loop	ui_character_emote	0	null	null	UNRESOLVED
ui_emote_124_pre	ui_character_emote	0	null	null	UNRESOLVED
ui_emote_124_recover	ui_character_emote	0	null	null	UNRESOLVED
ui_emote_125_recover	ui_character_emote	0	null	null	UNRESOLVED
ui_emote_126_once	ui_character_emote	0	null	null	UNRESOLVED
ui_emote_126_pre	ui_character_emote	0	null	null	UNRESOLVED
ui_emote_127_once	ui_character_emote	0	null	null	UNRESOLVED
ui_emote_127_pre	ui_character_emote	0	null	null	UNRESOLVED
ui_emote_128_loop	ui_character_emote	0	null	null	UNRESOLVED
ui_emote_128_pre	ui_character_emote	0	null	null	UNRESOLVED
ui_emote_129_once	ui_character_emote	0	null	null	UNRESOLVED
ui_emote_129_pre	ui_character_emote	0	null	null	UNRESOLVED
ui_emote_129_recover	ui_character_emote	0	null	null	UNRESOLVED
ui_emote_130_loop	ui_character_emote	0	null	null	UNRESOLVED
ui_emote_130_once	ui_character_emote	0	null	null	UNRESOLVED
ui_emote_131_pre	ui_character_emote	0	null	null	UNRESOLVED
ui_emote_132_once	ui_character_emote	0	null	null	UNRESOLVED
ui_emote_133_once	ui_character_emote	0	null	null	UNRESOLVED
ui_emote_133_pre	ui_character_emote	0	null	null	UNRESOLVED
ui_emote_134_loop	ui_character_emote	0	null	null	UNRESOLVED
ui_emote_134_pre	ui_character_emote	0	null	null	UNRESOLVED
ui_emote_134_recover	ui_character_emote	0	null	null	UNRESOLVED
ui_emote_135_recover	ui_character_emote	0	null	null	UNRESOLVED
ui_emote_136_once	ui_character_emote	0	null	null	UNRESOLVED
ui_emote_136_pre	ui_character_emote	0	null	null	UNRESOLVED
ui_emote_137_once	ui_character_emote	0	null	null	UNRESOLVED
ui_emote_137_pre	ui_character_emote	0	null	null	UNRESOLVED
ui_emote_138_loop	ui_character_emote	0	null	null	UNRESOLVED
ui_emote_138_pre	ui_character_emote	0	null	null	UNRESOLVED
ui_emote_139_once	ui_character_emote	0	null	null	UNRESOLVED
ui_emote_139_pre	ui_character_emote	0	null	null	UNRESOLVED
ui_emote_139_recover	ui_character_emote	0	null	null	UNRESOLVED
ui_emote_140_loop	ui_character_emote	0	null	null	UNRESOLVED
ui_emote_140_once	ui_character_emote	0	null	null	UNRESOLVED
ui_emote_141_pre	ui_character_emote	0	null	null	UNRESOLVED
ui_emote_142_once	ui_character_emote	0	null	null	UNRESOLVED
ui_emote_143_once	ui_character_emote	0	null	null	UNRESOLVED
ui_emote_143_pre	ui_character_emote	0	null	null	UNRESOLVED
ui_emote_144_loop	ui_character_emote	0	null	null	UNRESOLVED
ui_emote_144_pre	ui_character_emote	0	null	null	UNRESOLVED
ui_emote_144_recover	ui_character_emote	0	null	null	UNRESOLVED
ui_emote_145_recover	ui_character_emote	0	null	null	UNRESOLVED
ui_emote_146_once	ui_character_emote	0	null	null	UNRESOLVED
ui_emote_146_pre	ui_character_emote	0	null	null	UNRESOLVED
ui_emote_147_once	ui_character_emote	0	null	null	UNRESOLVED
ui_emote_147_pre	ui_character_emote	0	null	null	UNRESOLVED
ui_emote_148_loop	ui_character_emote	0	null	null	UNRESOLVED
ui_emote_148_pre	ui_character_emote	0	null	null	UNRESOLVED
ui_emote_149_once	ui_character_emote	0	null	null	UNRESOLVED
ui_emote_149_pre	ui_character_emote	0	null	null	UNRESOLVED
ui_emote_149_recover	ui_character_emote	0	null	null	UNRESOLVED
ui_emote_150_loop	ui_character_emote	0	null	null	UNRESOLVED
ui_emote_150_once	ui_character_emote	0	null	null	UNRESOLVED
ui_emote_151_pre	ui_character_emote	0	null	null	UNRESOLVED
ui_emote_152_once	ui_character_emote	0	null	null	UNRESOLVED
ui_emote_153_once	ui_character_emote	0	null	null	UNRESOLVED
ui_emote_153_pre	ui_character_emote	0	null	null	UNRESOLVED
ui_emote_154_loop	ui_character_emote	0	null	null	UNRESOLVED
ui_emote_154_pre	ui_character_emote	0	null	null	UNRESOLVED
ui_emote_154_recover	ui_character_emote	0	null	null	UNRESOLVED
ui_emote_155_recover	ui_character_emote	0	null	null	UNRESOLVED
ui_emote_156_once	ui_character_emote	0	null	null	UNRESOLVED
ui_emote_156_pre	ui_character_emote	0	null	null	UNRESOLVED
ui_emote_157_once	ui_character_emote	0	null	null	UNRESOLVED
ui_emote_157_pre	ui_character_emote	0	null	null	UNRESOLVED
ui_emote_158_loop	ui_character_emote	0	null	null	UNRESOLVED
ui_emote_158_pre	ui_character_emote	0	null	null	UNRESOLVED
ui_emote_159_once	ui_character_emote	0	null	null	UNRESOLVED
ui_emote_159_pre	ui_character_emote	0	null	null	UNRESOLVED
ui_emote_159_recover	ui_character_emote	0	null	null	UNRESOLVED
ui_emote_160_loop	ui_character_emote	0	null	null	UNRESOLVED
ui_emote_160_once	ui_character_emote	0	null	null	UNRESOLVED
ui_emote_161_pre	ui_character_emote	0	null	null	UNRESOLVED
ui_emote_162_once	ui_character_emote	0	null	null	UNRESOLVED
ui_emote_163_once	ui_character_emote	0	null	null	UNRESOLVED
ui_emote_163_pre	ui_character_emote	0	null	null	UNRESOLVED
ui_emote_164_loop	ui_character_emote	0	null	null	UNRESOLVED
ui_emote_164_pre	ui_character_emote	0	null	null	UNRESOLVED
ui_emote_164_recover	ui_character_emote	0	null	null	UNRESOLVED
ui_emote_165_recover	ui_character_emote	0	null	null	UNRESOLVED
ui_emote_166_once	ui_character_emote	0	null	null	UNRESOLVED
ui_emote_166_pre	ui_character_emote	0	null	null	UNRESOLVED
ui_emote_167_once	ui_character_emote	0	null	null	UNRESOLVED
ui_emote_167_pre	ui_character_emote	0	null	null	UNRESOLVED
ui_emote_168_loop	ui_character_emote	0	null	null	UNRESOLVED
ui_emote_168_pre	ui_character_emote	0	null	null	UNRESOLVED
ui_emote_169_once	ui_character_emote	0	null	null	UNRESOLVED
ui_emote_169_pre	ui_character_emote	0	null	null	UNRESOLVED
ui_emote_169_recover	ui_character_emote	0	null	null	UNRESOLVED
ui_emote_170_loop	ui_character_emote	0	null	null	UNRESOLVED
ui_emote_170_once	ui_character_emote	0	null	null	UNRESOLVED
ui_emote_171_pre	ui_character_emote	0	null	null	UNRESOLVED
ui_emote_172_once	ui_character_emote	0	null	null	UNRESOLVED
ui_emote_173_once	ui_character_emote	0	null	null	UNRESOLVED
ui_emote_173_pre	ui_character_emote	0	null	null	UNRESOLVED
ui_emote_174_loop	ui_character_emote	0	null	null	UNRESOLVED
ui_emote_174_pre	ui_character_emote	0	null	null	UNRESOLVED
ui_emote_174_recover	ui_character_emote	0	null	null	UNRESOLVED
ui_emote_175_recover	ui_character_emote	0	null	null	UNRESOLVED
ui_emote_176_once	ui_character_emote	0	null	null	UNRESOLVED
ui_emote_176_pre	ui_character_emote	0	null	null	UNRESOLVED
ui_emote_177_once	ui_character_emote	0	null	null	UNRESOLVED
ui_emote_177_pre	ui_character_emote	0	null	null	UNRESOLVED
ui_emote_178_loop	ui_character_emote	0	null	null	UNRESOLVED
ui_emote_178_pre	ui_character_emote	0	null	null	UNRESOLVED
ui_emote_179_once	ui_character_emote	0	null	null	UNRESOLVED
ui_emote_179_pre	ui_character_emote	0	null	null	UNRESOLVED
ui_emote_179_recover	ui_character_emote	0	null	null	UNRESOLVED
ui_emote_180_loop	ui_character_emote	0	null	null	UNRESOLVED
ui_emote_180_once	ui_character_emote	0	null	null	UNRESOLVED
ui_emote_181_pre	ui_character_emote	0	null	null	UNRESOLVED
ui_emote_182_once	ui_character_emote	0	null	null	UNRESOLVED
ui_emote_183_once	ui_character_emote	0	null	null	UNRESOLVED
ui_emote_183_pre	ui_character_emote	0	null	null	UNRESOLVED
ui_emote_184_loop	ui_character_emote	0	null	null	UNRESOLVED
ui_emote_184_pre	ui_character_emote	0	null	null	UNRESOLVED
ui_emote_184_recover	ui_character_emote	0	null	null	UNRESOLVED
ui_emote_185_recover	ui_character_emote	0	null	null	UNRESOLVED
ui_emote_186_once	ui_character_emote	0	null	null	UNRESOLVED
ui_emote_186_pre	ui_character_emote	0	null	null	UNRESOLVED
ui_emote_187_once	ui_character_emote	0	null	null	UNRESOLVED
ui_emote_187_pre	ui_character_emote	0	null	null	UNRESOLVED
ui_emote_188_loop	ui_character_emote	0	null	null	UNRESOLVED
ui_emote_188_pre	ui_character_emote	0	null	null	UNRESOLVED
ui_emote_189_once	ui_character_emote	0	null	null	UNRESOLVED
ui_emote_189_pre	ui_character_emote	0	null	null	UNRESOLVED
ui_emote_189_recover	ui_character_emote	0	null	null	UNRESOLVED
ui_emote_190_loop	ui_character_emote	0	null	null	UNRESOLVED
ui_emote_190_once	ui_character_emote	0	null	null	UNRESOLVED
ui_emote_191_pre	ui_character_emote	0	null	null	UNRESOLVED
ui_emote_192_once	ui_character_emote	0	null	null	UNRESOLVED
ui_emote_193_once	ui_character_emote	0	null	null	UNRESOLVED
ui_emote_193_pre	ui_character_emote	0	null	null	UNRESOLVED
ui_emote_194_loop	ui_character_emote	0	null	null	UNRESOLVED
ui_emote_194_pre	ui_character_emote	0	null	null	UNRESOLVED
ui_emote_194_recover	ui_character_emote	0	null	null	UNRESOLVED
ui_emote_195_recover	ui_character_emote	0	null	null	UNRESOLVED
ui_emote_196_once	ui_character_emote	0	null	null	UNRESOLVED
ui_emote_196_pre	ui_character_emote	0	null	null	UNRESOLVED
ui_emote_197_once	ui_character_emote	0	null	null	UNRESOLVED
ui_emote_197_pre	ui_character_emote	0	null	null	UNRESOLVED
ui_emote_198_loop	ui_character_emote	0	null	null	UNRESOLVED
ui_emote_198_pre	ui_character_emote	0	null	null	UNRESOLVED
ui_emote_199_once	ui_character_emote	0	null	null	UNRESOLVED
ui_emote_199_pre	ui_character_emote	0	null	null	UNRESOLVED
ui_emote_199_recover	ui_character_emote	0	null	null	UNRESOLVED
ui_emote_200_once	ui_character_emote	0	null	null	UNRESOLVED
ui_emote_200_pre	ui_character_emote	0	null	null	UNRESOLVED
ui_emote_201_once	ui_character_emote	0	null	null	UNRESOLVED
ui_emote_201_recover	ui_character_emote	0	null	null	UNRESOLVED
ui_emote_203_pre	ui_character_emote	0	null	null	UNRESOLVED
ui_emote_203_recover	ui_character_emote	0	null	null	UNRESOLVED
ui_emote_204_once	ui_character_emote	0	null	null	UNRESOLVED
ui_emote_204_recover	ui_character_emote	0	null	null	UNRESOLVED
ui_emote_205_once	ui_character_emote	0	null	null	UNRESOLVED
ui_emote_205_pre	ui_character_emote	0	null	null	UNRESOLVED
ui_emote_206_once	ui_character_emote	0	null	null	UNRESOLVED
ui_emote_206_recover	ui_character_emote	0	null	null	UNRESOLVED
ui_emote_207_once	ui_character_emote	0	null	null	UNRESOLVED
ui_emote_208_once	ui_character_emote	0	null	null	UNRESOLVED
ui_emote_209_once	ui_character_emote	0	null	null	UNRESOLVED
ui_emote_210_once	ui_character_emote	0	null	null	UNRESOLVED
ui_emote_210_pre	ui_character_emote	0	null	null	UNRESOLVED
ui_emote_211_once	ui_character_emote	0	null	null	UNRESOLVED
ui_emote_211_recover	ui_character_emote	0	null	null	UNRESOLVED
ui_emote_213_pre	ui_character_emote	0	null	null	UNRESOLVED
ui_emote_213_recover	ui_character_emote	0	null	null	UNRESOLVED
ui_emote_214_once	ui_character_emote	0	null	null	UNRESOLVED
ui_emote_214_recover	ui_character_emote	0	null	null	UNRESOLVED
ui_emote_215_once	ui_character_emote	0	null	null	UNRESOLVED
ui_emote_215_pre	ui_character_emote	0	null	null	UNRESOLVED
ui_emote_216_once	ui_character_emote	0	null	null	UNRESOLVED
ui_emote_216_recover	ui_character_emote	0	null	null	UNRESOLVED
ui_emote_217_once	ui_character_emote	0	null	null	UNRESOLVED
ui_emote_218_once	ui_character_emote	0	null	null	UNRESOLVED
ui_emote_219_once	ui_character_emote	0	null	null	UNRESOLVED
ui_emote_220_once	ui_character_emote	0	null	null	UNRESOLVED
ui_emote_220_pre	ui_character_emote	0	null	null	UNRESOLVED
ui_emote_221_once	ui_character_emote	0	null	null	UNRESOLVED
ui_emote_221_recover	ui_character_emote	0	null	null	UNRESOLVED
ui_emote_223_pre	ui_character_emote	0	null	null	UNRESOLVED
ui_emote_223_recover	ui_character_emote	0	null	null	UNRESOLVED
ui_emote_224_once	ui_character_emote	0	null	null	UNRESOLVED
ui_emote_224_recover	ui_character_emote	0	null	null	UNRESOLVED
ui_emote_225_once	ui_character_emote	0	null	null	UNRESOLVED
ui_emote_225_pre	ui_character_emote	0	null	null	UNRESOLVED
ui_emote_226_once	ui_character_emote	0	null	null	UNRESOLVED
ui_emote_226_recover	ui_character_emote	0	null	null	UNRESOLVED
ui_emote_227_once	ui_character_emote	0	null	null	UNRESOLVED
ui_emote_228_once	ui_character_emote	0	null	null	UNRESOLVED
ui_emote_229_once	ui_character_emote	0	null	null	UNRESOLVED
ui_emote_230_once	ui_character_emote	0	null	null	UNRESOLVED
ui_emote_230_pre	ui_character_emote	0	null	null	UNRESOLVED
ui_emote_231_once	ui_character_emote	0	null	null	UNRESOLVED
ui_emote_231_recover	ui_character_emote	0	null	null	UNRESOLVED
ui_emote_233_pre	ui_character_emote	0	null	null	UNRESOLVED
ui_emote_233_recover	ui_character_emote	0	null	null	UNRESOLVED
ui_emote_234_once	ui_character_emote	0	null	null	UNRESOLVED
ui_emote_234_recover	ui_character_emote	0	null	null	UNRESOLVED
ui_emote_235_once	ui_character_emote	0	null	null	UNRESOLVED
ui_emote_235_pre	ui_character_emote	0	null	null	UNRESOLVED
ui_emote_236_once	ui_character_emote	0	null	null	UNRESOLVED
ui_emote_236_recover	ui_character_emote	0	null	null	UNRESOLVED
ui_emote_237_once	ui_character_emote	0	null	null	UNRESOLVED
ui_emote_238_once	ui_character_emote	0	null	null	UNRESOLVED
ui_emote_239_once	ui_character_emote	0	null	null	UNRESOLVED
ui_emote_240_once	ui_character_emote	0	null	null	UNRESOLVED
ui_emote_240_pre	ui_character_emote	0	null	null	UNRESOLVED
ui_emote_241_once	ui_character_emote	0	null	null	UNRESOLVED
ui_emote_241_recover	ui_character_emote	0	null	null	UNRESOLVED
ui_emote_243_pre	ui_character_emote	0	null	null	UNRESOLVED
ui_emote_243_recover	ui_character_emote	0	null	null	UNRESOLVED
ui_emote_244_once	ui_character_emote	0	null	null	UNRESOLVED
ui_emote_244_recover	ui_character_emote	0	null	null	UNRESOLVED
ui_emote_245_once	ui_character_emote	0	null	null	UNRESOLVED
ui_emote_245_pre	ui_character_emote	0	null	null	UNRESOLVED
ui_emote_246_once	ui_character_emote	0	null	null	UNRESOLVED
ui_emote_246_recover	ui_character_emote	0	null	null	UNRESOLVED
ui_emote_247_once	ui_character_emote	0	null	null	UNRESOLVED
ui_emote_248_once	ui_character_emote	0	null	null	UNRESOLVED
ui_emote_249_once	ui_character_emote	0	null	null	UNRESOLVED
ui_emote_250_once	ui_character_emote	0	null	null	UNRESOLVED
ui_emote_250_pre	ui_character_emote	0	null	null	UNRESOLVED
ui_emote_251_once	ui_character_emote	0	null	null	UNRESOLVED
ui_emote_251_recover	ui_character_emote	0	null	null	UNRESOLVED
ui_emote_253_pre	ui_character_emote	0	null	null	UNRESOLVED
ui_emote_253_recover	ui_character_emote	0	null	null	UNRESOLVED
ui_emote_254_once	ui_character_emote	0	null	null	UNRESOLVED
ui_emote_254_recover	ui_character_emote	0	null	null	UNRESOLVED
ui_emote_255_once	ui_character_emote	0	null	null	UNRESOLVED
ui_emote_255_pre	ui_character_emote	0	null	null	UNRESOLVED
ui_emote_256_once	ui_character_emote	0	null	null	UNRESOLVED
ui_emote_256_recover	ui_character_emote	0	null	null	UNRESOLVED
ui_emote_257_once	ui_character_emote	0	null	null	UNRESOLVED
ui_emote_258_once	ui_character_emote	0	null	null	UNRESOLVED
ui_emote_259_once	ui_character_emote	0	null	null	UNRESOLVED
ui_emote_260_once	ui_character_emote	0	null	null	UNRESOLVED
ui_emote_260_pre	ui_character_emote	0	null	null	UNRESOLVED
ui_emote_261_once	ui_character_emote	0	null	null	UNRESOLVED
ui_emote_261_recover	ui_character_emote	0	null	null	UNRESOLVED
ui_emote_263_pre	ui_character_emote	0	null	null	UNRESOLVED
ui_emote_263_recover	ui_character_emote	0	null	null	UNRESOLVED
ui_emote_264_once	ui_character_emote	0	null	null	UNRESOLVED
ui_emote_264_recover	ui_character_emote	0	null	null	UNRESOLVED
ui_emote_265_once	ui_character_emote	0	null	null	UNRESOLVED
ui_emote_265_pre	ui_character_emote	0	null	null	UNRESOLVED
ui_emote_266_once	ui_character_emote	0	null	null	UNRESOLVED
ui_emote_266_recover	ui_character_emote	0	null	null	UNRESOLVED
ui_emote_267_once	ui_character_emote	0	null	null	UNRESOLVED
ui_emote_268_once	ui_character_emote	0	null	null	UNRESOLVED
ui_emote_269_once	ui_character_emote	0	null	null	UNRESOLVED
ui_emote_270_once	ui_character_emote	0	null	null	UNRESOLVED
ui_emote_270_pre	ui_character_emote	0	null	null	UNRESOLVED
ui_emote_271_once	ui_character_emote	0	null	null	UNRESOLVED
ui_emote_271_recover	ui_character_emote	0	null	null	UNRESOLVED
ui_emote_273_pre	ui_character_emote	0	null	null	UNRESOLVED
ui_emote_273_recover	ui_character_emote	0	null	null	UNRESOLVED
ui_emote_274_once	ui_character_emote	0	null	null	UNRESOLVED
ui_emote_274_recover	ui_character_emote	0	null	null	UNRESOLVED
ui_emote_275_once	ui_character_emote	0	null	null	UNRESOLVED
ui_emote_275_pre	ui_character_emote	0	null	null	UNRESOLVED
ui_emote_276_once	ui_character_emote	0	null	null	UNRESOLVED
ui_emote_276_recover	ui_character_emote	0	null	null	UNRESOLVED
ui_emote_277_once	ui_character_emote	0	null	null	UNRESOLVED
ui_emote_278_once	ui_character_emote	0	null	null	UNRESOLVED
ui_emote_279_once	ui_character_emote	0	null	null	UNRESOLVED
ui_emote_280_once	ui_character_emote	0	null	null	UNRESOLVED
ui_emote_280_pre	ui_character_emote	0	null	null	UNRESOLVED
ui_emote_281_once	ui_character_emote	0	null	null	UNRESOLVED
ui_emote_281_recover	ui_character_emote	0	null	null	UNRESOLVED
ui_emote_283_pre	ui_character_emote	0	null	null	UNRESOLVED
ui_emote_283_recover	ui_character_emote	0	null	null	UNRESOLVED
ui_emote_284_once	ui_character_emote	0	null	null	UNRESOLVED
ui_emote_284_recover	ui_character_emote	0	null	null	UNRESOLVED
ui_emote_285_once	ui_character_emote	0	null	null	UNRESOLVED
ui_emote_285_pre	ui_character_emote	0	null	null	UNRESOLVED
ui_emote_286_once	ui_character_emote	0	null	null	UNRESOLVED
ui_emote_286_recover	ui_character_emote	0	null	null	UNRESOLVED
ui_emote_287_once	ui_character_emote	0	null	null	UNRESOLVED
ui_emote_288_once	ui_character_emote	0	null	null	UNRESOLVED
ui_emote_289_once	ui_character_emote	0	null	null	UNRESOLVED
ui_emote_290_once	ui_character_emote	0	null	null	UNRESOLVED
ui_emote_290_pre	ui_character_emote	0	null	null	UNRESOLVED
ui_emote_291_once	ui_character_emote	0	null	null	UNRESOLVED
ui_emote_291_recover	ui_character_emote	0	null	null	UNRESOLVED
ui_emote_293_pre	ui_character_emote	0	null	null	UNRESOLVED
ui_emote_293_recover	ui_character_emote	0	null	null	UNRESOLVED
ui_emote_294_once	ui_character_emote	0	null	null	UNRESOLVED
ui_emote_294_recover	ui_character_emote	0	null	null	UNRESOLVED
ui_emote_295_once	ui_character_emote	0	null	null	UNRESOLVED
ui_emote_295_pre	ui_character_emote	0	null	null	UNRESOLVED
ui_emote_296_once	ui_character_emote	0	null	null	UNRESOLVED
ui_emote_296_recover	ui_character_emote	0	null	null	UNRESOLVED
ui_emote_297_once	ui_character_emote	0	null	null	UNRESOLVED
ui_emote_298_once	ui_character_emote	0	null	null	UNRESOLVED
ui_emote_299_once	ui_character_emote	0	null	null	UNRESOLVED
ui_emote_308_once	ui_character_emote	0	null	null	UNRESOLVED
ui_emote_318_once	ui_character_emote	0	null	null	UNRESOLVED
ui_emote_328_once	ui_character_emote	0	null	null	UNRESOLVED
ui_emote_338_once	ui_character_emote	0	null	null	UNRESOLVED
ui_emote_348_once	ui_character_emote	0	null	null	UNRESOLVED
ui_emote_358_once	ui_character_emote	0	null	null	UNRESOLVED
ui_emote_368_once	ui_character_emote	0	null	null	UNRESOLVED
ui_emote_378_once	ui_character_emote	0	null	null	UNRESOLVED
ui_emote_388_once	ui_character_emote	0	null	null	UNRESOLVED
ui_emote_398_once	ui_character_emote	0	null	null	UNRESOLVED
ui_emote_401_once	ui_character_emote	0	null	null	UNRESOLVED
ui_emote_402_once	ui_character_emote	0	null	null	UNRESOLVED
ui_emote_403_once	ui_character_emote	0	null	null	UNRESOLVED
ui_emote_405_once	ui_character_emote	0	null	null	UNRESOLVED
ui_emote_406_once	ui_character_emote	0	null	null	UNRESOLVED
ui_emote_407_once	ui_character_emote	0	null	null	UNRESOLVED
ui_emote_411_once	ui_character_emote	0	null	null	UNRESOLVED
ui_emote_412_once	ui_character_emote	0	null	null	UNRESOLVED
ui_emote_413_once	ui_character_emote	0	null	null	UNRESOLVED
ui_emote_415_once	ui_character_emote	0	null	null	UNRESOLVED
ui_emote_416_once	ui_character_emote	0	null	null	UNRESOLVED
ui_emote_417_once	ui_character_emote	0	null	null	UNRESOLVED
ui_emote_421_once	ui_character_emote	0	null	null	UNRESOLVED
ui_emote_422_once	ui_character_emote	0	null	null	UNRESOLVED
ui_emote_423_once	ui_character_emote	0	null	null	UNRESOLVED
ui_emote_425_once	ui_character_emote	0	null	null	UNRESOLVED
ui_emote_426_once	ui_character_emote	0	null	null	UNRESOLVED
ui_emote_427_once	ui_character_emote	0	null	null	UNRESOLVED
ui_emote_431_once	ui_character_emote	0	null	null	UNRESOLVED
ui_emote_432_once	ui_character_emote	0	null	null	UNRESOLVED
ui_emote_433_once	ui_character_emote	0	null	null	UNRESOLVED
ui_emote_435_once	ui_character_emote	0	null	null	UNRESOLVED
ui_emote_436_once	ui_character_emote	0	null	null	UNRESOLVED
ui_emote_437_once	ui_character_emote	0	null	null	UNRESOLVED
ui_emote_441_once	ui_character_emote	0	null	null	UNRESOLVED
ui_emote_442_once	ui_character_emote	0	null	null	UNRESOLVED
ui_emote_443_once	ui_character_emote	0	null	null	UNRESOLVED
ui_emote_445_once	ui_character_emote	0	null	null	UNRESOLVED
ui_emote_446_once	ui_character_emote	0	null	null	UNRESOLVED
ui_emote_447_once	ui_character_emote	0	null	null	UNRESOLVED
ui_emote_451_once	ui_character_emote	0	null	null	UNRESOLVED
ui_emote_452_once	ui_character_emote	0	null	null	UNRESOLVED
ui_emote_453_once	ui_character_emote	0	null	null	UNRESOLVED
ui_emote_455_once	ui_character_emote	0	null	null	UNRESOLVED
ui_emote_456_once	ui_character_emote	0	null	null	UNRESOLVED
ui_emote_457_once	ui_character_emote	0	null	null	UNRESOLVED
ui_emote_461_once	ui_character_emote	0	null	null	UNRESOLVED
ui_emote_462_once	ui_character_emote	0	null	null	UNRESOLVED
ui_emote_463_once	ui_character_emote	0	null	null	UNRESOLVED
ui_emote_465_once	ui_character_emote	0	null	null	UNRESOLVED
ui_emote_466_once	ui_character_emote	0	null	null	UNRESOLVED
ui_emote_467_once	ui_character_emote	0	null	null	UNRESOLVED
ui_emote_471_once	ui_character_emote	0	null	null	UNRESOLVED
ui_emote_472_once	ui_character_emote	0	null	null	UNRESOLVED
ui_emote_473_once	ui_character_emote	0	null	null	UNRESOLVED
ui_emote_475_once	ui_character_emote	0	null	null	UNRESOLVED
ui_emote_476_once	ui_character_emote	0	null	null	UNRESOLVED
ui_emote_477_once	ui_character_emote	0	null	null	UNRESOLVED
ui_emote_481_once	ui_character_emote	0	null	null	UNRESOLVED
ui_emote_482_once	ui_character_emote	0	null	null	UNRESOLVED
ui_emote_483_once	ui_character_emote	0	null	null	UNRESOLVED
ui_emote_485_once	ui_character_emote	0	null	null	UNRESOLVED
ui_emote_486_once	ui_character_emote	0	null	null	UNRESOLVED
ui_emote_487_once	ui_character_emote	0	null	null	UNRESOLVED
ui_emote_491_once	ui_character_emote	0	null	null	UNRESOLVED
ui_emote_492_once	ui_character_emote	0	null	null	UNRESOLVED
ui_emote_493_once	ui_character_emote	0	null	null	UNRESOLVED
ui_emote_495_once	ui_character_emote	0	null	null	UNRESOLVED
ui_emote_496_once	ui_character_emote	0	null	null	UNRESOLVED
ui_emote_497_once	ui_character_emote	0	null	null	UNRESOLVED
ui_hair_show_101	ui_character_hair	0	null	null	UNRESOLVED
ui_hair_show_101_idle	ui_character_hair_idle	0	null	null	UNRESOLVED
ui_hair_show_102_idle	ui_character_hair_idle	0	null	null	UNRESOLVED
ui_hair_show_103	ui_character_hair	0	null	null	UNRESOLVED
ui_hair_show_104_idle	ui_character_hair_idle	0	null	null	UNRESOLVED
ui_hair_show_106	ui_character_hair	0	null	null	UNRESOLVED
ui_hair_show_107_idle	ui_character_hair_idle	0	null	null	UNRESOLVED
ui_hair_show_108	ui_character_hair	0	null	null	UNRESOLVED
ui_hair_show_109	ui_character_hair	0	null	null	UNRESOLVED
ui_hair_show_109_idle	ui_character_hair_idle	0	null	null	UNRESOLVED
ui_hair_show_111	ui_character_hair	0	null	null	UNRESOLVED
ui_hair_show_111_idle	ui_character_hair_idle	0	null	null	UNRESOLVED
ui_hair_show_112_idle	ui_character_hair_idle	0	null	null	UNRESOLVED
ui_hair_show_113	ui_character_hair	0	null	null	UNRESOLVED
ui_hair_show_114_idle	ui_character_hair_idle	0	null	null	UNRESOLVED
ui_hair_show_116	ui_character_hair	0	null	null	UNRESOLVED
ui_hair_show_117_idle	ui_character_hair_idle	0	null	null	UNRESOLVED
ui_hair_show_118	ui_character_hair	0	null	null	UNRESOLVED
ui_hair_show_119	ui_character_hair	0	null	null	UNRESOLVED
ui_hair_show_119_idle	ui_character_hair_idle	0	null	null	UNRESOLVED
ui_hair_show_121	ui_character_hair	0	null	null	UNRESOLVED
ui_hair_show_121_idle	ui_character_hair_idle	0	null	null	UNRESOLVED
ui_hair_show_122_idle	ui_character_hair_idle	0	null	null	UNRESOLVED
ui_hair_show_123	ui_character_hair	0	null	null	UNRESOLVED
ui_hair_show_124_idle	ui_character_hair_idle	0	null	null	UNRESOLVED
ui_hair_show_126	ui_character_hair	0	null	null	UNRESOLVED
ui_hair_show_127_idle	ui_character_hair_idle	0	null	null	UNRESOLVED
ui_hair_show_128	ui_character_hair	0	null	null	UNRESOLVED
ui_hair_show_129	ui_character_hair	0	null	null	UNRESOLVED
ui_hair_show_129_idle	ui_character_hair_idle	0	null	null	UNRESOLVED
ui_hero_custom_100_unlock	ui_hero_custom	0	null	null	UNRESOLVED
ui_hero_custom_101_unlock	ui_hero_custom	0	null	null	UNRESOLVED
ui_hero_custom_102_confirm_idle	ui_hero_custom_idle	0	null	null	UNRESOLVED
ui_hero_custom_102_unlock	ui_hero_custom	0	null	null	UNRESOLVED
ui_hero_custom_103_switch	ui_hero_custom	0	null	null	UNRESOLVED
ui_hero_custom_104_confirm_idle	ui_hero_custom_idle	0	null	null	UNRESOLVED
ui_hero_custom_104_idle	ui_hero_custom_idle	0	null	null	UNRESOLVED
ui_hero_custom_104_switch	ui_hero_custom	0	null	null	UNRESOLVED
ui_hero_custom_105_confirm_idle	ui_hero_custom_idle	0	null	null	UNRESOLVED
ui_hero_custom_105_idle	ui_hero_custom_idle	0	null	null	UNRESOLVED
ui_hero_custom_106_idle	ui_hero_custom_idle	0	null	null	UNRESOLVED
ui_hero_custom_106_unlock	ui_hero_custom	0	null	null	UNRESOLVED
ui_hero_custom_107_confirm_idle	ui_hero_custom_idle	0	null	null	UNRESOLVED
ui_hero_custom_107_idle	ui_hero_custom_idle	0	null	null	UNRESOLVED
ui_hero_custom_107_unlock	ui_hero_custom	0	null	null	UNRESOLVED
ui_hero_custom_108_switch	ui_hero_custom	0	null	null	UNRESOLVED
ui_hero_custom_108_unlock	ui_hero_custom	0	null	null	UNRESOLVED
ui_hero_custom_109_confirm_idle	ui_hero_custom_idle	0	null	null	UNRESOLVED
ui_hero_custom_109_idle	ui_hero_custom_idle	0	null	null	UNRESOLVED
ui_hero_custom_109_unlock	ui_hero_custom	0	null	null	UNRESOLVED
ui_hero_custom_110_unlock	ui_hero_custom	0	null	null	UNRESOLVED
ui_hero_custom_111_confirm_idle	ui_hero_custom_idle	0	null	null	UNRESOLVED
ui_hero_custom_111_unlock	ui_hero_custom	0	null	null	UNRESOLVED
ui_hero_custom_112_unlock	ui_hero_custom	0	null	null	UNRESOLVED
ui_hero_custom_113_confirm_idle	ui_hero_custom_idle	0	null	null	UNRESOLVED
ui_hero_custom_113_switch	ui_hero_custom	0	null	null	UNRESOLVED
ui_hero_custom_114_confirm_idle	ui_hero_custom_idle	0	null	null	UNRESOLVED
ui_hero_custom_114_idle	ui_hero_custom_idle	0	null	null	UNRESOLVED
ui_hero_custom_114_switch	ui_hero_custom	0	null	null	UNRESOLVED
ui_hero_custom_115_idle	ui_hero_custom_idle	0	null	null	UNRESOLVED
ui_hero_custom_116_confirm_idle	ui_hero_custom_idle	0	null	null	UNRESOLVED
ui_hero_custom_116_idle	ui_hero_custom_idle	0	null	null	UNRESOLVED
ui_hero_custom_116_unlock	ui_hero_custom	0	null	null	UNRESOLVED
ui_hero_custom_117_idle	ui_hero_custom_idle	0	null	null	UNRESOLVED
ui_hero_custom_117_unlock	ui_hero_custom	0	null	null	UNRESOLVED
ui_hero_custom_118_confirm_idle	ui_hero_custom_idle	0	null	null	UNRESOLVED
ui_hero_custom_118_switch	ui_hero_custom	0	null	null	UNRESOLVED
ui_hero_custom_118_unlock	ui_hero_custom	0	null	null	UNRESOLVED
ui_hero_custom_119_confirm_idle	ui_hero_custom_idle	0	null	null	UNRESOLVED
ui_hero_custom_119_idle	ui_hero_custom_idle	0	null	null	UNRESOLVED
ui_hero_custom_119_unlock	ui_hero_custom	0	null	null	UNRESOLVED
ui_hero_custom_120_confirm_idle	ui_hero_custom_idle	0	null	null	UNRESOLVED
ui_hero_custom_120_unlock	ui_hero_custom	0	null	null	UNRESOLVED
ui_hero_custom_121_unlock	ui_hero_custom	0	null	null	UNRESOLVED
ui_hero_custom_122_confirm_idle	ui_hero_custom_idle	0	null	null	UNRESOLVED
ui_hero_custom_122_unlock	ui_hero_custom	0	null	null	UNRESOLVED
ui_hero_custom_123_switch	ui_hero_custom	0	null	null	UNRESOLVED
ui_hero_custom_124_confirm_idle	ui_hero_custom_idle	0	null	null	UNRESOLVED
ui_hero_custom_124_idle	ui_hero_custom_idle	0	null	null	UNRESOLVED
ui_hero_custom_124_switch	ui_hero_custom	0	null	null	UNRESOLVED
ui_hero_custom_125_confirm_idle	ui_hero_custom_idle	0	null	null	UNRESOLVED
ui_hero_custom_125_idle	ui_hero_custom_idle	0	null	null	UNRESOLVED
ui_hero_custom_126_idle	ui_hero_custom_idle	0	null	null	UNRESOLVED
ui_hero_custom_126_unlock	ui_hero_custom	0	null	null	UNRESOLVED
ui_hero_custom_127_confirm_idle	ui_hero_custom_idle	0	null	null	UNRESOLVED
ui_hero_custom_127_idle	ui_hero_custom_idle	0	null	null	UNRESOLVED
ui_hero_custom_127_unlock	ui_hero_custom	0	null	null	UNRESOLVED
ui_hero_custom_128_switch	ui_hero_custom	0	null	null	UNRESOLVED
ui_hero_custom_128_unlock	ui_hero_custom	0	null	null	UNRESOLVED
ui_hero_custom_129_idle	ui_hero_custom_idle	0	null	null	UNRESOLVED
ui_hero_custom_129_unlock	ui_hero_custom	0	null	null	UNRESOLVED
ui_hero_custom_130_unlock	ui_hero_custom	0	null	null	UNRESOLVED
ui_hero_custom_131_unlock	ui_hero_custom	0	null	null	UNRESOLVED
ui_hero_custom_132_confirm_idle	ui_hero_custom_idle	0	null	null	UNRESOLVED
ui_hero_custom_132_unlock	ui_hero_custom	0	null	null	UNRESOLVED
ui_hero_custom_133_confirm_idle	ui_hero_custom_idle	0	null	null	UNRESOLVED
ui_hero_custom_133_switch	ui_hero_custom	0	null	null	UNRESOLVED
ui_hero_custom_134_confirm_idle	ui_hero_custom_idle	0	null	null	UNRESOLVED
ui_hero_custom_134_idle	ui_hero_custom_idle	0	null	null	UNRESOLVED
ui_hero_custom_134_switch	ui_hero_custom	0	null	null	UNRESOLVED
ui_hero_custom_135_idle	ui_hero_custom_idle	0	null	null	UNRESOLVED
ui_hero_custom_136_confirm_idle	ui_hero_custom_idle	0	null	null	UNRESOLVED
ui_hero_custom_136_idle	ui_hero_custom_idle	0	null	null	UNRESOLVED
ui_hero_custom_136_unlock	ui_hero_custom	0	null	null	UNRESOLVED
ui_hero_custom_137_idle	ui_hero_custom_idle	0	null	null	UNRESOLVED
ui_hero_custom_137_unlock	ui_hero_custom	0	null	null	UNRESOLVED
ui_hero_custom_138_confirm_idle	ui_hero_custom_idle	0	null	null	UNRESOLVED
ui_hero_custom_138_switch	ui_hero_custom	0	null	null	UNRESOLVED
ui_hero_custom_138_unlock	ui_hero_custom	0	null	null	UNRESOLVED
ui_hero_custom_139_confirm_idle	ui_hero_custom_idle	0	null	null	UNRESOLVED
ui_hero_custom_139_idle	ui_hero_custom_idle	0	null	null	UNRESOLVED
ui_hero_custom_139_unlock	ui_hero_custom	0	null	null	UNRESOLVED
ui_hero_custom_140_unlock	ui_hero_custom	0	null	null	UNRESOLVED
ui_hero_custom_141_confirm_idle	ui_hero_custom_idle	0	null	null	UNRESOLVED
ui_hero_custom_141_unlock	ui_hero_custom	0	null	null	UNRESOLVED
ui_hero_custom_142_unlock	ui_hero_custom	0	null	null	UNRESOLVED
ui_hero_custom_143_confirm_idle	ui_hero_custom_idle	0	null	null	UNRESOLVED
ui_hero_custom_143_switch	ui_hero_custom	0	null	null	UNRESOLVED
ui_hero_custom_144_confirm_idle	ui_hero_custom_idle	0	null	null	UNRESOLVED
ui_hero_custom_144_idle	ui_hero_custom_idle	0	null	null	UNRESOLVED
ui_hero_custom_144_switch	ui_hero_custom	0	null	null	UNRESOLVED
ui_hero_custom_145_idle	ui_hero_custom_idle	0	null	null	UNRESOLVED
ui_hero_custom_146_confirm_idle	ui_hero_custom_idle	0	null	null	UNRESOLVED
ui_hero_custom_146_idle	ui_hero_custom_idle	0	null	null	UNRESOLVED
ui_hero_custom_146_unlock	ui_hero_custom	0	null	null	UNRESOLVED
ui_hero_custom_147_idle	ui_hero_custom_idle	0	null	null	UNRESOLVED
ui_hero_custom_147_unlock	ui_hero_custom	0	null	null	UNRESOLVED
ui_hero_custom_148_confirm_idle	ui_hero_custom_idle	0	null	null	UNRESOLVED
ui_hero_custom_148_switch	ui_hero_custom	0	null	null	UNRESOLVED
ui_hero_custom_148_unlock	ui_hero_custom	0	null	null	UNRESOLVED
ui_hero_custom_149_confirm_idle	ui_hero_custom_idle	0	null	null	UNRESOLVED
ui_hero_custom_149_idle	ui_hero_custom_idle	0	null	null	UNRESOLVED
ui_hero_custom_149_unlock	ui_hero_custom	0	null	null	UNRESOLVED
ui_hero_custom_150_confirm_idle	ui_hero_custom_idle	0	null	null	UNRESOLVED
ui_hero_custom_150_unlock	ui_hero_custom	0	null	null	UNRESOLVED
ui_hero_custom_151_confirm_idle	ui_hero_custom_idle	0	null	null	UNRESOLVED
ui_hero_custom_151_unlock	ui_hero_custom	0	null	null	UNRESOLVED
ui_hero_custom_152_unlock	ui_hero_custom	0	null	null	UNRESOLVED
ui_hero_custom_153_switch	ui_hero_custom	0	null	null	UNRESOLVED
ui_hero_custom_154_idle	ui_hero_custom_idle	0	null	null	UNRESOLVED
ui_hero_custom_154_switch	ui_hero_custom	0	null	null	UNRESOLVED
ui_hero_custom_155_confirm_idle	ui_hero_custom_idle	0	null	null	UNRESOLVED
ui_hero_custom_155_idle	ui_hero_custom_idle	0	null	null	UNRESOLVED
ui_hero_custom_156_idle	ui_hero_custom_idle	0	null	null	UNRESOLVED
ui_hero_custom_156_unlock	ui_hero_custom	0	null	null	UNRESOLVED
ui_hero_custom_157_confirm_idle	ui_hero_custom_idle	0	null	null	UNRESOLVED
ui_hero_custom_157_idle	ui_hero_custom_idle	0	null	null	UNRESOLVED
ui_hero_custom_157_unlock	ui_hero_custom	0	null	null	UNRESOLVED
ui_hero_custom_158_switch	ui_hero_custom	0	null	null	UNRESOLVED
ui_hero_custom_158_unlock	ui_hero_custom	0	null	null	UNRESOLVED
ui_hero_custom_159_idle	ui_hero_custom_idle	0	null	null	UNRESOLVED
ui_hero_custom_159_unlock	ui_hero_custom	0	null	null	UNRESOLVED
ui_hero_custom_160_unlock	ui_hero_custom	0	null	null	UNRESOLVED
ui_hero_custom_161_unlock	ui_hero_custom	0	null	null	UNRESOLVED
ui_hero_custom_162_unlock	ui_hero_custom	0	null	null	UNRESOLVED
ui_hero_custom_163_confirm_idle	ui_hero_custom_idle	0	null	null	UNRESOLVED
ui_hero_custom_163_switch	ui_hero_custom	0	null	null	UNRESOLVED
ui_hero_custom_164_confirm_idle	ui_hero_custom_idle	0	null	null	UNRESOLVED
ui_hero_custom_164_idle	ui_hero_custom_idle	0	null	null	UNRESOLVED
ui_hero_custom_164_switch	ui_hero_custom	0	null	null	UNRESOLVED
ui_hero_custom_165_idle	ui_hero_custom_idle	0	null	null	UNRESOLVED
ui_hero_custom_166_confirm_idle	ui_hero_custom_idle	0	null	null	UNRESOLVED
ui_hero_custom_166_idle	ui_hero_custom_idle	0	null	null	UNRESOLVED
ui_hero_custom_166_unlock	ui_hero_custom	0	null	null	UNRESOLVED
ui_hero_custom_167_idle	ui_hero_custom_idle	0	null	null	UNRESOLVED
ui_hero_custom_167_unlock	ui_hero_custom	0	null	null	UNRESOLVED
ui_hero_custom_168_confirm_idle	ui_hero_custom_idle	0	null	null	UNRESOLVED
ui_hero_custom_168_switch	ui_hero_custom	0	null	null	UNRESOLVED
ui_hero_custom_168_unlock	ui_hero_custom	0	null	null	UNRESOLVED
ui_hero_custom_169_confirm_idle	ui_hero_custom_idle	0	null	null	UNRESOLVED
ui_hero_custom_169_idle	ui_hero_custom_idle	0	null	null	UNRESOLVED
ui_hero_custom_169_unlock	ui_hero_custom	0	null	null	UNRESOLVED
ui_hero_custom_170_confirm_idle	ui_hero_custom_idle	0	null	null	UNRESOLVED
ui_hero_custom_170_unlock	ui_hero_custom	0	null	null	UNRESOLVED
ui_hero_custom_171_confirm_idle	ui_hero_custom_idle	0	null	null	UNRESOLVED
ui_hero_custom_171_unlock	ui_hero_custom	0	null	null	UNRESOLVED
ui_hero_custom_172_unlock	ui_hero_custom	0	null	null	UNRESOLVED
ui_hero_custom_173_confirm_idle	ui_hero_custom_idle	0	null	null	UNRESOLVED
ui_hero_custom_173_switch	ui_hero_custom	0	null	null	UNRESOLVED
ui_hero_custom_174_idle	ui_hero_custom_idle	0	null	null	UNRESOLVED
ui_hero_custom_174_switch	ui_hero_custom	0	null	null	UNRESOLVED
ui_hero_custom_175_idle	ui_hero_custom_idle	0	null	null	UNRESOLVED
ui_hero_custom_176_confirm_idle	ui_hero_custom_idle	0	null	null	UNRESOLVED
ui_hero_custom_176_idle	ui_hero_custom_idle	0	null	null	UNRESOLVED
ui_hero_custom_176_unlock	ui_hero_custom	0	null	null	UNRESOLVED
ui_hero_custom_177_idle	ui_hero_custom_idle	0	null	null	UNRESOLVED
ui_hero_custom_177_unlock	ui_hero_custom	0	null	null	UNRESOLVED
ui_hero_custom_178_confirm_idle	ui_hero_custom_idle	0	null	null	UNRESOLVED
ui_hero_custom_178_switch	ui_hero_custom	0	null	null	UNRESOLVED
ui_hero_custom_178_unlock	ui_hero_custom	0	null	null	UNRESOLVED
ui_hero_custom_179_idle	ui_hero_custom_idle	0	null	null	UNRESOLVED
ui_hero_custom_179_unlock	ui_hero_custom	0	null	null	UNRESOLVED
ui_hero_custom_180_unlock	ui_hero_custom	0	null	null	UNRESOLVED
ui_hero_custom_181_confirm_idle	ui_hero_custom_idle	0	null	null	UNRESOLVED
ui_hero_custom_181_unlock	ui_hero_custom	0	null	null	UNRESOLVED
ui_hero_custom_182_unlock	ui_hero_custom	0	null	null	UNRESOLVED
ui_hero_custom_183_confirm_idle	ui_hero_custom_idle	0	null	null	UNRESOLVED
ui_hero_custom_183_switch	ui_hero_custom	0	null	null	UNRESOLVED
ui_hero_custom_184_confirm_idle	ui_hero_custom_idle	0	null	null	UNRESOLVED
ui_hero_custom_184_idle	ui_hero_custom_idle	0	null	null	UNRESOLVED
ui_hero_custom_184_switch	ui_hero_custom	0	null	null	UNRESOLVED
ui_hero_custom_185_idle	ui_hero_custom_idle	0	null	null	UNRESOLVED
ui_hero_custom_186_confirm_idle	ui_hero_custom_idle	0	null	null	UNRESOLVED
ui_hero_custom_186_idle	ui_hero_custom_idle	0	null	null	UNRESOLVED
ui_hero_custom_186_unlock	ui_hero_custom	0	null	null	UNRESOLVED
ui_hero_custom_187_idle	ui_hero_custom_idle	0	null	null	UNRESOLVED
ui_hero_custom_187_unlock	ui_hero_custom	0	null	null	UNRESOLVED
ui_hero_custom_188_confirm_idle	ui_hero_custom_idle	0	null	null	UNRESOLVED
ui_hero_custom_188_switch	ui_hero_custom	0	null	null	UNRESOLVED
ui_hero_custom_188_unlock	ui_hero_custom	0	null	null	UNRESOLVED
ui_hero_custom_189_confirm_idle	ui_hero_custom_idle	0	null	null	UNRESOLVED
ui_hero_custom_189_idle	ui_hero_custom_idle	0	null	null	UNRESOLVED
ui_hero_custom_189_unlock	ui_hero_custom	0	null	null	UNRESOLVED
ui_hero_custom_190_confirm_idle	ui_hero_custom_idle	0	null	null	UNRESOLVED
ui_hero_custom_190_unlock	ui_hero_custom	0	null	null	UNRESOLVED
ui_hero_custom_191_confirm_idle	ui_hero_custom_idle	0	null	null	UNRESOLVED
ui_hero_custom_191_unlock	ui_hero_custom	0	null	null	UNRESOLVED
ui_hero_custom_192_unlock	ui_hero_custom	0	null	null	UNRESOLVED
ui_hero_custom_193_confirm_idle	ui_hero_custom_idle	0	null	null	UNRESOLVED
ui_hero_custom_193_switch	ui_hero_custom	0	null	null	UNRESOLVED
ui_hero_custom_194_idle	ui_hero_custom_idle	0	null	null	UNRESOLVED
ui_hero_custom_194_switch	ui_hero_custom	0	null	null	UNRESOLVED
ui_hero_custom_195_idle	ui_hero_custom_idle	0	null	null	UNRESOLVED
ui_hero_custom_196_confirm_idle	ui_hero_custom_idle	0	null	null	UNRESOLVED
ui_hero_custom_196_idle	ui_hero_custom_idle	0	null	null	UNRESOLVED
ui_hero_custom_196_unlock	ui_hero_custom	0	null	null	UNRESOLVED
ui_hero_custom_197_confirm_idle	ui_hero_custom_idle	0	null	null	UNRESOLVED
ui_hero_custom_197_idle	ui_hero_custom_idle	0	null	null	UNRESOLVED
ui_hero_custom_197_unlock	ui_hero_custom	0	null	null	UNRESOLVED
ui_hero_custom_198_confirm_idle	ui_hero_custom_idle	0	null	null	UNRESOLVED
ui_hero_custom_198_switch	ui_hero_custom	0	null	null	UNRESOLVED
ui_hero_custom_198_unlock	ui_hero_custom	0	null	null	UNRESOLVED
ui_hero_custom_199_idle	ui_hero_custom_idle	0	null	null	UNRESOLVED
ui_hero_custom_199_unlock	ui_hero_custom	0	null	null	UNRESOLVED
ui_hero_idle_delegate	ui_character_idle	0	null	null	UNRESOLVED
ui_hero_light_firework_100	ui_hero_light_firework	0	null	null	UNRESOLVED
ui_hero_light_firework_105	ui_hero_light_firework	0	null	null	UNRESOLVED
ui_hero_light_firework_106	ui_hero_light_firework	0	null	null	UNRESOLVED
ui_hero_light_firework_108	ui_hero_light_firework	0	null	null	UNRESOLVED
ui_hero_light_firework_110	ui_hero_light_firework	0	null	null	UNRESOLVED
ui_hero_light_firework_115	ui_hero_light_firework	0	null	null	UNRESOLVED
ui_hero_light_firework_116	ui_hero_light_firework	0	null	null	UNRESOLVED
ui_hero_light_firework_118	ui_hero_light_firework	0	null	null	UNRESOLVED
ui_hero_light_firework_120	ui_hero_light_firework	0	null	null	UNRESOLVED
ui_hero_light_firework_125	ui_hero_light_firework	0	null	null	UNRESOLVED
ui_hero_light_firework_126	ui_hero_light_firework	0	null	null	UNRESOLVED
ui_hero_light_firework_128	ui_hero_light_firework	0	null	null	UNRESOLVED
ui_hero_light_firework_130	ui_hero_light_firework	0	null	null	UNRESOLVED
ui_hero_light_firework_135	ui_hero_light_firework	0	null	null	UNRESOLVED
ui_hero_light_firework_136	ui_hero_light_firework	0	null	null	UNRESOLVED
ui_hero_light_firework_138	ui_hero_light_firework	0	null	null	UNRESOLVED
ui_hero_light_firework_140	ui_hero_light_firework	0	null	null	UNRESOLVED
ui_hero_light_firework_145	ui_hero_light_firework	0	null	null	UNRESOLVED
ui_hero_light_firework_146	ui_hero_light_firework	0	null	null	UNRESOLVED
ui_hero_light_firework_148	ui_hero_light_firework	0	null	null	UNRESOLVED
ui_hero_light_firework_150	ui_hero_light_firework	0	null	null	UNRESOLVED
ui_hero_light_firework_155	ui_hero_light_firework	0	null	null	UNRESOLVED
ui_hero_light_firework_156	ui_hero_light_firework	0	null	null	UNRESOLVED
ui_hero_light_firework_158	ui_hero_light_firework	0	null	null	UNRESOLVED
ui_hero_light_firework_160	ui_hero_light_firework	0	null	null	UNRESOLVED
ui_hero_light_firework_165	ui_hero_light_firework	0	null	null	UNRESOLVED
ui_hero_light_firework_166	ui_hero_light_firework	0	null	null	UNRESOLVED
ui_hero_light_firework_168	ui_hero_light_firework	0	null	null	UNRESOLVED
ui_hero_light_firework_170	ui_hero_light_firework	0	null	null	UNRESOLVED
ui_hero_light_firework_175	ui_hero_light_firework	0	null	null	UNRESOLVED
ui_hero_light_firework_176	ui_hero_light_firework	0	null	null	UNRESOLVED
ui_hero_light_firework_178	ui_hero_light_firework	0	null	null	UNRESOLVED
ui_hero_light_firework_180	ui_hero_light_firework	0	null	null	UNRESOLVED
ui_hero_light_firework_185	ui_hero_light_firework	0	null	null	UNRESOLVED
ui_hero_light_firework_186	ui_hero_light_firework	0	null	null	UNRESOLVED
ui_hero_light_firework_188	ui_hero_light_firework	0	null	null	UNRESOLVED
ui_hero_light_firework_190	ui_hero_light_firework	0	null	null	UNRESOLVED
ui_hero_light_firework_195	ui_hero_light_firework	0	null	null	UNRESOLVED
ui_hero_light_firework_196	ui_hero_light_firework	0	null	null	UNRESOLVED
ui_hero_light_firework_198	ui_hero_light_firework	0	null	null	UNRESOLVED
ui_hero_rescue_100_idle	ui_hero_rescue	0	null	null	UNRESOLVED
ui_hero_rescue_101_idle	ui_hero_rescue	0	null	null	UNRESOLVED
ui_hero_rescue_102_idle	ui_hero_rescue	0	null	null	UNRESOLVED
ui_hero_rescue_103_idle	ui_hero_rescue	0	null	null	UNRESOLVED
ui_hero_rescue_108_idle	ui_hero_rescue	0	null	null	UNRESOLVED
ui_hero_rescue_109_idle	ui_hero_rescue	0	null	null	UNRESOLVED
ui_hero_rescue_110_idle	ui_hero_rescue	0	null	null	UNRESOLVED
ui_hero_rescue_111_idle	ui_hero_rescue	0	null	null	UNRESOLVED
ui_hero_rescue_112_idle	ui_hero_rescue	0	null	null	UNRESOLVED
ui_hero_rescue_113_idle	ui_hero_rescue	0	null	null	UNRESOLVED
ui_hero_rescue_118_idle	ui_hero_rescue	0	null	null	UNRESOLVED
ui_hero_rescue_119_idle	ui_hero_rescue	0	null	null	UNRESOLVED
ui_hero_rescue_120_idle	ui_hero_rescue	0	null	null	UNRESOLVED
ui_hero_rescue_121_idle	ui_hero_rescue	0	null	null	UNRESOLVED
ui_hero_rescue_122_idle	ui_hero_rescue	0	null	null	UNRESOLVED
ui_hero_rescue_123_idle	ui_hero_rescue	0	null	null	UNRESOLVED
ui_hero_rescue_128_idle	ui_hero_rescue	0	null	null	UNRESOLVED
ui_hero_rescue_129_idle	ui_hero_rescue	0	null	null	UNRESOLVED
ui_hero_rescue_130_idle	ui_hero_rescue	0	null	null	UNRESOLVED
ui_hero_rescue_131_idle	ui_hero_rescue	0	null	null	UNRESOLVED
ui_hero_rescue_132_idle	ui_hero_rescue	0	null	null	UNRESOLVED
ui_hero_rescue_133_idle	ui_hero_rescue	0	null	null	UNRESOLVED
ui_hero_rescue_138_idle	ui_hero_rescue	0	null	null	UNRESOLVED
ui_hero_rescue_139_idle	ui_hero_rescue	0	null	null	UNRESOLVED
ui_hero_rescue_140_idle	ui_hero_rescue	0	null	null	UNRESOLVED
ui_hero_rescue_141_idle	ui_hero_rescue	0	null	null	UNRESOLVED
ui_hero_rescue_142_idle	ui_hero_rescue	0	null	null	UNRESOLVED
ui_hero_rescue_143_idle	ui_hero_rescue	0	null	null	UNRESOLVED
ui_hero_rescue_148_idle	ui_hero_rescue	0	null	null	UNRESOLVED
ui_hero_rescue_149_idle	ui_hero_rescue	0	null	null	UNRESOLVED
ui_hero_rescue_150_idle	ui_hero_rescue	0	null	null	UNRESOLVED
ui_hero_rescue_151_idle	ui_hero_rescue	0	null	null	UNRESOLVED
ui_hero_rescue_152_idle	ui_hero_rescue	0	null	null	UNRESOLVED
ui_hero_rescue_153_idle	ui_hero_rescue	0	null	null	UNRESOLVED
ui_hero_rescue_158_idle	ui_hero_rescue	0	null	null	UNRESOLVED
ui_hero_rescue_159_idle	ui_hero_rescue	0	null	null	UNRESOLVED
ui_hero_rescue_160_idle	ui_hero_rescue	0	null	null	UNRESOLVED
ui_hero_rescue_161_idle	ui_hero_rescue	0	null	null	UNRESOLVED
ui_hero_rescue_162_idle	ui_hero_rescue	0	null	null	UNRESOLVED
ui_hero_rescue_163_idle	ui_hero_rescue	0	null	null	UNRESOLVED
ui_hero_rescue_168_idle	ui_hero_rescue	0	null	null	UNRESOLVED
ui_hero_rescue_169_idle	ui_hero_rescue	0	null	null	UNRESOLVED
ui_hero_rescue_170_idle	ui_hero_rescue	0	null	null	UNRESOLVED
ui_hero_rescue_171_idle	ui_hero_rescue	0	null	null	UNRESOLVED
ui_hero_rescue_172_idle	ui_hero_rescue	0	null	null	UNRESOLVED
ui_hero_rescue_173_idle	ui_hero_rescue	0	null	null	UNRESOLVED
ui_hero_rescue_178_idle	ui_hero_rescue	0	null	null	UNRESOLVED
ui_hero_rescue_179_idle	ui_hero_rescue	0	null	null	UNRESOLVED
ui_hero_rescue_180_idle	ui_hero_rescue	0	null	null	UNRESOLVED
ui_hero_rescue_181_idle	ui_hero_rescue	0	null	null	UNRESOLVED
ui_hero_rescue_182_idle	ui_hero_rescue	0	null	null	UNRESOLVED
ui_hero_rescue_183_idle	ui_hero_rescue	0	null	null	UNRESOLVED
ui_hero_rescue_188_idle	ui_hero_rescue	0	null	null	UNRESOLVED
ui_hero_rescue_189_idle	ui_hero_rescue	0	null	null	UNRESOLVED
ui_hero_rescue_190_idle	ui_hero_rescue	0	null	null	UNRESOLVED
ui_hero_rescue_191_idle	ui_hero_rescue	0	null	null	UNRESOLVED
ui_hero_rescue_192_idle	ui_hero_rescue	0	null	null	UNRESOLVED
ui_hero_rescue_193_idle	ui_hero_rescue	0	null	null	UNRESOLVED
ui_hero_rescue_198_idle	ui_hero_rescue	0	null	null	UNRESOLVED
ui_hero_rescue_199_idle	ui_hero_rescue	0	null	null	UNRESOLVED
ui_hero_showoff_101_idle	ui_character_show_off	0	null	null	UNRESOLVED
ui_hero_showoff_102_idle	ui_character_show_off	0	null	null	UNRESOLVED
ui_hero_showoff_103_idle	ui_character_show_off	0	null	null	UNRESOLVED
ui_hero_showoff_104_idle	ui_character_show_off	0	null	null	UNRESOLVED
ui_hero_showoff_105_idle	ui_character_show_off	0	null	null	UNRESOLVED
ui_hero_showoff_106_idle	ui_character_show_off	0	null	null	UNRESOLVED
ui_hero_showoff_107_idle	ui_character_show_off	0	null	null	UNRESOLVED
ui_hero_showoff_108_idle	ui_character_show_off	0	null	null	UNRESOLVED
ui_hero_showoff_109_idle	ui_character_show_off	0	null	null	UNRESOLVED
ui_hero_showoff_110	ui_character_show_off	0	null	null	UNRESOLVED
ui_hero_showoff_111	ui_character_show_off	0	null	null	UNRESOLVED
ui_hero_showoff_112	ui_character_show_off	0	null	null	UNRESOLVED
ui_hero_showoff_113	ui_character_show_off	0	null	null	UNRESOLVED
ui_hero_showoff_114	ui_character_show_off	0	null	null	UNRESOLVED
ui_hero_showoff_115	ui_character_show_off	0	null	null	UNRESOLVED
ui_hero_showoff_116	ui_character_show_off	0	null	null	UNRESOLVED
ui_hero_showoff_117	ui_character_show_off	0	null	null	UNRESOLVED
ui_hero_showoff_118	ui_character_show_off	0	null	null	UNRESOLVED
ui_hero_showoff_119	ui_character_show_off	0	null	null	UNRESOLVED
ui_hero_showoff_120	ui_character_show_off	0	null	null	UNRESOLVED
ui_hero_showoff_121	ui_character_show_off	0	null	null	UNRESOLVED
ui_hero_showoff_122	ui_character_show_off	0	null	null	UNRESOLVED
ui_hero_showoff_123	ui_character_show_off	0	null	null	UNRESOLVED
ui_hero_showoff_124	ui_character_show_off	0	null	null	UNRESOLVED
ui_hero_showoff_125	ui_character_show_off	0	null	null	UNRESOLVED
ui_hero_showoff_126	ui_character_show_off	0	null	null	UNRESOLVED
ui_hero_showoff_127	ui_character_show_off	0	null	null	UNRESOLVED
ui_hero_showoff_128	ui_character_show_off	0	null	null	UNRESOLVED
ui_hero_showoff_129	ui_character_show_off	0	null	null	UNRESOLVED
ui_hero_showoff_130_idle	ui_character_show_off	0	null	null	UNRESOLVED
ui_hero_showoff_200_idle	ui_character_show_off	0	null	null	UNRESOLVED
ui_hero_showoff_201_idle	ui_character_show_off	0	null	null	UNRESOLVED
ui_hero_showoff_202_idle	ui_character_show_off	0	null	null	UNRESOLVED
ui_hero_showoff_203_idle	ui_character_show_off	0	null	null	UNRESOLVED
ui_hero_showoff_204_idle	ui_character_show_off	0	null	null	UNRESOLVED
ui_hero_showoff_205_idle	ui_character_show_off	0	null	null	UNRESOLVED
ui_hero_showoff_206_idle	ui_character_show_off	0	null	null	UNRESOLVED
ui_hero_showoff_207_idle	ui_character_show_off	0	null	null	UNRESOLVED
ui_hero_showoff_208_idle	ui_character_show_off	0	null	null	UNRESOLVED
ui_hero_showoff_209_idle	ui_character_show_off	0	null	null	UNRESOLVED
ui_hero_showoff_210	ui_character_show_off	0	null	null	UNRESOLVED
ui_hero_showoff_211	ui_character_show_off	0	null	null	UNRESOLVED
ui_hero_showoff_212	ui_character_show_off	0	null	null	UNRESOLVED
ui_hero_showoff_213	ui_character_show_off	0	null	null	UNRESOLVED
ui_hero_showoff_214	ui_character_show_off	0	null	null	UNRESOLVED
ui_hero_showoff_215	ui_character_show_off	0	null	null	UNRESOLVED
ui_hero_showoff_216	ui_character_show_off	0	null	null	UNRESOLVED
ui_hero_showoff_217	ui_character_show_off	0	null	null	UNRESOLVED
ui_hero_showoff_218	ui_character_show_off	0	null	null	UNRESOLVED
ui_hero_showoff_219	ui_character_show_off	0	null	null	UNRESOLVED
ui_hero_showoff_220	ui_character_show_off	0	null	null	UNRESOLVED
ui_hero_showoff_221	ui_character_show_off	0	null	null	UNRESOLVED
ui_hero_showoff_222	ui_character_show_off	0	null	null	UNRESOLVED
ui_hero_showoff_223	ui_character_show_off	0	null	null	UNRESOLVED
ui_hero_showoff_224	ui_character_show_off	0	null	null	UNRESOLVED
ui_hero_showoff_225	ui_character_show_off	0	null	null	UNRESOLVED
ui_hero_showoff_226	ui_character_show_off	0	null	null	UNRESOLVED
ui_hero_showoff_227	ui_character_show_off	0	null	null	UNRESOLVED
ui_hero_showoff_228	ui_character_show_off	0	null	null	UNRESOLVED
ui_hero_showoff_229	ui_character_show_off	0	null	null	UNRESOLVED
ui_hero_showoff_230_idle	ui_character_show_off	0	null	null	UNRESOLVED
ui_hero_showoff_231_idle	ui_character_show_off	0	null	null	UNRESOLVED
ui_hero_showoff_232_idle	ui_character_show_off	0	null	null	UNRESOLVED
ui_hero_showoff_233_idle	ui_character_show_off	0	null	null	UNRESOLVED
ui_hero_showoff_234_idle	ui_character_show_off	0	null	null	UNRESOLVED
ui_hero_showoff_235_idle	ui_character_show_off	0	null	null	UNRESOLVED
ui_hero_showoff_236_idle	ui_character_show_off	0	null	null	UNRESOLVED
ui_hero_showoff_237_idle	ui_character_show_off	0	null	null	UNRESOLVED
ui_hero_showoff_238_idle	ui_character_show_off	0	null	null	UNRESOLVED
ui_hero_showoff_239_idle	ui_character_show_off	0	null	null	UNRESOLVED
ui_hero_showoff_240	ui_character_show_off	0	null	null	UNRESOLVED
ui_hero_showoff_241	ui_character_show_off	0	null	null	UNRESOLVED
ui_hero_showoff_242	ui_character_show_off	0	null	null	UNRESOLVED
ui_hero_showoff_243	ui_character_show_off	0	null	null	UNRESOLVED
ui_hero_showoff_244	ui_character_show_off	0	null	null	UNRESOLVED
ui_hero_showoff_245	ui_character_show_off	0	null	null	UNRESOLVED
ui_hero_showoff_246	ui_character_show_off	0	null	null	UNRESOLVED
ui_hero_showoff_247	ui_character_show_off	0	null	null	UNRESOLVED
ui_hero_showoff_248	ui_character_show_off	0	null	null	UNRESOLVED
ui_hero_showoff_249	ui_character_show_off	0	null	null	UNRESOLVED
ui_hero_showoff_250	ui_character_show_off	0	null	null	UNRESOLVED
ui_hero_showoff_251	ui_character_show_off	0	null	null	UNRESOLVED
ui_hero_showoff_252	ui_character_show_off	0	null	null	UNRESOLVED
ui_hero_showoff_253	ui_character_show_off	0	null	null	UNRESOLVED
ui_hero_showoff_254	ui_character_show_off	0	null	null	UNRESOLVED
ui_hero_showoff_255	ui_character_show_off	0	null	null	UNRESOLVED
ui_hero_showoff_256	ui_character_show_off	0	null	null	UNRESOLVED
ui_hero_showoff_257	ui_character_show_off	0	null	null	UNRESOLVED
ui_hero_showoff_258	ui_character_show_off	0	null	null	UNRESOLVED
ui_hero_showoff_259	ui_character_show_off	0	null	null	UNRESOLVED
ui_hero_showoff_270	ui_character_show_off	0	null	null	UNRESOLVED
ui_hero_showoff_270_idle	ui_character_show_off	0	null	null	UNRESOLVED
ui_hero_showoff_271	ui_character_show_off	0	null	null	UNRESOLVED
ui_hero_showoff_271_idle	ui_character_show_off	0	null	null	UNRESOLVED
ui_hero_showoff_272	ui_character_show_off	0	null	null	UNRESOLVED
ui_hero_showoff_272_idle	ui_character_show_off	0	null	null	UNRESOLVED
ui_hero_showoff_273	ui_character_show_off	0	null	null	UNRESOLVED
ui_hero_showoff_273_idle	ui_character_show_off	0	null	null	UNRESOLVED
ui_hero_showoff_274	ui_character_show_off	0	null	null	UNRESOLVED
ui_hero_showoff_274_idle	ui_character_show_off	0	null	null	UNRESOLVED
ui_hero_showoff_275	ui_character_show_off	0	null	null	UNRESOLVED
ui_hero_showoff_275_idle	ui_character_show_off	0	null	null	UNRESOLVED
ui_hero_showoff_276	ui_character_show_off	0	null	null	UNRESOLVED
ui_hero_showoff_276_idle	ui_character_show_off	0	null	null	UNRESOLVED
ui_hero_showoff_277	ui_character_show_off	0	null	null	UNRESOLVED
ui_hero_showoff_277_idle	ui_character_show_off	0	null	null	UNRESOLVED
ui_hero_showoff_278	ui_character_show_off	0	null	null	UNRESOLVED
ui_hero_showoff_278_idle	ui_character_show_off	0	null	null	UNRESOLVED
ui_hero_showoff_279	ui_character_show_off	0	null	null	UNRESOLVED
ui_hero_showoff_279_idle	ui_character_show_off	0	null	null	UNRESOLVED
ui_hero_showoff_280_idle	ui_character_show_off	0	null	null	UNRESOLVED
ui_hero_showoff_281_idle	ui_character_show_off	0	null	null	UNRESOLVED
ui_hero_showoff_282_idle	ui_character_show_off	0	null	null	UNRESOLVED
ui_hero_showoff_283_idle	ui_character_show_off	0	null	null	UNRESOLVED
ui_hero_showoff_284_idle	ui_character_show_off	0	null	null	UNRESOLVED
ui_hero_showoff_285_idle	ui_character_show_off	0	null	null	UNRESOLVED
ui_hero_showoff_286_idle	ui_character_show_off	0	null	null	UNRESOLVED
ui_hero_showoff_287_idle	ui_character_show_off	0	null	null	UNRESOLVED
ui_hero_showoff_288_idle	ui_character_show_off	0	null	null	UNRESOLVED
ui_hero_showoff_289_idle	ui_character_show_off	0	null	null	UNRESOLVED
ui_lobby_hero_101_idle	ui_lobby_hero_idle	0	null	null	UNRESOLVED
ui_lobby_hero_102_idle	ui_lobby_hero_idle	0	null	null	UNRESOLVED
ui_lobby_hero_103_idle	ui_lobby_hero_idle	0	null	null	UNRESOLVED
ui_lobby_hero_104_idle	ui_lobby_hero_idle	0	null	null	UNRESOLVED
ui_lobby_hero_105_idle	ui_lobby_hero_idle	0	null	null	UNRESOLVED
ui_lobby_hero_106_idle	ui_lobby_hero_idle	0	null	null	UNRESOLVED
ui_lobby_hero_107_idle	ui_lobby_hero_idle	0	null	null	UNRESOLVED
ui_lobby_hero_108_idle	ui_lobby_hero_idle	0	null	null	UNRESOLVED
ui_lobby_hero_109_idle	ui_lobby_hero_idle	0	null	null	UNRESOLVED
ui_lobby_hero_120_idle	ui_lobby_hero_idle	0	null	null	UNRESOLVED
ui_lobby_hero_120_pre	ui_lobby_hero_pre	0	null	null	UNRESOLVED
ui_lobby_hero_121_idle	ui_lobby_hero_idle	0	null	null	UNRESOLVED
ui_lobby_hero_121_pre	ui_lobby_hero_pre	0	null	null	UNRESOLVED
ui_lobby_hero_122_idle	ui_lobby_hero_idle	0	null	null	UNRESOLVED
ui_lobby_hero_122_pre	ui_lobby_hero_pre	0	null	null	UNRESOLVED
ui_lobby_hero_123_idle	ui_lobby_hero_idle	0	null	null	UNRESOLVED
ui_lobby_hero_123_pre	ui_lobby_hero_pre	0	null	null	UNRESOLVED
ui_lobby_hero_124_idle	ui_lobby_hero_idle	0	null	null	UNRESOLVED
ui_lobby_hero_124_pre	ui_lobby_hero_pre	0	null	null	UNRESOLVED
ui_lobby_hero_125_idle	ui_lobby_hero_idle	0	null	null	UNRESOLVED
ui_lobby_hero_125_pre	ui_lobby_hero_pre	0	null	null	UNRESOLVED
ui_lobby_hero_126_idle	ui_lobby_hero_idle	0	null	null	UNRESOLVED
ui_lobby_hero_126_pre	ui_lobby_hero_pre	0	null	null	UNRESOLVED
ui_lobby_hero_127_idle	ui_lobby_hero_idle	0	null	null	UNRESOLVED
ui_lobby_hero_127_pre	ui_lobby_hero_pre	0	null	null	UNRESOLVED
ui_lobby_hero_128_idle	ui_lobby_hero_idle	0	null	null	UNRESOLVED
ui_lobby_hero_128_pre	ui_lobby_hero_pre	0	null	null	UNRESOLVED
ui_lobby_hero_129_idle	ui_lobby_hero_idle	0	null	null	UNRESOLVED
ui_lobby_hero_129_pre	ui_lobby_hero_pre	0	null	null	UNRESOLVED
ui_lobby_hero_130	ui_lobby_hero	0	null	null	UNRESOLVED
ui_lobby_hero_130_pre	ui_lobby_hero_pre	0	null	null	UNRESOLVED
ui_lobby_hero_131	ui_lobby_hero	0	null	null	UNRESOLVED
ui_lobby_hero_132	ui_lobby_hero	0	null	null	UNRESOLVED
ui_lobby_hero_133	ui_lobby_hero	0	null	null	UNRESOLVED
ui_lobby_hero_134	ui_lobby_hero	0	null	null	UNRESOLVED
ui_lobby_hero_135	ui_lobby_hero	0	null	null	UNRESOLVED
ui_lobby_hero_136	ui_lobby_hero	0	null	null	UNRESOLVED
ui_lobby_hero_137	ui_lobby_hero	0	null	null	UNRESOLVED
ui_lobby_hero_138	ui_lobby_hero	0	null	null	UNRESOLVED
ui_lobby_hero_139	ui_lobby_hero	0	null	null	UNRESOLVED
ui_lobby_hero_140	ui_lobby_hero	0	null	null	UNRESOLVED
ui_lobby_hero_141	ui_lobby_hero	0	null	null	UNRESOLVED
ui_lobby_hero_142	ui_lobby_hero	0	null	null	UNRESOLVED
ui_lobby_hero_143	ui_lobby_hero	0	null	null	UNRESOLVED
ui_lobby_hero_144	ui_lobby_hero	0	null	null	UNRESOLVED
ui_lobby_hero_145	ui_lobby_hero	0	null	null	UNRESOLVED
ui_lobby_hero_146	ui_lobby_hero	0	null	null	UNRESOLVED
ui_lobby_hero_147	ui_lobby_hero	0	null	null	UNRESOLVED
ui_lobby_hero_148	ui_lobby_hero	0	null	null	UNRESOLVED
ui_lobby_hero_149	ui_lobby_hero	0	null	null	UNRESOLVED
ui_lobby_hero_150	ui_lobby_hero	0	null	null	UNRESOLVED
ui_lobby_show_101	ui_character_hero_main_hall	0	null	null	UNRESOLVED
ui_lobby_show_102	ui_character_hero_main_hall	0	null	null	UNRESOLVED
ui_lobby_show_103	ui_character_hero_main_hall	0	null	null	UNRESOLVED
ui_lobby_show_104	ui_character_hero_main_hall	0	null	null	UNRESOLVED
ui_lobby_show_105	ui_character_hero_main_hall	0	null	null	UNRESOLVED
ui_lobby_show_106	ui_character_hero_main_hall	0	null	null	UNRESOLVED
ui_lobby_show_107	ui_character_hero_main_hall	0	null	null	UNRESOLVED
ui_lobby_show_108	ui_character_hero_main_hall	0	null	null	UNRESOLVED
ui_lobby_show_109	ui_character_hero_main_hall	0	null	null	UNRESOLVED
ui_lobby_show_110	ui_character_hero_main_hall	0	null	null	UNRESOLVED
ui_lobby_show_110_idle	ui_character_hero_main_hall	0	null	null	UNRESOLVED
ui_lobby_show_111	ui_character_hero_main_hall	0	null	null	UNRESOLVED
ui_lobby_show_111_idle	ui_character_hero_main_hall	0	null	null	UNRESOLVED
ui_lobby_show_112	ui_character_hero_main_hall	0	null	null	UNRESOLVED
ui_lobby_show_112_idle	ui_character_hero_main_hall	0	null	null	UNRESOLVED
ui_lobby_show_113	ui_character_hero_main_hall	0	null	null	UNRESOLVED
ui_lobby_show_113_idle	ui_character_hero_main_hall	0	null	null	UNRESOLVED
ui_lobby_show_114	ui_character_hero_main_hall	0	null	null	UNRESOLVED
ui_lobby_show_114_idle	ui_character_hero_main_hall	0	null	null	UNRESOLVED
ui_lobby_show_115	ui_character_hero_main_hall	0	null	null	UNRESOLVED
ui_lobby_show_115_idle	ui_character_hero_main_hall	0	null	null	UNRESOLVED
ui_lobby_show_116	ui_character_hero_main_hall	0	null	null	UNRESOLVED
ui_lobby_show_116_idle	ui_character_hero_main_hall	0	null	null	UNRESOLVED
ui_lobby_show_117	ui_character_hero_main_hall	0	null	null	UNRESOLVED
ui_lobby_show_117_idle	ui_character_hero_main_hall	0	null	null	UNRESOLVED
ui_lobby_show_118	ui_character_hero_main_hall	0	null	null	UNRESOLVED
ui_lobby_show_118_idle	ui_character_hero_main_hall	0	null	null	UNRESOLVED
ui_lobby_show_119	ui_character_hero_main_hall	0	null	null	UNRESOLVED
ui_lobby_show_119_idle	ui_character_hero_main_hall	0	null	null	UNRESOLVED
ui_lobby_show_120_idle	ui_character_hero_main_hall	0	null	null	UNRESOLVED
ui_lobby_show_121_idle	ui_character_hero_main_hall	0	null	null	UNRESOLVED
ui_lobby_show_122_idle	ui_character_hero_main_hall	0	null	null	UNRESOLVED
ui_lobby_show_123_idle	ui_character_hero_main_hall	0	null	null	UNRESOLVED
ui_lobby_show_124_idle	ui_character_hero_main_hall	0	null	null	UNRESOLVED
ui_lobby_show_125_idle	ui_character_hero_main_hall	0	null	null	UNRESOLVED
ui_lobby_show_126_idle	ui_character_hero_main_hall	0	null	null	UNRESOLVED
ui_lobby_show_127_idle	ui_character_hero_main_hall	0	null	null	UNRESOLVED
ui_lobby_show_128_idle	ui_character_hero_main_hall	0	null	null	UNRESOLVED
ui_lobby_show_129_idle	ui_character_hero_main_hall	0	null	null	UNRESOLVED
ui_lobby_show_130	ui_character_hero_main_hall	0	null	null	UNRESOLVED
ui_lobby_show_130_idle	ui_character_hero_main_hall	0	null	null	UNRESOLVED
ui_lobby_show_131	ui_character_hero_main_hall	0	null	null	UNRESOLVED
ui_lobby_show_131_idle	ui_character_hero_main_hall	0	null	null	UNRESOLVED
ui_lobby_show_132	ui_character_hero_main_hall	0	null	null	UNRESOLVED
ui_lobby_show_132_idle	ui_character_hero_main_hall	0	null	null	UNRESOLVED
ui_lobby_show_133	ui_character_hero_main_hall	0	null	null	UNRESOLVED
ui_lobby_show_133_idle	ui_character_hero_main_hall	0	null	null	UNRESOLVED
ui_lobby_show_134	ui_character_hero_main_hall	0	null	null	UNRESOLVED
ui_lobby_show_134_idle	ui_character_hero_main_hall	0	null	null	UNRESOLVED
ui_lobby_show_135	ui_character_hero_main_hall	0	null	null	UNRESOLVED
ui_lobby_show_135_idle	ui_character_hero_main_hall	0	null	null	UNRESOLVED
ui_lobby_show_136	ui_character_hero_main_hall	0	null	null	UNRESOLVED
ui_lobby_show_136_idle	ui_character_hero_main_hall	0	null	null	UNRESOLVED
ui_lobby_show_137	ui_character_hero_main_hall	0	null	null	UNRESOLVED
ui_lobby_show_137_idle	ui_character_hero_main_hall	0	null	null	UNRESOLVED
ui_lobby_show_138	ui_character_hero_main_hall	0	null	null	UNRESOLVED
ui_lobby_show_138_idle	ui_character_hero_main_hall	0	null	null	UNRESOLVED
ui_lobby_show_139	ui_character_hero_main_hall	0	null	null	UNRESOLVED
ui_lobby_show_139_idle	ui_character_hero_main_hall	0	null	null	UNRESOLVED
ui_lobby_show_140_idle	ui_character_hero_main_hall	0	null	null	UNRESOLVED
ui_lobby_show_141_idle	ui_character_hero_main_hall	0	null	null	UNRESOLVED
ui_lobby_show_142_idle	ui_character_hero_main_hall	0	null	null	UNRESOLVED
ui_lobby_show_143_idle	ui_character_hero_main_hall	0	null	null	UNRESOLVED
ui_lobby_show_144_idle	ui_character_hero_main_hall	0	null	null	UNRESOLVED
ui_lobby_show_145_idle	ui_character_hero_main_hall	0	null	null	UNRESOLVED
ui_lobby_show_146_idle	ui_character_hero_main_hall	0	null	null	UNRESOLVED
ui_lobby_show_147_idle	ui_character_hero_main_hall	0	null	null	UNRESOLVED
ui_lobby_show_148_idle	ui_character_hero_main_hall	0	null	null	UNRESOLVED
ui_lobby_show_149_idle	ui_character_hero_main_hall	0	null	null	UNRESOLVED
ui_lobby_show_150_idle	ui_character_hero_main_hall	0	null	null	UNRESOLVED
ui_lobby_show_151_idle	ui_character_hero_main_hall	0	null	null	UNRESOLVED
ui_lobby_show_152_idle	ui_character_hero_main_hall	0	null	null	UNRESOLVED
ui_lobby_show_153_idle	ui_character_hero_main_hall	0	null	null	UNRESOLVED
ui_lobby_show_154_idle	ui_character_hero_main_hall	0	null	null	UNRESOLVED
ui_lobby_show_155_idle	ui_character_hero_main_hall	0	null	null	UNRESOLVED
ui_lobby_show_156_idle	ui_character_hero_main_hall	0	null	null	UNRESOLVED
ui_lobby_show_157_idle	ui_character_hero_main_hall	0	null	null	UNRESOLVED
ui_lobby_show_158_idle	ui_character_hero_main_hall	0	null	null	UNRESOLVED
ui_lobby_show_159_idle	ui_character_hero_main_hall	0	null	null	UNRESOLVED
ui_lobby_show_160	ui_character_hero_main_hall	0	null	null	UNRESOLVED
ui_lobby_show_160_idle	ui_character_hero_main_hall	0	null	null	UNRESOLVED
ui_lobby_show_161	ui_character_hero_main_hall	0	null	null	UNRESOLVED
ui_lobby_show_161_idle	ui_character_hero_main_hall	0	null	null	UNRESOLVED
ui_lobby_show_162	ui_character_hero_main_hall	0	null	null	UNRESOLVED
ui_lobby_show_162_idle	ui_character_hero_main_hall	0	null	null	UNRESOLVED
ui_lobby_show_163	ui_character_hero_main_hall	0	null	null	UNRESOLVED
ui_lobby_show_163_idle	ui_character_hero_main_hall	0	null	null	UNRESOLVED
ui_lobby_show_164	ui_character_hero_main_hall	0	null	null	UNRESOLVED
ui_lobby_show_164_idle	ui_character_hero_main_hall	0	null	null	UNRESOLVED
ui_lobby_show_165	ui_character_hero_main_hall	0	null	null	UNRESOLVED
ui_lobby_show_165_idle	ui_character_hero_main_hall	0	null	null	UNRESOLVED
ui_lobby_show_166	ui_character_hero_main_hall	0	null	null	UNRESOLVED
ui_lobby_show_166_idle	ui_character_hero_main_hall	0	null	null	UNRESOLVED
ui_lobby_show_167	ui_character_hero_main_hall	0	null	null	UNRESOLVED
ui_lobby_show_167_idle	ui_character_hero_main_hall	0	null	null	UNRESOLVED
ui_lobby_show_168	ui_character_hero_main_hall	0	null	null	UNRESOLVED
ui_lobby_show_168_idle	ui_character_hero_main_hall	0	null	null	UNRESOLVED
ui_lobby_show_169	ui_character_hero_main_hall	0	null	null	UNRESOLVED
ui_lobby_show_169_idle	ui_character_hero_main_hall	0	null	null	UNRESOLVED
ui_lobby_show_180	ui_character_hero_main_hall	0	null	null	UNRESOLVED
ui_lobby_show_181	ui_character_hero_main_hall	0	null	null	UNRESOLVED
ui_lobby_show_182	ui_character_hero_main_hall	0	null	null	UNRESOLVED
ui_lobby_show_183	ui_character_hero_main_hall	0	null	null	UNRESOLVED
ui_lobby_show_184	ui_character_hero_main_hall	0	null	null	UNRESOLVED
ui_lobby_show_185	ui_character_hero_main_hall	0	null	null	UNRESOLVED
ui_lobby_show_186	ui_character_hero_main_hall	0	null	null	UNRESOLVED
ui_lobby_show_187	ui_character_hero_main_hall	0	null	null	UNRESOLVED
ui_lobby_show_188	ui_character_hero_main_hall	0	null	null	UNRESOLVED
ui_lobby_show_189	ui_character_hero_main_hall	0	null	null	UNRESOLVED
ui_lobby_show_190_idle	ui_character_hero_main_hall	0	null	null	UNRESOLVED
ui_lobby_show_191_idle	ui_character_hero_main_hall	0	null	null	UNRESOLVED
ui_lobby_show_192_idle	ui_character_hero_main_hall	0	null	null	UNRESOLVED
ui_lobby_show_193_idle	ui_character_hero_main_hall	0	null	null	UNRESOLVED
ui_lobby_show_194_idle	ui_character_hero_main_hall	0	null	null	UNRESOLVED
ui_lobby_show_195_idle	ui_character_hero_main_hall	0	null	null	UNRESOLVED
ui_lobby_show_196_idle	ui_character_hero_main_hall	0	null	null	UNRESOLVED
ui_lobby_show_197_idle	ui_character_hero_main_hall	0	null	null	UNRESOLVED
ui_lobby_show_198_idle	ui_character_hero_main_hall	0	null	null	UNRESOLVED
ui_lobby_show_199_idle	ui_character_hero_main_hall	0	null	null	UNRESOLVED
ui_lobby_show_200	ui_character_hero_main_hall	0	null	null	UNRESOLVED
ui_lobby_show_201	ui_character_hero_main_hall	0	null	null	UNRESOLVED
ui_lobby_show_202	ui_character_hero_main_hall	0	null	null	UNRESOLVED
ui_lobby_show_203	ui_character_hero_main_hall	0	null	null	UNRESOLVED
ui_lobby_show_204	ui_character_hero_main_hall	0	null	null	UNRESOLVED
ui_lobby_show_205	ui_character_hero_main_hall	0	null	null	UNRESOLVED
ui_lobby_show_206	ui_character_hero_main_hall	0	null	null	UNRESOLVED
ui_lobby_show_207	ui_character_hero_main_hall	0	null	null	UNRESOLVED
ui_lobby_show_208	ui_character_hero_main_hall	0	null	null	UNRESOLVED
ui_lobby_show_209	ui_character_hero_main_hall	0	null	null	UNRESOLVED
ui_lobby_show_210	ui_character_hero_main_hall	0	null	null	UNRESOLVED
ui_lobby_show_210_idle	ui_character_hero_main_hall	0	null	null	UNRESOLVED
ui_lobby_show_211	ui_character_hero_main_hall	0	null	null	UNRESOLVED
ui_lobby_show_211_idle	ui_character_hero_main_hall	0	null	null	UNRESOLVED
ui_lobby_show_212	ui_character_hero_main_hall	0	null	null	UNRESOLVED
ui_lobby_show_212_idle	ui_character_hero_main_hall	0	null	null	UNRESOLVED
ui_lobby_show_213	ui_character_hero_main_hall	0	null	null	UNRESOLVED
ui_lobby_show_213_idle	ui_character_hero_main_hall	0	null	null	UNRESOLVED
ui_lobby_show_214	ui_character_hero_main_hall	0	null	null	UNRESOLVED
ui_lobby_show_214_idle	ui_character_hero_main_hall	0	null	null	UNRESOLVED
ui_lobby_show_215	ui_character_hero_main_hall	0	null	null	UNRESOLVED
ui_lobby_show_215_idle	ui_character_hero_main_hall	0	null	null	UNRESOLVED
ui_lobby_show_216	ui_character_hero_main_hall	0	null	null	UNRESOLVED
ui_lobby_show_216_idle	ui_character_hero_main_hall	0	null	null	UNRESOLVED
ui_lobby_show_217	ui_character_hero_main_hall	0	null	null	UNRESOLVED
ui_lobby_show_217_idle	ui_character_hero_main_hall	0	null	null	UNRESOLVED
ui_lobby_show_218	ui_character_hero_main_hall	0	null	null	UNRESOLVED
ui_lobby_show_218_idle	ui_character_hero_main_hall	0	null	null	UNRESOLVED
ui_lobby_show_219	ui_character_hero_main_hall	0	null	null	UNRESOLVED
ui_lobby_show_219_idle	ui_character_hero_main_hall	0	null	null	UNRESOLVED
ui_lobby_show_220_idle	ui_character_hero_main_hall	0	null	null	UNRESOLVED
ui_lobby_show_221_idle	ui_character_hero_main_hall	0	null	null	UNRESOLVED
ui_lobby_show_222_idle	ui_character_hero_main_hall	0	null	null	UNRESOLVED
ui_lobby_show_223_idle	ui_character_hero_main_hall	0	null	null	UNRESOLVED
ui_lobby_show_224_idle	ui_character_hero_main_hall	0	null	null	UNRESOLVED
ui_lobby_show_225_idle	ui_character_hero_main_hall	0	null	null	UNRESOLVED
ui_lobby_show_226_idle	ui_character_hero_main_hall	0	null	null	UNRESOLVED
ui_lobby_show_227_idle	ui_character_hero_main_hall	0	null	null	UNRESOLVED
ui_lobby_show_228_idle	ui_character_hero_main_hall	0	null	null	UNRESOLVED
ui_lobby_show_229_idle	ui_character_hero_main_hall	0	null	null	UNRESOLVED
ui_lobby_show_230	ui_character_hero_main_hall	0	null	null	UNRESOLVED
ui_lobby_show_230_idle	ui_character_hero_main_hall	0	null	null	UNRESOLVED
ui_lobby_show_231	ui_character_hero_main_hall	0	null	null	UNRESOLVED
ui_lobby_show_231_idle	ui_character_hero_main_hall	0	null	null	UNRESOLVED
ui_lobby_show_232	ui_character_hero_main_hall	0	null	null	UNRESOLVED
ui_lobby_show_232_idle	ui_character_hero_main_hall	0	null	null	UNRESOLVED
ui_lobby_show_233	ui_character_hero_main_hall	0	null	null	UNRESOLVED
ui_lobby_show_233_idle	ui_character_hero_main_hall	0	null	null	UNRESOLVED
ui_lobby_show_234	ui_character_hero_main_hall	0	null	null	UNRESOLVED
ui_lobby_show_234_idle	ui_character_hero_main_hall	0	null	null	UNRESOLVED
ui_lobby_show_235	ui_character_hero_main_hall	0	null	null	UNRESOLVED
ui_lobby_show_235_idle	ui_character_hero_main_hall	0	null	null	UNRESOLVED
ui_lobby_show_236	ui_character_hero_main_hall	0	null	null	UNRESOLVED
ui_lobby_show_236_idle	ui_character_hero_main_hall	0	null	null	UNRESOLVED
ui_lobby_show_237	ui_character_hero_main_hall	0	null	null	UNRESOLVED
ui_lobby_show_237_idle	ui_character_hero_main_hall	0	null	null	UNRESOLVED
ui_lobby_show_238	ui_character_hero_main_hall	0	null	null	UNRESOLVED
ui_lobby_show_238_idle	ui_character_hero_main_hall	0	null	null	UNRESOLVED
ui_lobby_show_239	ui_character_hero_main_hall	0	null	null	UNRESOLVED
ui_lobby_show_239_idle	ui_character_hero_main_hall	0	null	null	UNRESOLVED
ui_lobby_show_240_idle	ui_character_hero_main_hall	0	null	null	UNRESOLVED
ui_lobby_show_241_idle	ui_character_hero_main_hall	0	null	null	UNRESOLVED
ui_lobby_show_242_idle	ui_character_hero_main_hall	0	null	null	UNRESOLVED
ui_lobby_show_243_idle	ui_character_hero_main_hall	0	null	null	UNRESOLVED
ui_lobby_show_244_idle	ui_character_hero_main_hall	0	null	null	UNRESOLVED
ui_lobby_show_245_idle	ui_character_hero_main_hall	0	null	null	UNRESOLVED
ui_lobby_show_246_idle	ui_character_hero_main_hall	0	null	null	UNRESOLVED
ui_lobby_show_247_idle	ui_character_hero_main_hall	0	null	null	UNRESOLVED
ui_lobby_show_248_idle	ui_character_hero_main_hall	0	null	null	UNRESOLVED
ui_lobby_show_249_idle	ui_character_hero_main_hall	0	null	null	UNRESOLVED
ui_lobby_show_250_idle	ui_character_hero_main_hall	0	null	null	UNRESOLVED
ui_lobby_show_251_idle	ui_character_hero_main_hall	0	null	null	UNRESOLVED
ui_lobby_show_252_idle	ui_character_hero_main_hall	0	null	null	UNRESOLVED
ui_lobby_show_253_idle	ui_character_hero_main_hall	0	null	null	UNRESOLVED
ui_lobby_show_254_idle	ui_character_hero_main_hall	0	null	null	UNRESOLVED
ui_lobby_show_255_idle	ui_character_hero_main_hall	0	null	null	UNRESOLVED
ui_lobby_show_256_idle	ui_character_hero_main_hall	0	null	null	UNRESOLVED
ui_lobby_show_257_idle	ui_character_hero_main_hall	0	null	null	UNRESOLVED
ui_lobby_show_258_idle	ui_character_hero_main_hall	0	null	null	UNRESOLVED
ui_lobby_show_259_idle	ui_character_hero_main_hall	0	null	null	UNRESOLVED
ui_lobby_show_260	ui_character_hero_main_hall	0	null	null	UNRESOLVED
ui_lobby_show_260_idle	ui_character_hero_main_hall	0	null	null	UNRESOLVED
ui_lobby_show_261	ui_character_hero_main_hall	0	null	null	UNRESOLVED
ui_lobby_show_261_idle	ui_character_hero_main_hall	0	null	null	UNRESOLVED
ui_lobby_show_262	ui_character_hero_main_hall	0	null	null	UNRESOLVED
ui_lobby_show_262_idle	ui_character_hero_main_hall	0	null	null	UNRESOLVED
ui_lobby_show_263	ui_character_hero_main_hall	0	null	null	UNRESOLVED
ui_lobby_show_263_idle	ui_character_hero_main_hall	0	null	null	UNRESOLVED
ui_lobby_show_264	ui_character_hero_main_hall	0	null	null	UNRESOLVED
ui_lobby_show_264_idle	ui_character_hero_main_hall	0	null	null	UNRESOLVED
ui_lobby_show_265	ui_character_hero_main_hall	0	null	null	UNRESOLVED
ui_lobby_show_265_idle	ui_character_hero_main_hall	0	null	null	UNRESOLVED
ui_lobby_show_266	ui_character_hero_main_hall	0	null	null	UNRESOLVED
ui_lobby_show_266_idle	ui_character_hero_main_hall	0	null	null	UNRESOLVED
ui_lobby_show_267	ui_character_hero_main_hall	0	null	null	UNRESOLVED
ui_lobby_show_267_idle	ui_character_hero_main_hall	0	null	null	UNRESOLVED
ui_lobby_show_268	ui_character_hero_main_hall	0	null	null	UNRESOLVED
ui_lobby_show_268_idle	ui_character_hero_main_hall	0	null	null	UNRESOLVED
ui_lobby_show_269	ui_character_hero_main_hall	0	null	null	UNRESOLVED
ui_lobby_show_269_idle	ui_character_hero_main_hall	0	null	null	UNRESOLVED
ui_lobby_show_280	ui_character_hero_main_hall	0	null	null	UNRESOLVED
ui_lobby_show_281	ui_character_hero_main_hall	0	null	null	UNRESOLVED
ui_lobby_show_282	ui_character_hero_main_hall	0	null	null	UNRESOLVED
ui_lobby_show_283	ui_character_hero_main_hall	0	null	null	UNRESOLVED
ui_lobby_show_284	ui_character_hero_main_hall	0	null	null	UNRESOLVED
ui_lobby_show_285	ui_character_hero_main_hall	0	null	null	UNRESOLVED
ui_lobby_show_286	ui_character_hero_main_hall	0	null	null	UNRESOLVED
ui_lobby_show_287	ui_character_hero_main_hall	0	null	null	UNRESOLVED
ui_lobby_show_288	ui_character_hero_main_hall	0	null	null	UNRESOLVED
ui_lobby_show_289	ui_character_hero_main_hall	0	null	null	UNRESOLVED
ui_lobby_show_290_idle	ui_character_hero_main_hall	0	null	null	UNRESOLVED
ui_lobby_show_291_idle	ui_character_hero_main_hall	0	null	null	UNRESOLVED
ui_lobby_show_292_idle	ui_character_hero_main_hall	0	null	null	UNRESOLVED
ui_lobby_show_293_idle	ui_character_hero_main_hall	0	null	null	UNRESOLVED
ui_lobby_show_294_idle	ui_character_hero_main_hall	0	null	null	UNRESOLVED
ui_lobby_show_295_idle	ui_character_hero_main_hall	0	null	null	UNRESOLVED
ui_lobby_show_296_idle	ui_character_hero_main_hall	0	null	null	UNRESOLVED
ui_lobby_show_297_idle	ui_character_hero_main_hall	0	null	null	UNRESOLVED
ui_lobby_show_298_idle	ui_character_hero_main_hall	0	null	null	UNRESOLVED
ui_lobby_show_299_idle	ui_character_hero_main_hall	0	null	null	UNRESOLVED
ui_lobby_show_300	ui_character_hero_main_hall	0	null	null	UNRESOLVED
ui_motion_emote_100_pre	ui_character_emote	0	null	null	UNRESOLVED
ui_motion_emote_101_pre	ui_character_emote	0	null	null	UNRESOLVED
ui_motion_emote_102_pre	ui_character_emote	0	null	null	UNRESOLVED
ui_motion_emote_103_pre	ui_character_emote	0	null	null	UNRESOLVED
ui_motion_emote_104_pre	ui_character_emote	0	null	null	UNRESOLVED
ui_motion_emote_105_pre	ui_character_emote	0	null	null	UNRESOLVED
ui_motion_emote_106_pre	ui_character_emote	0	null	null	UNRESOLVED
ui_motion_emote_107_pre	ui_character_emote	0	null	null	UNRESOLVED
ui_motion_emote_108_pre	ui_character_emote	0	null	null	UNRESOLVED
ui_motion_emote_109_pre	ui_character_emote	0	null	null	UNRESOLVED
ui_motion_emote_110_loop	ui_character_emote	0	null	null	UNRESOLVED
ui_motion_emote_110_pre	ui_character_emote	0	null	null	UNRESOLVED
ui_motion_emote_111_loop	ui_character_emote	0	null	null	UNRESOLVED
ui_motion_emote_111_pre	ui_character_emote	0	null	null	UNRESOLVED
ui_motion_emote_112_loop	ui_character_emote	0	null	null	UNRESOLVED
ui_motion_emote_112_pre	ui_character_emote	0	null	null	UNRESOLVED
ui_motion_emote_113_loop	ui_character_emote	0	null	null	UNRESOLVED
ui_motion_emote_113_pre	ui_character_emote	0	null	null	UNRESOLVED
ui_motion_emote_114_loop	ui_character_emote	0	null	null	UNRESOLVED
ui_motion_emote_114_pre	ui_character_emote	0	null	null	UNRESOLVED
ui_motion_emote_115_loop	ui_character_emote	0	null	null	UNRESOLVED
ui_motion_emote_115_pre	ui_character_emote	0	null	null	UNRESOLVED
ui_motion_emote_116_loop	ui_character_emote	0	null	null	UNRESOLVED
ui_motion_emote_116_pre	ui_character_emote	0	null	null	UNRESOLVED
ui_motion_emote_117_loop	ui_character_emote	0	null	null	UNRESOLVED
ui_motion_emote_117_pre	ui_character_emote	0	null	null	UNRESOLVED
ui_motion_emote_118_loop	ui_character_emote	0	null	null	UNRESOLVED
ui_motion_emote_118_pre	ui_character_emote	0	null	null	UNRESOLVED
ui_motion_emote_119_loop	ui_character_emote	0	null	null	UNRESOLVED
ui_motion_emote_119_pre	ui_character_emote	0	null	null	UNRESOLVED
ui_motion_emote_120_loop	ui_character_emote	0	null	null	UNRESOLVED
ui_motion_emote_121_loop	ui_character_emote	0	null	null	UNRESOLVED
ui_motion_emote_122_loop	ui_character_emote	0	null	null	UNRESOLVED
ui_motion_emote_123_loop	ui_character_emote	0	null	null	UNRESOLVED
ui_motion_emote_124_loop	ui_character_emote	0	null	null	UNRESOLVED
ui_motion_emote_125_loop	ui_character_emote	0	null	null	UNRESOLVED
ui_motion_emote_126_loop	ui_character_emote	0	null	null	UNRESOLVED
ui_motion_emote_127_loop	ui_character_emote	0	null	null	UNRESOLVED
ui_motion_emote_128_loop	ui_character_emote	0	null	null	UNRESOLVED
ui_motion_emote_129_loop	ui_character_emote	0	null	null	UNRESOLVED
ui_multiplayer_emote_100_01_loop	ui_character_emote	0	null	null	UNRESOLVED
ui_multiplayer_emote_100_01_pre	ui_character_emote	0	null	null	UNRESOLVED
ui_multiplayer_emote_100_01_recover	ui_character_emote	0	null	null	UNRESOLVED
ui_multiplayer_emote_100_02_loop	ui_character_emote	0	null	null	UNRESOLVED
ui_multiplayer_emote_100_02_pre	ui_character_emote	0	null	null	UNRESOLVED
ui_multiplayer_emote_100_02_recover	ui_character_emote	0	null	null	UNRESOLVED
ui_multiplayer_emote_101_01_loop	ui_character_emote	0	null	null	UNRESOLVED
ui_multiplayer_emote_101_01_once	ui_character_emote	0	null	null	UNRESOLVED
ui_multiplayer_emote_101_01_recover	ui_character_emote	0	null	null	UNRESOLVED
ui_multiplayer_emote_101_02_loop	ui_character_emote	0	null	null	UNRESOLVED
ui_multiplayer_emote_101_02_once	ui_character_emote	0	null	null	UNRESOLVED
ui_multiplayer_emote_101_02_recover	ui_character_emote	0	null	null	UNRESOLVED
ui_multiplayer_emote_102_01_recover	ui_character_emote	0	null	null	UNRESOLVED
ui_multiplayer_emote_102_02_recover	ui_character_emote	0	null	null	UNRESOLVED
ui_multiplayer_emote_103_01_loop	ui_character_emote	0	null	null	UNRESOLVED
ui_multiplayer_emote_103_01_once	ui_character_emote	0	null	null	UNRESOLVED
ui_multiplayer_emote_103_01_pre	ui_character_emote	0	null	null	UNRESOLVED
ui_multiplayer_emote_103_02_loop	ui_character_emote	0	null	null	UNRESOLVED
ui_multiplayer_emote_103_02_once	ui_character_emote	0	null	null	UNRESOLVED
ui_multiplayer_emote_103_02_pre	ui_character_emote	0	null	null	UNRESOLVED
ui_multiplayer_emote_104_01_loop	ui_character_emote	0	null	null	UNRESOLVED
ui_multiplayer_emote_104_01_once	ui_character_emote	0	null	null	UNRESOLVED
ui_multiplayer_emote_104_01_pre	ui_character_emote	0	null	null	UNRESOLVED
ui_multiplayer_emote_104_02_loop	ui_character_emote	0	null	null	UNRESOLVED
ui_multiplayer_emote_104_02_once	ui_character_emote	0	null	null	UNRESOLVED
ui_multiplayer_emote_104_02_pre	ui_character_emote	0	null	null	UNRESOLVED
ui_multiplayer_emote_106_01_loop	ui_character_emote	0	null	null	UNRESOLVED
ui_multiplayer_emote_106_01_pre	ui_character_emote	0	null	null	UNRESOLVED
ui_multiplayer_emote_106_02_loop	ui_character_emote	0	null	null	UNRESOLVED
ui_multiplayer_emote_106_02_pre	ui_character_emote	0	null	null	UNRESOLVED
ui_multiplayer_emote_107_01_loop	ui_character_emote	0	null	null	UNRESOLVED
ui_multiplayer_emote_107_01_once	ui_character_emote	0	null	null	UNRESOLVED
ui_multiplayer_emote_107_01_recover	ui_character_emote	0	null	null	UNRESOLVED
ui_multiplayer_emote_107_02_loop	ui_character_emote	0	null	null	UNRESOLVED
ui_multiplayer_emote_107_02_once	ui_character_emote	0	null	null	UNRESOLVED
ui_multiplayer_emote_107_02_recover	ui_character_emote	0	null	null	UNRESOLVED
ui_multiplayer_emote_108_01_once	ui_character_emote	0	null	null	UNRESOLVED
ui_multiplayer_emote_108_02_once	ui_character_emote	0	null	null	UNRESOLVED
ui_multiplayer_emote_109_01_pre	ui_character_emote	0	null	null	UNRESOLVED
ui_multiplayer_emote_109_01_recover	ui_character_emote	0	null	null	UNRESOLVED
ui_multiplayer_emote_109_02_pre	ui_character_emote	0	null	null	UNRESOLVED
ui_multiplayer_emote_109_02_recover	ui_character_emote	0	null	null	UNRESOLVED
ui_multiplayer_emote_110_01_loop	ui_character_emote	0	null	null	UNRESOLVED
ui_multiplayer_emote_110_01_pre	ui_character_emote	0	null	null	UNRESOLVED
ui_multiplayer_emote_110_01_recover	ui_character_emote	0	null	null	UNRESOLVED
ui_multiplayer_emote_110_02_loop	ui_character_emote	0	null	null	UNRESOLVED
ui_multiplayer_emote_110_02_pre	ui_character_emote	0	null	null	UNRESOLVED
ui_multiplayer_emote_110_02_recover	ui_character_emote	0	null	null	UNRESOLVED
ui_multiplayer_emote_111_01_loop	ui_character_emote	0	null	null	UNRESOLVED
ui_multiplayer_emote_111_01_once	ui_character_emote	0	null	null	UNRESOLVED
ui_multiplayer_emote_111_02_loop	ui_character_emote	0	null	null	UNRESOLVED
ui_multiplayer_emote_111_02_once	ui_character_emote	0	null	null	UNRESOLVED
ui_multiplayer_emote_113_01_loop	ui_character_emote	0	null	null	UNRESOLVED
ui_multiplayer_emote_113_01_once	ui_character_emote	0	null	null	UNRESOLVED
ui_multiplayer_emote_113_01_pre	ui_character_emote	0	null	null	UNRESOLVED
ui_multiplayer_emote_113_02_loop	ui_character_emote	0	null	null	UNRESOLVED
ui_multiplayer_emote_113_02_once	ui_character_emote	0	null	null	UNRESOLVED
ui_multiplayer_emote_113_02_pre	ui_character_emote	0	null	null	UNRESOLVED
ui_multiplayer_emote_114_01_loop	ui_character_emote	0	null	null	UNRESOLVED
ui_multiplayer_emote_114_01_once	ui_character_emote	0	null	null	UNRESOLVED
ui_multiplayer_emote_114_01_pre	ui_character_emote	0	null	null	UNRESOLVED
ui_multiplayer_emote_114_02_loop	ui_character_emote	0	null	null	UNRESOLVED
ui_multiplayer_emote_114_02_once	ui_character_emote	0	null	null	UNRESOLVED
ui_multiplayer_emote_114_02_pre	ui_character_emote	0	null	null	UNRESOLVED
ui_multiplayer_emote_116_01_loop	ui_character_emote	0	null	null	UNRESOLVED
ui_multiplayer_emote_116_01_pre	ui_character_emote	0	null	null	UNRESOLVED
ui_multiplayer_emote_116_01_recover	ui_character_emote	0	null	null	UNRESOLVED
ui_multiplayer_emote_116_02_loop	ui_character_emote	0	null	null	UNRESOLVED
ui_multiplayer_emote_116_02_pre	ui_character_emote	0	null	null	UNRESOLVED
ui_multiplayer_emote_116_02_recover	ui_character_emote	0	null	null	UNRESOLVED
ui_multiplayer_emote_117_01_loop	ui_character_emote	0	null	null	UNRESOLVED
ui_multiplayer_emote_117_01_once	ui_character_emote	0	null	null	UNRESOLVED
ui_multiplayer_emote_117_01_recover	ui_character_emote	0	null	null	UNRESOLVED
ui_multiplayer_emote_117_02_loop	ui_character_emote	0	null	null	UNRESOLVED
ui_multiplayer_emote_117_02_once	ui_character_emote	0	null	null	UNRESOLVED
ui_multiplayer_emote_117_02_recover	ui_character_emote	0	null	null	UNRESOLVED
ui_multiplayer_emote_118_01_once	ui_character_emote	0	null	null	UNRESOLVED
ui_multiplayer_emote_118_01_recover	ui_character_emote	0	null	null	UNRESOLVED
ui_multiplayer_emote_118_02_once	ui_character_emote	0	null	null	UNRESOLVED
ui_multiplayer_emote_118_02_recover	ui_character_emote	0	null	null	UNRESOLVED
ui_multiplayer_emote_119_01_pre	ui_character_emote	0	null	null	UNRESOLVED
ui_multiplayer_emote_119_01_recover	ui_character_emote	0	null	null	UNRESOLVED
ui_multiplayer_emote_119_02_pre	ui_character_emote	0	null	null	UNRESOLVED
ui_multiplayer_emote_119_02_recover	ui_character_emote	0	null	null	UNRESOLVED
ui_multiplayer_emote_120_01_loop	ui_character_emote	0	null	null	UNRESOLVED
ui_multiplayer_emote_120_01_pre	ui_character_emote	0	null	null	UNRESOLVED
ui_multiplayer_emote_120_02_loop	ui_character_emote	0	null	null	UNRESOLVED
ui_multiplayer_emote_120_02_pre	ui_character_emote	0	null	null	UNRESOLVED
ui_multiplayer_emote_121_01_loop	ui_character_emote	0	null	null	UNRESOLVED
ui_multiplayer_emote_121_01_once	ui_character_emote	0	null	null	UNRESOLVED
ui_multiplayer_emote_121_02_loop	ui_character_emote	0	null	null	UNRESOLVED
ui_multiplayer_emote_121_02_once	ui_character_emote	0	null	null	UNRESOLVED
ui_multiplayer_emote_123_01_loop	ui_character_emote	0	null	null	UNRESOLVED
ui_multiplayer_emote_123_01_once	ui_character_emote	0	null	null	UNRESOLVED
ui_multiplayer_emote_123_01_pre	ui_character_emote	0	null	null	UNRESOLVED
ui_multiplayer_emote_123_02_loop	ui_character_emote	0	null	null	UNRESOLVED
ui_multiplayer_emote_123_02_once	ui_character_emote	0	null	null	UNRESOLVED
ui_multiplayer_emote_123_02_pre	ui_character_emote	0	null	null	UNRESOLVED
ui_multiplayer_emote_124_01_loop	ui_character_emote	0	null	null	UNRESOLVED
ui_multiplayer_emote_124_01_once	ui_character_emote	0	null	null	UNRESOLVED
ui_multiplayer_emote_124_01_pre	ui_character_emote	0	null	null	UNRESOLVED
ui_multiplayer_emote_124_01_recover	ui_character_emote	0	null	null	UNRESOLVED
ui_multiplayer_emote_124_02_loop	ui_character_emote	0	null	null	UNRESOLVED
ui_multiplayer_emote_124_02_once	ui_character_emote	0	null	null	UNRESOLVED
ui_multiplayer_emote_124_02_pre	ui_character_emote	0	null	null	UNRESOLVED
ui_multiplayer_emote_124_02_recover	ui_character_emote	0	null	null	UNRESOLVED
ui_multiplayer_emote_125_01_recover	ui_character_emote	0	null	null	UNRESOLVED
ui_multiplayer_emote_125_02_recover	ui_character_emote	0	null	null	UNRESOLVED
ui_multiplayer_emote_126_01_loop	ui_character_emote	0	null	null	UNRESOLVED
ui_multiplayer_emote_126_01_pre	ui_character_emote	0	null	null	UNRESOLVED
ui_multiplayer_emote_126_01_recover	ui_character_emote	0	null	null	UNRESOLVED
ui_multiplayer_emote_126_02_loop	ui_character_emote	0	null	null	UNRESOLVED
ui_multiplayer_emote_126_02_pre	ui_character_emote	0	null	null	UNRESOLVED
ui_multiplayer_emote_126_02_recover	ui_character_emote	0	null	null	UNRESOLVED
ui_multiplayer_emote_127_01_loop	ui_character_emote	0	null	null	UNRESOLVED
ui_multiplayer_emote_127_01_once	ui_character_emote	0	null	null	UNRESOLVED
ui_multiplayer_emote_127_01_recover	ui_character_emote	0	null	null	UNRESOLVED
ui_multiplayer_emote_127_02_loop	ui_character_emote	0	null	null	UNRESOLVED
ui_multiplayer_emote_127_02_once	ui_character_emote	0	null	null	UNRESOLVED
ui_multiplayer_emote_127_02_recover	ui_character_emote	0	null	null	UNRESOLVED
ui_multiplayer_emote_128_01_once	ui_character_emote	0	null	null	UNRESOLVED
ui_multiplayer_emote_128_01_recover	ui_character_emote	0	null	null	UNRESOLVED
ui_multiplayer_emote_128_02_once	ui_character_emote	0	null	null	UNRESOLVED
ui_multiplayer_emote_128_02_recover	ui_character_emote	0	null	null	UNRESOLVED
ui_multiplayer_emote_129_01_pre	ui_character_emote	0	null	null	UNRESOLVED
ui_multiplayer_emote_129_01_recover	ui_character_emote	0	null	null	UNRESOLVED
ui_multiplayer_emote_129_02_pre	ui_character_emote	0	null	null	UNRESOLVED
ui_multiplayer_emote_129_02_recover	ui_character_emote	0	null	null	UNRESOLVED
ui_pve_switch_hero_101_idle	ui_pve_hero_switch	0	null	null	UNRESOLVED
ui_pve_switch_hero_102	ui_pve_hero_switch	0	null	null	UNRESOLVED
ui_pve_switch_hero_102_idle	ui_pve_hero_switch	0	null	null	UNRESOLVED
ui_pve_switch_hero_103_idle	ui_pve_hero_switch	0	null	null	UNRESOLVED
ui_pve_switch_hero_104	ui_pve_hero_switch	0	null	null	UNRESOLVED
ui_pve_switch_hero_104_idle	ui_pve_hero_switch	0	null	null	UNRESOLVED
ui_pve_switch_hero_105	ui_pve_hero_switch	0	null	null	UNRESOLVED
ui_pve_switch_hero_105_idle	ui_pve_hero_switch	0	null	null	UNRESOLVED
ui_pve_switch_hero_107	ui_pve_hero_switch	0	null	null	UNRESOLVED
ui_pve_switch_hero_107_idle	ui_pve_hero_switch	0	null	null	UNRESOLVED
ui_pve_switch_hero_108	ui_pve_hero_switch	0	null	null	UNRESOLVED
ui_pve_switch_hero_109_idle	ui_pve_hero_switch	0	null	null	UNRESOLVED
ui_pve_switch_hero_111_idle	ui_pve_hero_switch	0	null	null	UNRESOLVED
ui_pve_switch_hero_112	ui_pve_hero_switch	0	null	null	UNRESOLVED
ui_pve_switch_hero_112_idle	ui_pve_hero_switch	0	null	null	UNRESOLVED
ui_pve_switch_hero_113_idle	ui_pve_hero_switch	0	null	null	UNRESOLVED
ui_pve_switch_hero_114	ui_pve_hero_switch	0	null	null	UNRESOLVED
ui_pve_switch_hero_114_idle	ui_pve_hero_switch	0	null	null	UNRESOLVED
ui_pve_switch_hero_115	ui_pve_hero_switch	0	null	null	UNRESOLVED
ui_pve_switch_hero_115_idle	ui_pve_hero_switch	0	null	null	UNRESOLVED
ui_pve_switch_hero_117	ui_pve_hero_switch	0	null	null	UNRESOLVED
ui_pve_switch_hero_117_idle	ui_pve_hero_switch	0	null	null	UNRESOLVED
ui_pve_switch_hero_118	ui_pve_hero_switch	0	null	null	UNRESOLVED
ui_pve_switch_hero_119_idle	ui_pve_hero_switch	0	null	null	UNRESOLVED
ui_pve_switch_hero_121_idle	ui_pve_hero_switch	0	null	null	UNRESOLVED
ui_pve_switch_hero_122	ui_pve_hero_switch	0	null	null	UNRESOLVED
ui_pve_switch_hero_122_idle	ui_pve_hero_switch	0	null	null	UNRESOLVED
ui_pve_switch_hero_123_idle	ui_pve_hero_switch	0	null	null	UNRESOLVED
ui_pve_switch_hero_124	ui_pve_hero_switch	0	null	null	UNRESOLVED
ui_pve_switch_hero_124_idle	ui_pve_hero_switch	0	null	null	UNRESOLVED
ui_pve_switch_hero_125	ui_pve_hero_switch	0	null	null	UNRESOLVED
ui_pve_switch_hero_125_idle	ui_pve_hero_switch	0	null	null	UNRESOLVED
ui_pve_switch_hero_127	ui_pve_hero_switch	0	null	null	UNRESOLVED
ui_pve_switch_hero_127_idle	ui_pve_hero_switch	0	null	null	UNRESOLVED
ui_pve_switch_hero_128	ui_pve_hero_switch	0	null	null	UNRESOLVED
ui_pve_switch_hero_129_idle	ui_pve_hero_switch	0	null	null	UNRESOLVED
ui_pve_weapon_hero_101	ui_pve_weapon_hero	0	null	null	UNRESOLVED
ui_pve_weapon_hero_101_idle	ui_pve_weapon_hero_idle	0	null	null	UNRESOLVED
ui_pve_weapon_hero_101_pre	ui_pve_weapon_hero_pre	0	null	null	UNRESOLVED
ui_pve_weapon_hero_102_pre	ui_pve_weapon_hero_pre	0	null	null	UNRESOLVED
ui_pve_weapon_hero_103_idle	ui_pve_weapon_hero_idle	0	null	null	UNRESOLVED
ui_pve_weapon_hero_103_pre	ui_pve_weapon_hero_pre	0	null	null	UNRESOLVED
ui_pve_weapon_hero_104	ui_pve_weapon_hero	0	null	null	UNRESOLVED
ui_pve_weapon_hero_104_pre	ui_pve_weapon_hero_pre	0	null	null	UNRESOLVED
ui_pve_weapon_hero_105_pre	ui_pve_weapon_hero_pre	0	null	null	UNRESOLVED
ui_pve_weapon_hero_106	ui_pve_weapon_hero	0	null	null	UNRESOLVED
ui_pve_weapon_hero_106_idle	ui_pve_weapon_hero_idle	0	null	null	UNRESOLVED
ui_pve_weapon_hero_107	ui_pve_weapon_hero	0	null	null	UNRESOLVED
ui_pve_weapon_hero_108_idle	ui_pve_weapon_hero_idle	0	null	null	UNRESOLVED
ui_pve_weapon_hero_108_pre	ui_pve_weapon_hero_pre	0	null	null	UNRESOLVED
ui_pve_weapon_hero_109	ui_pve_weapon_hero	0	null	null	UNRESOLVED
ui_pve_weapon_hero_109_idle	ui_pve_weapon_hero_idle	0	null	null	UNRESOLVED
ui_pve_weapon_hero_109_pre	ui_pve_weapon_hero_pre	0	null	null	UNRESOLVED
ui_pve_weapon_hero_110_idle	ui_pve_weapon_hero_idle	0	null	null	UNRESOLVED
ui_pve_weapon_hero_111	ui_pve_weapon_hero	0	null	null	UNRESOLVED
ui_pve_weapon_hero_111_idle	ui_pve_weapon_hero_idle	0	null	null	UNRESOLVED
ui_pve_weapon_hero_111_pre	ui_pve_weapon_hero_pre	0	null	null	UNRESOLVED
ui_pve_weapon_hero_112_pre	ui_pve_weapon_hero_pre	0	null	null	UNRESOLVED
ui_pve_weapon_hero_113_idle	ui_pve_weapon_hero_idle	0	null	null	UNRESOLVED
ui_pve_weapon_hero_113_pre	ui_pve_weapon_hero_pre	0	null	null	UNRESOLVED
ui_pve_weapon_hero_114	ui_pve_weapon_hero	0	null	null	UNRESOLVED
ui_pve_weapon_hero_114_pre	ui_pve_weapon_hero_pre	0	null	null	UNRESOLVED
ui_pve_weapon_hero_115_pre	ui_pve_weapon_hero_pre	0	null	null	UNRESOLVED
ui_pve_weapon_hero_116	ui_pve_weapon_hero	0	null	null	UNRESOLVED
ui_pve_weapon_hero_116_idle	ui_pve_weapon_hero_idle	0	null	null	UNRESOLVED
ui_pve_weapon_hero_117	ui_pve_weapon_hero	0	null	null	UNRESOLVED
ui_pve_weapon_hero_118_idle	ui_pve_weapon_hero_idle	0	null	null	UNRESOLVED
ui_pve_weapon_hero_118_pre	ui_pve_weapon_hero_pre	0	null	null	UNRESOLVED
ui_pve_weapon_hero_119	ui_pve_weapon_hero	0	null	null	UNRESOLVED
ui_pve_weapon_hero_119_idle	ui_pve_weapon_hero_idle	0	null	null	UNRESOLVED
ui_pve_weapon_hero_119_pre	ui_pve_weapon_hero_pre	0	null	null	UNRESOLVED
ui_pve_weapon_hero_120_idle	ui_pve_weapon_hero_idle	0	null	null	UNRESOLVED
ui_pve_weapon_hero_121	ui_pve_weapon_hero	0	null	null	UNRESOLVED
ui_pve_weapon_hero_121_idle	ui_pve_weapon_hero_idle	0	null	null	UNRESOLVED
ui_pve_weapon_hero_121_pre	ui_pve_weapon_hero_pre	0	null	null	UNRESOLVED
ui_pve_weapon_hero_122_pre	ui_pve_weapon_hero_pre	0	null	null	UNRESOLVED
ui_pve_weapon_hero_123_idle	ui_pve_weapon_hero_idle	0	null	null	UNRESOLVED
ui_pve_weapon_hero_123_pre	ui_pve_weapon_hero_pre	0	null	null	UNRESOLVED
ui_pve_weapon_hero_124	ui_pve_weapon_hero	0	null	null	UNRESOLVED
ui_pve_weapon_hero_124_pre	ui_pve_weapon_hero_pre	0	null	null	UNRESOLVED
ui_pve_weapon_hero_125_pre	ui_pve_weapon_hero_pre	0	null	null	UNRESOLVED
ui_pve_weapon_hero_126	ui_pve_weapon_hero	0	null	null	UNRESOLVED
ui_pve_weapon_hero_126_idle	ui_pve_weapon_hero_idle	0	null	null	UNRESOLVED
ui_pve_weapon_hero_127	ui_pve_weapon_hero	0	null	null	UNRESOLVED
ui_pve_weapon_hero_128_idle	ui_pve_weapon_hero_idle	0	null	null	UNRESOLVED
ui_pve_weapon_hero_128_pre	ui_pve_weapon_hero_pre	0	null	null	UNRESOLVED
ui_pve_weapon_hero_129	ui_pve_weapon_hero	0	null	null	UNRESOLVED
ui_pve_weapon_hero_129_idle	ui_pve_weapon_hero_idle	0	null	null	UNRESOLVED
ui_pve_weapon_hero_129_pre	ui_pve_weapon_hero_pre	0	null	null	UNRESOLVED
ui_pve_weapon_hero_130_idle	ui_pve_weapon_hero_idle	0	null	null	UNRESOLVED
ui_suit_show_102_idle	ui_character_suit_show	0	null	null	UNRESOLVED
ui_suit_show_103_idle	ui_character_suit_show	0	null	null	UNRESOLVED
ui_suit_show_105_idle	ui_character_suit_show	0	null	null	UNRESOLVED
ui_suit_show_107_idle	ui_character_suit_show	0	null	null	UNRESOLVED
ui_suit_show_108_idle	ui_character_suit_show	0	null	null	UNRESOLVED
ui_suit_show_110_idle	ui_character_suit_show	0	null	null	UNRESOLVED
ui_suit_show_112_idle	ui_character_suit_show	0	null	null	UNRESOLVED
ui_suit_show_113_idle	ui_character_suit_show	0	null	null	UNRESOLVED
ui_suit_show_115_idle	ui_character_suit_show	0	null	null	UNRESOLVED
ui_suit_show_117_idle	ui_character_suit_show	0	null	null	UNRESOLVED
ui_suit_show_118_idle	ui_character_suit_show	0	null	null	UNRESOLVED
ui_suit_show_120_idle	ui_character_suit_show	0	null	null	UNRESOLVED
ui_suit_show_122_idle	ui_character_suit_show	0	null	null	UNRESOLVED
ui_suit_show_123_idle	ui_character_suit_show	0	null	null	UNRESOLVED
ui_suit_show_125_idle	ui_character_suit_show	0	null	null	UNRESOLVED
ui_suit_show_127_idle	ui_character_suit_show	0	null	null	UNRESOLVED
ui_suit_show_128_idle	ui_character_suit_show	0	null	null	UNRESOLVED
ui_suit_show_130_idle	ui_character_suit_show	0	null	null	UNRESOLVED
ui_suit_show_132_idle	ui_character_suit_show	0	null	null	UNRESOLVED
ui_suit_show_133_idle	ui_character_suit_show	0	null	null	UNRESOLVED
ui_suit_show_135_idle	ui_character_suit_show	0	null	null	UNRESOLVED
ui_suit_show_137_idle	ui_character_suit_show	0	null	null	UNRESOLVED
ui_suit_show_138_idle	ui_character_suit_show	0	null	null	UNRESOLVED
ui_suit_show_140_idle	ui_character_suit_show	0	null	null	UNRESOLVED
ui_suit_show_142_idle	ui_character_suit_show	0	null	null	UNRESOLVED
ui_suit_show_143_idle	ui_character_suit_show	0	null	null	UNRESOLVED
ui_suit_show_145_idle	ui_character_suit_show	0	null	null	UNRESOLVED
ui_suit_show_147_idle	ui_character_suit_show	0	null	null	UNRESOLVED
ui_suit_show_148_idle	ui_character_suit_show	0	null	null	UNRESOLVED
ui_suit_show_150_idle	ui_character_suit_show	0	null	null	UNRESOLVED
ui_suit_show_152_idle	ui_character_suit_show	0	null	null	UNRESOLVED
ui_suit_show_153_idle	ui_character_suit_show	0	null	null	UNRESOLVED
ui_suit_show_155_idle	ui_character_suit_show	0	null	null	UNRESOLVED
ui_suit_show_157_idle	ui_character_suit_show	0	null	null	UNRESOLVED
ui_suit_show_158_idle	ui_character_suit_show	0	null	null	UNRESOLVED
ui_suit_show_160_idle	ui_character_suit_show	0	null	null	UNRESOLVED
ui_suit_show_162_idle	ui_character_suit_show	0	null	null	UNRESOLVED
ui_suit_show_163_idle	ui_character_suit_show	0	null	null	UNRESOLVED
ui_suit_show_165_idle	ui_character_suit_show	0	null	null	UNRESOLVED
ui_suit_show_167_idle	ui_character_suit_show	0	null	null	UNRESOLVED
ui_suit_show_168_idle	ui_character_suit_show	0	null	null	UNRESOLVED
ui_suit_show_170_idle	ui_character_suit_show	0	null	null	UNRESOLVED
ui_suit_show_172_idle	ui_character_suit_show	0	null	null	UNRESOLVED
ui_suit_show_173_idle	ui_character_suit_show	0	null	null	UNRESOLVED
ui_suit_show_175_idle	ui_character_suit_show	0	null	null	UNRESOLVED
ui_suit_show_177_idle	ui_character_suit_show	0	null	null	UNRESOLVED
ui_suit_show_178_idle	ui_character_suit_show	0	null	null	UNRESOLVED
ui_suit_show_180_idle	ui_character_suit_show	0	null	null	UNRESOLVED
ui_suit_show_182_idle	ui_character_suit_show	0	null	null	UNRESOLVED
ui_suit_show_183_idle	ui_character_suit_show	0	null	null	UNRESOLVED
ui_suit_show_185_idle	ui_character_suit_show	0	null	null	UNRESOLVED
ui_suit_show_187_idle	ui_character_suit_show	0	null	null	UNRESOLVED
ui_suit_show_188_idle	ui_character_suit_show	0	null	null	UNRESOLVED
ui_suit_show_190_idle	ui_character_suit_show	0	null	null	UNRESOLVED
ui_suit_show_192_idle	ui_character_suit_show	0	null	null	UNRESOLVED
ui_suit_show_193_idle	ui_character_suit_show	0	null	null	UNRESOLVED
ui_suit_show_195_idle	ui_character_suit_show	0	null	null	UNRESOLVED
ui_suit_show_197_idle	ui_character_suit_show	0	null	null	UNRESOLVED
ui_suit_show_198_idle	ui_character_suit_show	0	null	null	UNRESOLVED
ui_suit_show_201_idle	ui_character_suit_show	0	null	null	UNRESOLVED
ui_suit_show_202_idle	ui_character_suit_show	0	null	null	UNRESOLVED
ui_suit_show_203_idle	ui_character_suit_show	0	null	null	UNRESOLVED
ui_suit_show_204_idle	ui_character_suit_show	0	null	null	UNRESOLVED
ui_suit_show_206_idle	ui_character_suit_show	0	null	null	UNRESOLVED
ui_suit_show_207_idle	ui_character_suit_show	0	null	null	UNRESOLVED
ui_suit_show_208_idle	ui_character_suit_show	0	null	null	UNRESOLVED
ui_suit_show_209_idle	ui_character_suit_show	0	null	null	UNRESOLVED
ui_suit_show_211_idle	ui_character_suit_show	0	null	null	UNRESOLVED
ui_suit_show_212_idle	ui_character_suit_show	0	null	null	UNRESOLVED
ui_suit_show_213_idle	ui_character_suit_show	0	null	null	UNRESOLVED
ui_suit_show_214_idle	ui_character_suit_show	0	null	null	UNRESOLVED
ui_suit_show_216_idle	ui_character_suit_show	0	null	null	UNRESOLVED
ui_suit_show_217_idle	ui_character_suit_show	0	null	null	UNRESOLVED
ui_suit_show_218_idle	ui_character_suit_show	0	null	null	UNRESOLVED
ui_suit_show_219_idle	ui_character_suit_show	0	null	null	UNRESOLVED
ui_suit_show_221_idle	ui_character_suit_show	0	null	null	UNRESOLVED
ui_suit_show_222_idle	ui_character_suit_show	0	null	null	UNRESOLVED
ui_suit_show_223_idle	ui_character_suit_show	0	null	null	UNRESOLVED
ui_suit_show_224_idle	ui_character_suit_show	0	null	null	UNRESOLVED
ui_suit_show_226_idle	ui_character_suit_show	0	null	null	UNRESOLVED
ui_suit_show_227_idle	ui_character_suit_show	0	null	null	UNRESOLVED
ui_suit_show_228_idle	ui_character_suit_show	0	null	null	UNRESOLVED
ui_suit_show_229_idle	ui_character_suit_show	0	null	null	UNRESOLVED
ui_suit_show_231_idle	ui_character_suit_show	0	null	null	UNRESOLVED
ui_suit_show_232_idle	ui_character_suit_show	0	null	null	UNRESOLVED
ui_suit_show_233_idle	ui_character_suit_show	0	null	null	UNRESOLVED
ui_suit_show_234_idle	ui_character_suit_show	0	null	null	UNRESOLVED
ui_suit_show_236_idle	ui_character_suit_show	0	null	null	UNRESOLVED
ui_suit_show_237_idle	ui_character_suit_show	0	null	null	UNRESOLVED
ui_suit_show_238_idle	ui_character_suit_show	0	null	null	UNRESOLVED
ui_suit_show_239_idle	ui_character_suit_show	0	null	null	UNRESOLVED
ui_suit_show_241_idle	ui_character_suit_show	0	null	null	UNRESOLVED
ui_suit_show_242_idle	ui_character_suit_show	0	null	null	UNRESOLVED
ui_suit_show_243_idle	ui_character_suit_show	0	null	null	UNRESOLVED
ui_suit_show_244_idle	ui_character_suit_show	0	null	null	UNRESOLVED
ui_suit_show_246_idle	ui_character_suit_show	0	null	null	UNRESOLVED
ui_suit_show_247_idle	ui_character_suit_show	0	null	null	UNRESOLVED
ui_suit_show_248_idle	ui_character_suit_show	0	null	null	UNRESOLVED
ui_suit_show_249_idle	ui_character_suit_show	0	null	null	UNRESOLVED
ui_suit_show_251_idle	ui_character_suit_show	0	null	null	UNRESOLVED
ui_suit_show_252_idle	ui_character_suit_show	0	null	null	UNRESOLVED
ui_suit_show_253_idle	ui_character_suit_show	0	null	null	UNRESOLVED
ui_suit_show_254_idle	ui_character_suit_show	0	null	null	UNRESOLVED
ui_suit_show_256_idle	ui_character_suit_show	0	null	null	UNRESOLVED
ui_suit_show_257_idle	ui_character_suit_show	0	null	null	UNRESOLVED
ui_suit_show_258_idle	ui_character_suit_show	0	null	null	UNRESOLVED
ui_suit_show_259_idle	ui_character_suit_show	0	null	null	UNRESOLVED
ui_suit_show_261_idle	ui_character_suit_show	0	null	null	UNRESOLVED
ui_suit_show_262_idle	ui_character_suit_show	0	null	null	UNRESOLVED
ui_suit_show_263_idle	ui_character_suit_show	0	null	null	UNRESOLVED
ui_suit_show_264_idle	ui_character_suit_show	0	null	null	UNRESOLVED
ui_suit_show_266_idle	ui_character_suit_show	0	null	null	UNRESOLVED
ui_suit_show_267_idle	ui_character_suit_show	0	null	null	UNRESOLVED
ui_suit_show_268_idle	ui_character_suit_show	0	null	null	UNRESOLVED
ui_suit_show_269_idle	ui_character_suit_show	0	null	null	UNRESOLVED
ui_suit_show_271_idle	ui_character_suit_show	0	null	null	UNRESOLVED
ui_suit_show_272_idle	ui_character_suit_show	0	null	null	UNRESOLVED
ui_suit_show_273_idle	ui_character_suit_show	0	null	null	UNRESOLVED
ui_suit_show_274_idle	ui_character_suit_show	0	null	null	UNRESOLVED
ui_suit_show_276_idle	ui_character_suit_show	0	null	null	UNRESOLVED
ui_suit_show_277_idle	ui_character_suit_show	0	null	null	UNRESOLVED
ui_suit_show_278_idle	ui_character_suit_show	0	null	null	UNRESOLVED
ui_suit_show_279_idle	ui_character_suit_show	0	null	null	UNRESOLVED
ui_suit_show_281_idle	ui_character_suit_show	0	null	null	UNRESOLVED
ui_suit_show_282_idle	ui_character_suit_show	0	null	null	UNRESOLVED
ui_suit_show_283_idle	ui_character_suit_show	0	null	null	UNRESOLVED
ui_suit_show_284_idle	ui_character_suit_show	0	null	null	UNRESOLVED
ui_suit_show_286_idle	ui_character_suit_show	0	null	null	UNRESOLVED
ui_suit_show_287_idle	ui_character_suit_show	0	null	null	UNRESOLVED
ui_suit_show_288_idle	ui_character_suit_show	0	null	null	UNRESOLVED
ui_suit_show_289_idle	ui_character_suit_show	0	null	null	UNRESOLVED
ui_suit_show_291_idle	ui_character_suit_show	0	null	null	UNRESOLVED
ui_suit_show_292_idle	ui_character_suit_show	0	null	null	UNRESOLVED
ui_suit_show_293_idle	ui_character_suit_show	0	null	null	UNRESOLVED
ui_suit_show_294_idle	ui_character_suit_show	0	null	null	UNRESOLVED
ui_suit_show_296_idle	ui_character_suit_show	0	null	null	UNRESOLVED
ui_suit_show_297_idle	ui_character_suit_show	0	null	null	UNRESOLVED
ui_suit_show_298_idle	ui_character_suit_show	0	null	null	UNRESOLVED
ui_suit_show_299_idle	ui_character_suit_show	0	null	null	UNRESOLVED
ui_suit_show_300_idle	ui_character_suit_show	0	null	null	UNRESOLVED
ui_switch_hero_102_idle	ui_character_hero_switch_idle	0	null	null	UNRESOLVED
ui_switch_hero_103_idle	ui_character_hero_switch_idle	0	null	null	UNRESOLVED
ui_switch_hero_105	ui_character_hero_switch	0	null	null	UNRESOLVED
ui_switch_hero_105_idle	ui_character_hero_switch_idle	0	null	null	UNRESOLVED
ui_switch_hero_106	ui_character_hero_switch	0	null	null	UNRESOLVED
ui_switch_hero_107	ui_character_hero_switch	0	null	null	UNRESOLVED
ui_switch_hero_107_idle	ui_character_hero_switch_idle	0	null	null	UNRESOLVED
ui_switch_hero_108	ui_character_hero_switch	0	null	null	UNRESOLVED
ui_switch_hero_108_idle	ui_character_hero_switch_idle	0	null	null	UNRESOLVED
ui_switch_hero_110	ui_character_hero_switch	0	null	null	UNRESOLVED
ui_switch_hero_110_idle	ui_character_hero_switch_idle	0	null	null	UNRESOLVED
ui_switch_hero_112_idle	ui_character_hero_switch_idle	0	null	null	UNRESOLVED
ui_switch_hero_113_idle	ui_character_hero_switch_idle	0	null	null	UNRESOLVED
ui_switch_hero_115	ui_character_hero_switch	0	null	null	UNRESOLVED
ui_switch_hero_115_idle	ui_character_hero_switch_idle	0	null	null	UNRESOLVED
ui_switch_hero_116	ui_character_hero_switch	0	null	null	UNRESOLVED
ui_switch_hero_117	ui_character_hero_switch	0	null	null	UNRESOLVED
ui_switch_hero_117_idle	ui_character_hero_switch_idle	0	null	null	UNRESOLVED
ui_switch_hero_118	ui_character_hero_switch	0	null	null	UNRESOLVED
ui_switch_hero_118_idle	ui_character_hero_switch_idle	0	null	null	UNRESOLVED
ui_switch_hero_120	ui_character_hero_switch	0	null	null	UNRESOLVED
ui_switch_hero_120_idle	ui_character_hero_switch_idle	0	null	null	UNRESOLVED
ui_switch_hero_122_idle	ui_character_hero_switch_idle	0	null	null	UNRESOLVED
ui_switch_hero_123_idle	ui_character_hero_switch_idle	0	null	null	UNRESOLVED
ui_switch_hero_125	ui_character_hero_switch	0	null	null	UNRESOLVED
ui_switch_hero_125_idle	ui_character_hero_switch_idle	0	null	null	UNRESOLVED
ui_switch_hero_126	ui_character_hero_switch	0	null	null	UNRESOLVED
ui_switch_hero_127	ui_character_hero_switch	0	null	null	UNRESOLVED
ui_switch_hero_127_idle	ui_character_hero_switch_idle	0	null	null	UNRESOLVED
ui_switch_hero_128	ui_character_hero_switch	0	null	null	UNRESOLVED
ui_switch_hero_128_idle	ui_character_hero_switch_idle	0	null	null	UNRESOLVED
ui_switch_hero_130	ui_character_hero_switch	0	null	null	UNRESOLVED
ui_switch_hero_130_idle	ui_character_hero_switch_idle	0	null	null	UNRESOLVED
ui_sync_emote_100_loop	ui_character_emote	0	null	null	UNRESOLVED
ui_sync_emote_100_pre	ui_character_emote	0	null	null	UNRESOLVED
ui_sync_emote_101_loop	ui_character_emote	0	null	null	UNRESOLVED
ui_sync_emote_101_pre	ui_character_emote	0	null	null	UNRESOLVED
ui_sync_emote_102_loop	ui_character_emote	0	null	null	UNRESOLVED
ui_sync_emote_102_pre	ui_character_emote	0	null	null	UNRESOLVED
ui_sync_emote_103_loop	ui_character_emote	0	null	null	UNRESOLVED
ui_sync_emote_103_pre	ui_character_emote	0	null	null	UNRESOLVED
ui_sync_emote_104_loop	ui_character_emote	0	null	null	UNRESOLVED
ui_sync_emote_104_pre	ui_character_emote	0	null	null	UNRESOLVED
ui_sync_emote_105_loop	ui_character_emote	0	null	null	UNRESOLVED
ui_sync_emote_105_pre	ui_character_emote	0	null	null	UNRESOLVED
ui_sync_emote_106_loop	ui_character_emote	0	null	null	UNRESOLVED
ui_sync_emote_106_pre	ui_character_emote	0	null	null	UNRESOLVED
ui_sync_emote_107_loop	ui_character_emote	0	null	null	UNRESOLVED
ui_sync_emote_107_pre	ui_character_emote	0	null	null	UNRESOLVED
ui_sync_emote_108_loop	ui_character_emote	0	null	null	UNRESOLVED
ui_sync_emote_108_pre	ui_character_emote	0	null	null	UNRESOLVED
ui_sync_emote_109_loop	ui_character_emote	0	null	null	UNRESOLVED
ui_sync_emote_109_pre	ui_character_emote	0	null	null	UNRESOLVED
ui_sync_emote_110_recover	ui_character_emote	0	null	null	UNRESOLVED
ui_sync_emote_111_recover	ui_character_emote	0	null	null	UNRESOLVED
ui_sync_emote_112_recover	ui_character_emote	0	null	null	UNRESOLVED
ui_sync_emote_113_recover	ui_character_emote	0	null	null	UNRESOLVED
ui_sync_emote_114_recover	ui_character_emote	0	null	null	UNRESOLVED
ui_sync_emote_115_recover	ui_character_emote	0	null	null	UNRESOLVED
ui_sync_emote_116_recover	ui_character_emote	0	null	null	UNRESOLVED
ui_sync_emote_117_recover	ui_character_emote	0	null	null	UNRESOLVED
ui_sync_emote_118_recover	ui_character_emote	0	null	null	UNRESOLVED
ui_sync_emote_119_recover	ui_character_emote	0	null	null	UNRESOLVED
ui_sync_emote_120_loop	ui_character_emote	0	null	null	UNRESOLVED
ui_sync_emote_120_once	ui_character_emote	0	null	null	UNRESOLVED
ui_sync_emote_120_pre	ui_character_emote	0	null	null	UNRESOLVED
ui_sync_emote_120_recover	ui_character_emote	0	null	null	UNRESOLVED
ui_sync_emote_121_loop	ui_character_emote	0	null	null	UNRESOLVED
ui_sync_emote_121_once	ui_character_emote	0	null	null	UNRESOLVED
ui_sync_emote_121_pre	ui_character_emote	0	null	null	UNRESOLVED
ui_sync_emote_121_recover	ui_character_emote	0	null	null	UNRESOLVED
ui_sync_emote_122_loop	ui_character_emote	0	null	null	UNRESOLVED
ui_sync_emote_122_once	ui_character_emote	0	null	null	UNRESOLVED
ui_sync_emote_122_pre	ui_character_emote	0	null	null	UNRESOLVED
ui_sync_emote_122_recover	ui_character_emote	0	null	null	UNRESOLVED
ui_sync_emote_123_loop	ui_character_emote	0	null	null	UNRESOLVED
ui_sync_emote_123_once	ui_character_emote	0	null	null	UNRESOLVED
ui_sync_emote_123_pre	ui_character_emote	0	null	null	UNRESOLVED
ui_sync_emote_123_recover	ui_character_emote	0	null	null	UNRESOLVED
ui_sync_emote_124_loop	ui_character_emote	0	null	null	UNRESOLVED
ui_sync_emote_124_once	ui_character_emote	0	null	null	UNRESOLVED
ui_sync_emote_124_pre	ui_character_emote	0	null	null	UNRESOLVED
ui_sync_emote_124_recover	ui_character_emote	0	null	null	UNRESOLVED
ui_sync_emote_125_loop	ui_character_emote	0	null	null	UNRESOLVED
ui_sync_emote_125_once	ui_character_emote	0	null	null	UNRESOLVED
ui_sync_emote_125_pre	ui_character_emote	0	null	null	UNRESOLVED
ui_sync_emote_125_recover	ui_character_emote	0	null	null	UNRESOLVED
ui_sync_emote_126_loop	ui_character_emote	0	null	null	UNRESOLVED
ui_sync_emote_126_once	ui_character_emote	0	null	null	UNRESOLVED
ui_sync_emote_126_pre	ui_character_emote	0	null	null	UNRESOLVED
ui_sync_emote_126_recover	ui_character_emote	0	null	null	UNRESOLVED
ui_sync_emote_127_loop	ui_character_emote	0	null	null	UNRESOLVED
ui_sync_emote_127_once	ui_character_emote	0	null	null	UNRESOLVED
ui_sync_emote_127_pre	ui_character_emote	0	null	null	UNRESOLVED
ui_sync_emote_127_recover	ui_character_emote	0	null	null	UNRESOLVED
ui_sync_emote_128_loop	ui_character_emote	0	null	null	UNRESOLVED
ui_sync_emote_128_once	ui_character_emote	0	null	null	UNRESOLVED
ui_sync_emote_128_pre	ui_character_emote	0	null	null	UNRESOLVED
ui_sync_emote_128_recover	ui_character_emote	0	null	null	UNRESOLVED
ui_sync_emote_129_loop	ui_character_emote	0	null	null	UNRESOLVED
ui_sync_emote_129_once	ui_character_emote	0	null	null	UNRESOLVED
ui_sync_emote_129_pre	ui_character_emote	0	null	null	UNRESOLVED
ui_sync_emote_129_recover	ui_character_emote	0	null	null	UNRESOLVED
ui_sync_emote_130_recover	ui_character_emote	0	null	null	UNRESOLVED
ui_sync_emote_131_recover	ui_character_emote	0	null	null	UNRESOLVED
ui_sync_emote_132_recover	ui_character_emote	0	null	null	UNRESOLVED
ui_sync_emote_133_recover	ui_character_emote	0	null	null	UNRESOLVED
ui_sync_emote_134_recover	ui_character_emote	0	null	null	UNRESOLVED
ui_sync_emote_135_recover	ui_character_emote	0	null	null	UNRESOLVED
ui_sync_emote_136_recover	ui_character_emote	0	null	null	UNRESOLVED
ui_sync_emote_137_recover	ui_character_emote	0	null	null	UNRESOLVED
ui_sync_emote_138_recover	ui_character_emote	0	null	null	UNRESOLVED
ui_sync_emote_139_recover	ui_character_emote	0	null	null	UNRESOLVED
ui_sync_emote_140_loop	ui_character_emote	0	null	null	UNRESOLVED
ui_sync_emote_140_pre	ui_character_emote	0	null	null	UNRESOLVED
ui_sync_emote_140_recover	ui_character_emote	0	null	null	UNRESOLVED
ui_sync_emote_141_loop	ui_character_emote	0	null	null	UNRESOLVED
ui_sync_emote_141_pre	ui_character_emote	0	null	null	UNRESOLVED
ui_sync_emote_141_recover	ui_character_emote	0	null	null	UNRESOLVED
ui_sync_emote_142_loop	ui_character_emote	0	null	null	UNRESOLVED
ui_sync_emote_142_pre	ui_character_emote	0	null	null	UNRESOLVED
ui_sync_emote_142_recover	ui_character_emote	0	null	null	UNRESOLVED
ui_sync_emote_143_loop	ui_character_emote	0	null	null	UNRESOLVED
ui_sync_emote_143_pre	ui_character_emote	0	null	null	UNRESOLVED
ui_sync_emote_143_recover	ui_character_emote	0	null	null	UNRESOLVED
ui_sync_emote_144_loop	ui_character_emote	0	null	null	UNRESOLVED
ui_sync_emote_144_pre	ui_character_emote	0	null	null	UNRESOLVED
ui_sync_emote_144_recover	ui_character_emote	0	null	null	UNRESOLVED
ui_sync_emote_145_loop	ui_character_emote	0	null	null	UNRESOLVED
ui_sync_emote_145_pre	ui_character_emote	0	null	null	UNRESOLVED
ui_sync_emote_145_recover	ui_character_emote	0	null	null	UNRESOLVED
ui_sync_emote_146_loop	ui_character_emote	0	null	null	UNRESOLVED
ui_sync_emote_146_pre	ui_character_emote	0	null	null	UNRESOLVED
ui_sync_emote_146_recover	ui_character_emote	0	null	null	UNRESOLVED
ui_sync_emote_147_loop	ui_character_emote	0	null	null	UNRESOLVED
ui_sync_emote_147_pre	ui_character_emote	0	null	null	UNRESOLVED
ui_sync_emote_147_recover	ui_character_emote	0	null	null	UNRESOLVED
ui_sync_emote_148_loop	ui_character_emote	0	null	null	UNRESOLVED
ui_sync_emote_148_pre	ui_character_emote	0	null	null	UNRESOLVED
ui_sync_emote_148_recover	ui_character_emote	0	null	null	UNRESOLVED
ui_sync_emote_149_loop	ui_character_emote	0	null	null	UNRESOLVED
ui_sync_emote_149_pre	ui_character_emote	0	null	null	UNRESOLVED
ui_sync_emote_149_recover	ui_character_emote	0	null	null	UNRESOLVED
ui_use_hero_101	ui_character_hero_use	0	null	null	UNRESOLVED
ui_use_hero_101_idle	ui_character_hero_use_idle	0	null	null	UNRESOLVED
ui_use_hero_102	ui_character_hero_use	0	null	null	UNRESOLVED
ui_use_hero_102_idle	ui_character_hero_use_idle	0	null	null	UNRESOLVED
ui_use_hero_103	ui_character_hero_use	0	null	null	UNRESOLVED
ui_use_hero_103_idle	ui_character_hero_use_idle	0	null	null	UNRESOLVED
ui_use_hero_104	ui_character_hero_use	0	null	null	UNRESOLVED
ui_use_hero_104_idle	ui_character_hero_use_idle	0	null	null	UNRESOLVED
ui_use_hero_105	ui_character_hero_use	0	null	null	UNRESOLVED
ui_use_hero_105_idle	ui_character_hero_use_idle	0	null	null	UNRESOLVED
ui_use_hero_106	ui_character_hero_use	0	null	null	UNRESOLVED
ui_use_hero_106_idle	ui_character_hero_use_idle	0	null	null	UNRESOLVED
ui_use_hero_107	ui_character_hero_use	0	null	null	UNRESOLVED
ui_use_hero_107_idle	ui_character_hero_use_idle	0	null	null	UNRESOLVED
ui_use_hero_108	ui_character_hero_use	0	null	null	UNRESOLVED
ui_use_hero_108_idle	ui_character_hero_use_idle	0	null	null	UNRESOLVED
ui_use_hero_109	ui_character_hero_use	0	null	null	UNRESOLVED
ui_use_hero_109_idle	ui_character_hero_use_idle	0	null	null	UNRESOLVED
ui_use_hero_130_idle	ui_character_hero_use_idle	0	null	null	UNRESOLVED
ui_weapon_showoff_101_idle	ui_weapon_show_off_idle	0	null	null	UNRESOLVED
ui_weapon_showoff_102_idle	ui_weapon_show_off_idle	0	null	null	UNRESOLVED
ui_weapon_showoff_103_idle	ui_weapon_show_off_idle	0	null	null	UNRESOLVED
ui_weapon_showoff_104_idle	ui_weapon_show_off_idle	0	null	null	UNRESOLVED
ui_weapon_showoff_105_idle	ui_weapon_show_off_idle	0	null	null	UNRESOLVED
ui_weapon_showoff_106_idle	ui_weapon_show_off_idle	0	null	null	UNRESOLVED
ui_weapon_showoff_107_idle	ui_weapon_show_off_idle	0	null	null	UNRESOLVED
ui_weapon_showoff_108_idle	ui_weapon_show_off_idle	0	null	null	UNRESOLVED
ui_weapon_showoff_109_idle	ui_weapon_show_off_idle	0	null	null	UNRESOLVED
ui_weapon_showoff_110_pre	ui_weapon_show_off_pre	0	null	null	UNRESOLVED
ui_weapon_showoff_111_pre	ui_weapon_show_off_pre	0	null	null	UNRESOLVED
ui_weapon_showoff_112_pre	ui_weapon_show_off_pre	0	null	null	UNRESOLVED
ui_weapon_showoff_113_pre	ui_weapon_show_off_pre	0	null	null	UNRESOLVED
ui_weapon_showoff_114_pre	ui_weapon_show_off_pre	0	null	null	UNRESOLVED
ui_weapon_showoff_115_pre	ui_weapon_show_off_pre	0	null	null	UNRESOLVED
ui_weapon_showoff_116_pre	ui_weapon_show_off_pre	0	null	null	UNRESOLVED
ui_weapon_showoff_117_pre	ui_weapon_show_off_pre	0	null	null	UNRESOLVED
ui_weapon_showoff_118_pre	ui_weapon_show_off_pre	0	null	null	UNRESOLVED
ui_weapon_showoff_119_pre	ui_weapon_show_off_pre	0	null	null	UNRESOLVED
ui_weapon_showoff_120	ui_weapon_show_off	0	null	null	UNRESOLVED
ui_weapon_showoff_120_idle	ui_weapon_show_off_idle	0	null	null	UNRESOLVED
ui_weapon_showoff_121	ui_weapon_show_off	0	null	null	UNRESOLVED
ui_weapon_showoff_121_idle	ui_weapon_show_off_idle	0	null	null	UNRESOLVED
ui_weapon_showoff_122	ui_weapon_show_off	0	null	null	UNRESOLVED
ui_weapon_showoff_122_idle	ui_weapon_show_off_idle	0	null	null	UNRESOLVED
ui_weapon_showoff_123	ui_weapon_show_off	0	null	null	UNRESOLVED
ui_weapon_showoff_123_idle	ui_weapon_show_off_idle	0	null	null	UNRESOLVED
ui_weapon_showoff_124	ui_weapon_show_off	0	null	null	UNRESOLVED
ui_weapon_showoff_124_idle	ui_weapon_show_off_idle	0	null	null	UNRESOLVED
ui_weapon_showoff_125	ui_weapon_show_off	0	null	null	UNRESOLVED
ui_weapon_showoff_125_idle	ui_weapon_show_off_idle	0	null	null	UNRESOLVED
ui_weapon_showoff_126	ui_weapon_show_off	0	null	null	UNRESOLVED
ui_weapon_showoff_126_idle	ui_weapon_show_off_idle	0	null	null	UNRESOLVED
ui_weapon_showoff_127	ui_weapon_show_off	0	null	null	UNRESOLVED
ui_weapon_showoff_127_idle	ui_weapon_show_off_idle	0	null	null	UNRESOLVED
ui_weapon_showoff_128	ui_weapon_show_off	0	null	null	UNRESOLVED
ui_weapon_showoff_128_idle	ui_weapon_show_off_idle	0	null	null	UNRESOLVED
ui_weapon_showoff_129	ui_weapon_show_off	0	null	null	UNRESOLVED
ui_weapon_showoff_129_idle	ui_weapon_show_off_idle	0	null	null	UNRESOLVED
ui_weapon_showoff_130_pre	ui_weapon_show_off_pre	0	null	null	UNRESOLVED
ui_weapon_showoff_131_pre	ui_weapon_show_off_pre	0	null	null	UNRESOLVED
ui_weapon_showoff_132_pre	ui_weapon_show_off_pre	0	null	null	UNRESOLVED
ui_weapon_showoff_133_pre	ui_weapon_show_off_pre	0	null	null	UNRESOLVED
ui_weapon_showoff_134_pre	ui_weapon_show_off_pre	0	null	null	UNRESOLVED
ui_weapon_showoff_135_pre	ui_weapon_show_off_pre	0	null	null	UNRESOLVED
ui_weapon_showoff_136_pre	ui_weapon_show_off_pre	0	null	null	UNRESOLVED
ui_weapon_showoff_137_pre	ui_weapon_show_off_pre	0	null	null	UNRESOLVED
ui_weapon_showoff_138_pre	ui_weapon_show_off_pre	0	null	null	UNRESOLVED
ui_weapon_showoff_139_pre	ui_weapon_show_off_pre	0	null	null	UNRESOLVED
ui_weapon_showoff_140	ui_weapon_show_off	0	null	null	UNRESOLVED
ui_weapon_showoff_141	ui_weapon_show_off	0	null	null	UNRESOLVED
ui_weapon_showoff_142	ui_weapon_show_off	0	null	null	UNRESOLVED
ui_weapon_showoff_143	ui_weapon_show_off	0	null	null	UNRESOLVED
ui_weapon_showoff_144	ui_weapon_show_off	0	null	null	UNRESOLVED
ui_weapon_showoff_145	ui_weapon_show_off	0	null	null	UNRESOLVED
ui_weapon_showoff_146	ui_weapon_show_off	0	null	null	UNRESOLVED
ui_weapon_showoff_147	ui_weapon_show_off	0	null	null	UNRESOLVED
ui_weapon_showoff_148	ui_weapon_show_off	0	null	null	UNRESOLVED
ui_weapon_showoff_149	ui_weapon_show_off	0	null	null	UNRESOLVED
ui_weapon_showoff_150	ui_weapon_show_off	0	null	null	UNRESOLVED
ui_weapon_showoff_150_idle	ui_weapon_show_off_idle	0	null	null	UNRESOLVED
ui_weapon_showoff_150_pre	ui_weapon_show_off_pre	0	null	null	UNRESOLVED
upper_body_null	dinner_upper_body_null	7	null	null	UNRESOLVED
weapon_attack_101	dinner_attack	0	null	null	UNRESOLVED
weapon_attack_101_charge	dinner_attack_charge	0	null	null	UNRESOLVED
weapon_attack_101_charge_hold	dinner_attack_charge_hold	0	null	null	UNRESOLVED
weapon_attack_102	dinner_attack	0	null	null	UNRESOLVED
weapon_attack_102_charge	dinner_attack_charge	0	null	null	UNRESOLVED
weapon_attack_102_charge_hold	dinner_attack_charge_hold	0	null	null	UNRESOLVED
weapon_attack_103	dinner_attack	0	null	null	UNRESOLVED
weapon_attack_103_charge	dinner_attack_charge	0	null	null	UNRESOLVED
weapon_attack_104	dinner_attack	0	null	null	UNRESOLVED
weapon_attack_104_charge	dinner_attack_charge	0	null	null	UNRESOLVED
weapon_attack_104_charge_hold	dinner_attack_charge_hold	0	null	null	UNRESOLVED
weapon_attack_105	dinner_attack	0	null	null	UNRESOLVED
weapon_attack_105_charge	dinner_attack_charge	0	null	null	UNRESOLVED
weapon_attack_105_charge_hold	dinner_attack_charge_hold	0	null	null	UNRESOLVED
weapon_attack_106	dinner_attack	0	null	null	UNRESOLVED
weapon_attack_106_charge	dinner_attack_charge	0	null	null	UNRESOLVED
weapon_attack_107	dinner_attack	0	null	null	UNRESOLVED
weapon_attack_107_charge	dinner_attack_charge	0	null	null	UNRESOLVED
weapon_attack_108	dinner_attack	0	null	null	UNRESOLVED
weapon_attack_108_charge	dinner_attack_charge	0	null	null	UNRESOLVED
weapon_attack_109	dinner_attack	0	null	null	UNRESOLVED
weapon_attack_109_charge	dinner_attack_charge	0	null	null	UNRESOLVED
weapon_presentation_appear	weapon_presentation_appear	0	null	null	UNRESOLVED
weapon_presentation_appear_pre_auto	weapon_presentation_appear_pre_auto	0	null	null	UNRESOLVED
weaponsniper_attack_01	weapon_sniper_attack	0	null	null	UNRESOLVED
weaponsniper_attack_01_pre	weapon_sniper_attack	0	null	null	UNRESOLVED
weaponsniper_attack_01_recover	weapon_sniper_attack	0	null	null	UNRESOLVED
weaponsniper_born_01	weapon_sniper_born	0	null	null	UNRESOLVED
weaponsniper_cutscene_02	weapon_sniper_cutscene	2	null	null	UNRESOLVED
weaponsniper_cutscene_03	weapon_sniper_cutscene	2	null	null	UNRESOLVED
weaponsniper_cutscene_05	weapon_sniper_cutscene	2	null	null	UNRESOLVED
weaponsniper_cutscene_08	weapon_sniper_cutscene	2	null	null	UNRESOLVED
weaponsniper_cutscene_10	weapon_sniper_cutscene	2	null	null	UNRESOLVED
weaponsniper_cutscene_12	weapon_sniper_cutscene	2	null	null	UNRESOLVED
weaponsniper_cutscene_13	weapon_sniper_cutscene	2	null	null	UNRESOLVED
weaponsniper_cutscene_15	weapon_sniper_cutscene	2	null	null	UNRESOLVED
weaponsniper_cutscene_18	weapon_sniper_cutscene	2	null	null	UNRESOLVED
weaponsniper_reload_01	weapon_sniper_reload	0	null	null	UNRESOLVED
well_close_01	well_close_01	0	null	null	UNRESOLVED
well_idle_01	well_idle_01	0	null	null	UNRESOLVED
well_incd_01	well_incd_01	0	null	null	UNRESOLVED
well_interact_01	well_interact_01	0	null	null	UNRESOLVED
well_normal_03	well_normal	0	null	null	UNRESOLVED
